{"data":[{"text":"BTS Performed at United Nations Hall !! \n\nwhatttt @BTS_twt proud army here!! \n\nbut my reality still hitting me tho \uD83D\uDE05\n\n#backtowork \uD83E\uDD26\uD83C\uDFFB‍♀️\n\n#UNGA  #BTSatUNGA #YouthToday","lang":"en","author_id":"105729549","source":"Twitter for iPhone","possibly_sensitive":false,"created_at":"2021-09-20T13:00:12.000Z","id":"1439937438722392065"},{"text":"RT @thetoolshedd: @pacsfootball1 beat Wesleyan 35-10.@PhiloAaron was 22-of-36 passing for 349 yards and four touchdowns.@BaileyStockton_ (7…","lang":"en","author_id":"2610330932","source":"Twitter Web App","possibly_sensitive":false,"referenced_tweets":[{"type":"retweeted","id":"1439922710725992449"}],"created_at":"2021-09-20T12:57:06.000Z","id":"1439936656434507776"},{"text":"RT @ilapothecary: Are you eyes tired from long days spent in front of a screen? \n\nCheck out our Hyaluronic Eye Serum https://t.co/phNWyq2bw…","lang":"en","author_id":"56350935","source":"Twitter for iPhone","possibly_sensitive":false,"referenced_tweets":[{"type":"retweeted","id":"1439635602366926850"}],"created_at":"2021-09-20T12:53:29.000Z","id":"1439935745213538309"},{"text":"Girls played hard this weekend and did a lot of great things. We Won 5 games in a row, then accidentally let one slip away (4-5) to the Runner-Up of the event. This @08Indiana team is fun to be around &amp; there’s lots of Sunday runs in our future!\n#BackToWork #SoWhatNowWhat","lang":"en","author_id":"1430979742157656071","source":"Twitter for iPhone","possibly_sensitive":false,"created_at":"2021-09-20T12:39:07.000Z","id":"1439932131858337794"},{"text":"https://t.co/yFx2Pbam7B\n\n#aviation #podcast #flying #pilot #avgeek #jacketpotato #bugs #bughotel #airplane #airplanelovers #airliners #backtowork #travel https://t.co/ZqN6uHMUU8","lang":"und","author_id":"1296914762392047618","in_reply_to_user_id":"1296914762392047618","source":"Twitter Web App","possibly_sensitive":false,"referenced_tweets":[{"type":"replied_to","id":"1439930586513219586"}],"created_at":"2021-09-20T12:32:59.000Z","id":"1439930589906354178"},{"text":"Jobs fill your pocket, but adventures fill your soul \uD83C\uDF24\uD83C\uDFD6\uD83C\uDFA1\uD83D\uDEF3\uD83D\uDEEB. \n\n#HappyMonday #BackToWork #VacationIsOver #VirgoSZN #BackToReality #Travel #TwitchAffiliate #Streamer","lang":"en","author_id":"1410267564974956553","source":"Twitter for iPhone","possibly_sensitive":false,"created_at":"2021-09-20T12:23:19.000Z","id":"1439928156799082501"},{"text":"Guess who's back, back again? Shady's back, tell a friend! \n#backtowork #ktp @ulsteruni @UlsterResImpact \uD83D\uDD19\uD83D\uDCBC\uD83D\uDCD1\uD83D\uDCCC\uD83D\uDD87️\uD83D\uDDC3️\uD83D\uDDD1️ https://t.co/N9WBggCZmP","lang":"en","author_id":"15631504","source":"Twitter for Android","possibly_sensitive":false,"geo":{"place_id":"07d9c9798d881003"},"created_at":"2021-09-20T12:10:10.000Z","id":"1439924847031816192"},{"text":"RT @thetoolshedd: @pacsfootball1 beat Wesleyan 35-10.@PhiloAaron was 22-of-36 passing for 349 yards and four touchdowns.@BaileyStockton_ (7…","lang":"en","author_id":"1271948179366449152","source":"Twitter for iPhone","possibly_sensitive":false,"referenced_tweets":[{"type":"retweeted","id":"1439922710725992449"}],"created_at":"2021-09-20T12:04:14.000Z","id":"1439923354513850373"},{"text":"@pacsfootball1 beat Wesleyan 35-10.@PhiloAaron was 22-of-36 passing for 349 yards and four touchdowns.@BaileyStockton_ (7-126) and @Christian_E_4 (5-112).@HowardUriah had six tackles for loss. Will Elrod with a pick 6. Next: Oct. 1 vs. Hebron Christian #backtowork #lGlo #tGbtg","lang":"en","author_id":"533353832","in_reply_to_user_id":"818829319967567872","source":"Twitter for iPhone","possibly_sensitive":false,"created_at":"2021-09-20T12:01:41.000Z","id":"1439922710725992449"},{"text":"Today's mood: We're ready to conquer the world! \uD83C\uDF0D #BacktoWork #AW21 https://t.co/0LXGKJbv9a","lang":"en","author_id":"1027496039874551808","source":"Hootsuite Inc.","possibly_sensitive":false,"created_at":"2021-09-20T12:01:23.000Z","id":"1439922633886375937"},{"text":"After so much time working from our own homes, it’s time to finally return to the office.\nWe welcome back all wTVisioners with free donuts \uD83C\uDF69\nThere’s no better way to start #InternationalWeekOfHappinessAtWork.\n\n#HappinessAtWork #WelcomeBackToWork #BackToWork #wTVision https://t.co/nBBME3LDfD","lang":"en","author_id":"56440707","source":"Twitter Web App","possibly_sensitive":false,"created_at":"2021-09-20T11:55:45.000Z","id":"1439921218891788291"},{"text":"RT @WorkingMums: Get an insight into the future of returner programmes!\n\nReserve a copy of the Returner initiatives: Getting people back to…","lang":"en","author_id":"29720750","source":"Twitter Web App","possibly_sensitive":false,"referenced_tweets":[{"type":"retweeted","id":"1438458250547040260"}],"created_at":"2021-09-20T11:55:34.000Z","id":"1439921171500306442"},{"text":"RT @MTKGlobal: Monday Motivation \uD83E\uDD4A\n\n#MotivationMonday #MondayMotivation #Boxing #MuhammadAli #AliQuotes #InspirationalQuotes #BoxingQuotes…","lang":"en","author_id":"1207702248840744960","source":"Motivational Bots","possibly_sensitive":false,"referenced_tweets":[{"type":"retweeted","id":"1439907229604454401"}],"created_at":"2021-09-20T11:40:09.000Z","id":"1439917291211218947"},{"text":"RT @MTKGlobal: Monday Motivation \uD83E\uDD4A\n\n#MotivationMonday #MondayMotivation #Boxing #MuhammadAli #AliQuotes #InspirationalQuotes #BoxingQuotes…","lang":"en","author_id":"868098331989467137","source":"Twitter for iPhone","possibly_sensitive":false,"referenced_tweets":[{"type":"retweeted","id":"1439907229604454401"}],"created_at":"2021-09-20T11:39:54.000Z","id":"1439917230926540800"},{"text":"RT @MTKGlobal: Monday Motivation \uD83E\uDD4A\n\n#MotivationMonday #MondayMotivation #Boxing #MuhammadAli #AliQuotes #InspirationalQuotes #BoxingQuotes…","lang":"en","author_id":"729295902","source":"Twitter for Android","possibly_sensitive":false,"referenced_tweets":[{"type":"retweeted","id":"1439907229604454401"}],"created_at":"2021-09-20T11:34:36.000Z","id":"1439915895518900224"},{"text":"How PR is getting ‘back to work’ this September: https://t.co/U6Pjn9PpRu #BackToWork #PR #PublicRelations #work https://t.co/rQWJbEFGcE","lang":"en","author_id":"41557732","source":"Buffer","possibly_sensitive":false,"created_at":"2021-09-20T11:29:03.000Z","id":"1439914496886284294"},{"text":"RT @MTKGlobal: Monday Motivation \uD83E\uDD4A\n\n#MotivationMonday #MondayMotivation #Boxing #MuhammadAli #AliQuotes #InspirationalQuotes #BoxingQuotes…","lang":"en","author_id":"949458664913625089","source":"Twitter for Android","possibly_sensitive":false,"referenced_tweets":[{"type":"retweeted","id":"1439907229604454401"}],"created_at":"2021-09-20T11:27:51.000Z","id":"1439914196372795394"},{"text":"Quand faut y aller... \n#backtowork https://t.co/rRW0UkHlp6","lang":"fr","author_id":"1257983513405595648","source":"Twitter for Android","possibly_sensitive":false,"created_at":"2021-09-20T11:25:59.000Z","id":"1439913727197843459"},{"text":"Monday Vibes! Up to my neck in work already but with a smile \uD83D\uDE0A \n#monday #mondayvibes #mondaymotivation #autumn #fullmoon #lastdaysofsummer #raredavesighting #ars #aurelia #michigan #beachvibes #backtowork https://t.co/UoNNvISlk5","lang":"en","author_id":"430368418","source":"Instagram","possibly_sensitive":false,"created_at":"2021-09-20T11:14:30.000Z","id":"1439910836236083201"},{"text":"Alright Monday, let's get this week going!!\n\n#wolffallergy #mondaymotivation #backtowork #blackfemalephysicians #womenphyscian @ Riley Children's Health https://t.co/itWzBrPy1u","lang":"en","author_id":"1340690224867905557","source":"Instagram","possibly_sensitive":false,"created_at":"2021-09-20T11:10:53.000Z","id":"1439909925048786948"},{"text":"Finally back in the office after 18 months, and I get a new postdoc office #backtowork #Manchester https://t.co/v7FEWvUnLP","lang":"en","author_id":"3216390833","source":"Twitter for Android","possibly_sensitive":false,"geo":{"place_id":"07d9f357fdc82000"},"created_at":"2021-09-20T11:10:12.000Z","id":"1439909754957148167"},{"text":"RT @MTKGlobal: Monday Motivation \uD83E\uDD4A\n\n#MotivationMonday #MondayMotivation #Boxing #MuhammadAli #AliQuotes #InspirationalQuotes #BoxingQuotes…","lang":"en","author_id":"3403326346","source":"dlvr.it","possibly_sensitive":false,"referenced_tweets":[{"type":"retweeted","id":"1439907229604454401"}],"created_at":"2021-09-20T11:09:39.000Z","id":"1439909615219589124"},{"text":"RT @MTKGlobal: Monday Motivation \uD83E\uDD4A\n\n#MotivationMonday #MondayMotivation #Boxing #MuhammadAli #AliQuotes #InspirationalQuotes #BoxingQuotes…","lang":"en","author_id":"1161845033491783680","source":"Twitter for Android","possibly_sensitive":false,"referenced_tweets":[{"type":"retweeted","id":"1439907229604454401"}],"created_at":"2021-09-20T11:07:16.000Z","id":"1439909017988464648"},{"text":"RT @MTKGlobal: Monday Motivation \uD83E\uDD4A\n\n#MotivationMonday #MondayMotivation #Boxing #MuhammadAli #AliQuotes #InspirationalQuotes #BoxingQuotes…","lang":"en","author_id":"1428878375972753408","source":"Twitter for Android","possibly_sensitive":false,"referenced_tweets":[{"type":"retweeted","id":"1439907229604454401"}],"created_at":"2021-09-20T11:06:24.000Z","id":"1439908796906844164"},{"text":"„ich bin wieder hier,\nin meinem revier.\nhab mich nur versteckt,\nwar nie wirklich weg!“\n\n(marius müller westernhagen.                            \n\n#backtowork #sommerende","lang":"de","author_id":"301974703","source":"Twitter for iPhone","possibly_sensitive":false,"created_at":"2021-09-20T11:05:07.000Z","id":"1439908476713684998"},{"text":"Stepping into the new week ahead like... \n\n#bringit #gogetitgirl #yougotthis #BackToWork #MondayMotivation \n\nClick here: https://t.co/sjZWOITxiR https://t.co/ExpFxHgcJa","lang":"en","author_id":"739226693303472128","source":"Buffer","possibly_sensitive":false,"created_at":"2021-09-20T11:03:22.000Z","id":"1439908035070148610"},{"text":"RT @PDFranky: Back to work tomorrow after successfully passing a 2 week Dog Liaison Officer course hosted by @metpoliceuk \uD83C\uDF89 \nFranky is happ…","lang":"en","author_id":"389559311","source":"Twitter for iPhone","possibly_sensitive":false,"referenced_tweets":[{"type":"retweeted","id":"1439872002630770691"}],"created_at":"2021-09-20T11:01:53.000Z","id":"1439907661156274176"},{"text":"Will businesses continue to pay for expensive offices, as remote technologies have proven to reduce physical office costs? Do we ever need to go back to a physical board room setting? \n#restrictionslifted #wfh #backtotheoffice #flexibleworking #backtowork #worklifebalance https://t.co/MLdeT6FoJ4","lang":"en","author_id":"965575061049610240","source":"SocialMediaServer","possibly_sensitive":false,"created_at":"2021-09-20T11:00:19.000Z","id":"1439907269186134016"},{"text":"Monday Motivation \uD83E\uDD4A\n\n#MotivationMonday #MondayMotivation #Boxing #MuhammadAli #AliQuotes #InspirationalQuotes #BoxingQuotes #BackToWork #Inspiration https://t.co/omzDdh5BMB","lang":"en","author_id":"802490064","source":"Buffer","possibly_sensitive":false,"created_at":"2021-09-20T11:00:10.000Z","id":"1439907229604454401"},{"text":"“All growth depends upon activity. There is no development physically or intellectually without effort, and effort means work.”– Calvin Coolidge\n\nLet’s keep things going today too, everyone! \n#MondayMotivation #BacktoWork #Recruitment","lang":"en","author_id":"1427194419267072007","source":"Twitter Web App","possibly_sensitive":false,"created_at":"2021-09-20T10:50:52.000Z","id":"1439904891229519876"},{"text":"RT @WMCycleHire: \uD83D\uDCE2 We're excited to announce NEW minute bundles are now available for #wmcyclehire \uD83D\uDEB2 \uD83C\uDF89\n\nBuy your minutes in bulk upfront vi…","lang":"en","author_id":"176827202","source":"Twitter Web App","possibly_sensitive":false,"referenced_tweets":[{"type":"retweeted","id":"1439866940047114243"}],"created_at":"2021-09-20T10:50:22.000Z","id":"1439904764234506243"},{"text":"RT @sms_95x: Long shot but I’ve just got a new client in Wakefield/Normanton/yorkshire with full time production jobs for upwards of £14.10…","lang":"en","author_id":"819564648240390146","source":"Twitter for Android","possibly_sensitive":false,"referenced_tweets":[{"type":"retweeted","id":"1439897257843871750"}],"created_at":"2021-09-20T10:47:35.000Z","id":"1439904064855285762"},{"text":"RT @PDFranky: Back to work tomorrow after successfully passing a 2 week Dog Liaison Officer course hosted by @metpoliceuk \uD83C\uDF89 \nFranky is happ…","lang":"en","author_id":"522528509","source":"Twitter for Android","possibly_sensitive":false,"referenced_tweets":[{"type":"retweeted","id":"1439872002630770691"}],"created_at":"2021-09-20T10:45:05.000Z","id":"1439903432563908609"},{"text":"RT @PDFranky: Back to work tomorrow after successfully passing a 2 week Dog Liaison Officer course hosted by @metpoliceuk \uD83C\uDF89 \nFranky is happ…","lang":"en","author_id":"617141804","source":"Twitter for iPhone","possibly_sensitive":false,"referenced_tweets":[{"type":"retweeted","id":"1439872002630770691"}],"created_at":"2021-09-20T10:42:29.000Z","id":"1439902780831977482"},{"text":"RT @sms_95x: Long shot but I’ve just got a new client in Wakefield/Normanton/yorkshire with full time production jobs for upwards of £14.10…","lang":"en","author_id":"1277679523","source":"Twitter for iPhone","possibly_sensitive":false,"referenced_tweets":[{"type":"retweeted","id":"1439897257843871750"}],"created_at":"2021-09-20T10:34:05.000Z","id":"1439900666554638339"},{"text":"The day has finally arrived for the long-awaited return to offices in Ireland after 18 months of working from home as the country continues to recover from the Covid-19 pandemic. \n\n#wfh #remotework #ireland #covid19 #backtowork #recruitment https://t.co/f5lrjDF3rt","lang":"en","author_id":"4118396241","source":"Agorapulse app","possibly_sensitive":false,"created_at":"2021-09-20T10:30:12.000Z","id":"1439899687990046720"},{"text":"RT @sms_95x: Long shot but I’ve just got a new client in Wakefield/Normanton/yorkshire with full time production jobs for upwards of £14.10…","lang":"en","author_id":"1381281027566538755","source":"Twitter for iPhone","possibly_sensitive":false,"referenced_tweets":[{"type":"retweeted","id":"1439897257843871750"}],"created_at":"2021-09-20T10:26:06.000Z","id":"1439898657965367296"},{"text":"RT @sms_95x: Long shot but I’ve just got a new client in Wakefield/Normanton/yorkshire with full time production jobs for upwards of £14.10…","lang":"en","author_id":"1266465653290082314","source":"Twitter for iPhone","possibly_sensitive":false,"referenced_tweets":[{"type":"retweeted","id":"1439897257843871750"}],"created_at":"2021-09-20T10:24:28.000Z","id":"1439898245489217536"},{"text":"RT @sms_95x: Long shot but I’ve just got a new client in Wakefield/Normanton/yorkshire with full time production jobs for upwards of £14.10…","lang":"en","author_id":"409575306","source":"Twitter for iPhone","possibly_sensitive":false,"referenced_tweets":[{"type":"retweeted","id":"1439897257843871750"}],"created_at":"2021-09-20T10:23:01.000Z","id":"1439897879737507847"},{"text":"RT @sms_95x: Long shot but I’ve just got a new client in Wakefield/Normanton/yorkshire with full time production jobs for upwards of £14.10…","lang":"en","author_id":"40591485","source":"Microsoft Power Platform","possibly_sensitive":false,"referenced_tweets":[{"type":"retweeted","id":"1439897257843871750"}],"created_at":"2021-09-20T10:20:36.000Z","id":"1439897273337532423"},{"text":"Long shot but I’ve just got a new client in Wakefield/Normanton/yorkshire with full time production jobs for upwards of £14.10 an hour - if anyone with contacts in that area could share for me? #wakefield #leeds #normanton #jobs #yorkshire #backtowork","lang":"en","author_id":"924121880","source":"Twitter for iPhone","possibly_sensitive":false,"geo":{"place_id":"41d26785dd5fa7ed"},"created_at":"2021-09-20T10:20:32.000Z","id":"1439897257843871750"},{"text":"Several months ago, I hurt my shoulder. I’ve been going to PT and letting it heal. Last week I spent the mornings walking trying to get the courage to get back to @CrossfitSignal This morning I did it. It was ugly, but I did it. #backtowork #hardtogain #easytolose #sixweeksto50 https://t.co/ERWKgw4G3k","lang":"en","author_id":"910616475018383360","source":"Twitter for iPhone","possibly_sensitive":false,"created_at":"2021-09-20T10:19:16.000Z","id":"1439896937482829826"},{"text":"Taking small breaks throughout the day definitely helps!\n\n#Mondays #coffeebreak #break #MondayBlues #ManicMonday #backtowork #officecoffee #coffee #beantocupcoffeemachine #MondayMorning \n\nhttps://t.co/83odxcSRvW","lang":"en","author_id":"2665542571","source":"Twitter Web App","possibly_sensitive":false,"created_at":"2021-09-20T10:13:07.000Z","id":"1439895391571484676"},{"text":"The Dynamic up to 84% off Overstock and End of Line Clearance Sale is now on!\n\nVisit: https://t.co/MfVluanUKX and login to your trade account to take full advantage of great offers.\n\n#Interiors #officefurniture #wfh #backtowork #overstocks #furniture #work #chairs https://t.co/Hiy7NoHp6r","lang":"en","author_id":"603898828","source":"Twitter Web App","possibly_sensitive":false,"created_at":"2021-09-20T10:13:05.000Z","id":"1439895381068898306"},{"text":"RT @EricaCarter__: Are you returning to the office today? Are you happy/unhappy? Looking to chat to those going back into in person working…","lang":"en","author_id":"1374025082545311748","source":"Twitter for iPhone","possibly_sensitive":false,"referenced_tweets":[{"type":"retweeted","id":"1439857420734550017"}],"created_at":"2021-09-20T10:06:18.000Z","id":"1439893674964443140"},{"text":"Matilde has already prepared her dad for a stress-free return to the office. How about you, are you ready to comeback? \uD83E\uDDBE\nFocus, give it your all. In the meantime, we’ll be here! \nBe smart! \uD83D\uDE00\n\n#wekeepthingssmart #besmart #smartconsulting #backtowork #backtotheoffice https://t.co/4bcMAXoxnW","lang":"en","author_id":"2215908444","source":"Twitter Web App","possibly_sensitive":false,"created_at":"2021-09-20T09:57:49.000Z","id":"1439891540684550144"},{"text":"RT @PDFranky: Back to work tomorrow after successfully passing a 2 week Dog Liaison Officer course hosted by @metpoliceuk \uD83C\uDF89 \nFranky is happ…","lang":"en","author_id":"792797789927378944","source":"Twitter for Android","possibly_sensitive":false,"referenced_tweets":[{"type":"retweeted","id":"1439872002630770691"}],"created_at":"2021-09-20T09:56:24.000Z","id":"1439891181731786753"},{"text":"#GoodMorning! It might not be your # favourite #day but we know a trick to make #Monday more #beautiful and #pleasant – choose from our wide #selection of #fresh and #delightful #flowers! For flowers always bring a #smile even in those #backtowork #Mondays! https://t.co/fFdwvPYqPO","lang":"en","author_id":"913040610344435712","source":"Twitter Web App","possibly_sensitive":false,"created_at":"2021-09-20T09:46:43.000Z","id":"1439888747496157190"},{"text":"RT @PDFranky: Back to work tomorrow after successfully passing a 2 week Dog Liaison Officer course hosted by @metpoliceuk \uD83C\uDF89 \nFranky is happ…","lang":"en","author_id":"938122404571774976","source":"Twitter Web App","possibly_sensitive":false,"referenced_tweets":[{"type":"retweeted","id":"1439872002630770691"}],"created_at":"2021-09-20T09:45:21.000Z","id":"1439888402770448388"},{"text":"40 minutes to see three thrones of English monarchs. Beautiful gardens and a personal tour-guide as we were the last to leave!@GrimsthorpeC #SundayFunday #allotment #backtowork #autumnfalls https://t.co/eSWx5xJekS","lang":"en","author_id":"1392748406901194756","source":"Twitter for iPhone","possibly_sensitive":false,"geo":{"place_id":"0bf65411a6d5c004"},"created_at":"2021-09-20T09:45:01.000Z","id":"1439888316405534724"},{"text":"400+ emails to go through today. #backtowork #prayforchar","lang":"en","author_id":"21016473","source":"Twitter Web App","possibly_sensitive":false,"created_at":"2021-09-20T09:40:54.000Z","id":"1439887281213558789"},{"text":"RT @PDFranky: Back to work tomorrow after successfully passing a 2 week Dog Liaison Officer course hosted by @metpoliceuk \uD83C\uDF89 \nFranky is happ…","lang":"en","author_id":"19765684","source":"Twitter for iPhone","possibly_sensitive":false,"referenced_tweets":[{"type":"retweeted","id":"1439872002630770691"}],"created_at":"2021-09-20T09:30:01.000Z","id":"1439884544740663299"},{"text":"After working from home for nearly 18 months, the idea of returning to the office can bring up a lot of mixed feelings. If you are headed back to work today or are going to do so soon, here are 4 tips for you!\n\n#BackToWork #Ireland #ReturnToWork https://t.co/FkCA1IwJcv","lang":"en","author_id":"2862583811","source":"Semrush Social Media Tool","possibly_sensitive":false,"created_at":"2021-09-20T09:30:01.000Z","id":"1439884542828064770"},{"text":"RT @WMCycleHire: \uD83D\uDCE2 We're excited to announce NEW minute bundles are now available for #wmcyclehire \uD83D\uDEB2 \uD83C\uDF89\n\nBuy your minutes in bulk upfront vi…","lang":"en","author_id":"2870669842","source":"Twitter Web App","possibly_sensitive":false,"referenced_tweets":[{"type":"retweeted","id":"1439866940047114243"}],"created_at":"2021-09-20T09:28:13.000Z","id":"1439884090371629060"},{"text":"RT @PDFranky: Back to work tomorrow after successfully passing a 2 week Dog Liaison Officer course hosted by @metpoliceuk \uD83C\uDF89 \nFranky is happ…","lang":"en","author_id":"41451006","source":"Twitter for iPhone","possibly_sensitive":false,"referenced_tweets":[{"type":"retweeted","id":"1439872002630770691"}],"created_at":"2021-09-20T09:23:00.000Z","id":"1439882777265070082"},{"text":"RT @PDFranky: Back to work tomorrow after successfully passing a 2 week Dog Liaison Officer course hosted by @metpoliceuk \uD83C\uDF89 \nFranky is happ…","lang":"en","author_id":"15812782","source":"Twitter for iPad","possibly_sensitive":false,"referenced_tweets":[{"type":"retweeted","id":"1439872002630770691"}],"created_at":"2021-09-20T09:18:25.000Z","id":"1439881624439689222"},{"text":"Monday morning are the worst!! Especially when you had two days off and have to work a ten hour shift \uD83D\uDE44 #Monday #Tired #BackToWork https://t.co/XPimr1LxzS","lang":"en","author_id":"89462731","source":"Tweetbot for iΟS","possibly_sensitive":false,"created_at":"2021-09-20T09:17:27.000Z","id":"1439881382617096194"},{"text":"RT @savage_cyber: Thoda time laga khud ko pehchane main \uD83E\uDD23 \n\nNow i am looking like a perfect software wala banda..!! \uD83D\uDE09\n\n#BackToWork #NewLook…","lang":"en","author_id":"1220448231596969985","source":"Twitter for Android","possibly_sensitive":false,"referenced_tweets":[{"type":"retweeted","id":"1439799265753137154"}],"created_at":"2021-09-20T09:12:20.000Z","id":"1439880094957273097"},{"text":"RT @EricaCarter__: Are you returning to the office today? Are you happy/unhappy? Looking to chat to those going back into in person working…","lang":"en","author_id":"157454957","source":"Twitter for Android","possibly_sensitive":false,"referenced_tweets":[{"type":"retweeted","id":"1439857420734550017"}],"created_at":"2021-09-20T09:07:53.000Z","id":"1439878971018121216"},{"text":"RT @PDFranky: Back to work tomorrow after successfully passing a 2 week Dog Liaison Officer course hosted by @metpoliceuk \uD83C\uDF89 \nFranky is happ…","lang":"en","author_id":"994618339023519744","source":"Twitter for iPhone","possibly_sensitive":false,"referenced_tweets":[{"type":"retweeted","id":"1439872002630770691"}],"created_at":"2021-09-20T09:07:08.000Z","id":"1439878786066038786"},{"text":"Don't forget that all orders received by 1pm will be posted today\uD83D\uDE01\n\n#shoplocal #plantbased #vegan #halloween #halfterm #healthy #glutenfree #birthday #newweek #wfh #backtowork #heatwave #sunshine #coffee #espresso #shaggedmarriedannoyed #whitewinequestiontime #monday #motivation https://t.co/uxvEYYS6W3","lang":"en","author_id":"1310676580658827267","source":"LaterMedia","possibly_sensitive":false,"created_at":"2021-09-20T09:01:35.000Z","id":"1439877385818607616"},{"text":"RT @EricaCarter__: Are you returning to the office today? Are you happy/unhappy? Looking to chat to those going back into in person working…","lang":"en","author_id":"348455315","source":"Twitter for iPhone","possibly_sensitive":false,"referenced_tweets":[{"type":"retweeted","id":"1439857420734550017"}],"created_at":"2021-09-20T08:43:50.000Z","id":"1439872919228801024"},{"text":"\uD83D\uDD0E ¿\uD835\uDC12\uD835\uDC1A\uD835\uDC1Bí\uD835\uDC1A\uD835\uDC2C \uD835\uDC2A\uD835\uDC2E\uD835\uDC1E \uD835\uDC1E\uD835\uDC2C\uD835\uDC2D\uD835\uDC1E \uD835\uDC29\uD835\uDC28\uD835\uDC2B\uD835\uDC2D\uD835\uDC1A\uD835\uDC1D\uD835\uDC28\uD835\uDC1C\uD835\uDC2E\uD835\uDC26\uD835\uDC1E\uD835\uDC27\uD835\uDC2D\uD835\uDC28\uD835\uDC2C \uD835\uDC1E\uD835\uDC2C\uD835\uDC2Dá \uD835\uDC21\uD835\uDC1E\uD835\uDC1C\uD835\uDC21\uD835\uDC28 \uD835\uDC1C\uD835\uDC28\uD835\uDC27 \uD835\uDC0D\uD835\uDC32\uD835\uDC25\uD835\uDC28\uD835\uDC27?\nDuradero, bonito y práctico ¡a partes iguales!\n https://t.co/F9a270IvgS\n#TiendasPacoMartinez\n\uD83D\uDCCD#CClasRotondas  \n\n#PACOMARTINEZ #foreverydayTRAVELLERS #BackToWork #accesorios https://t.co/7kZAsUcK0r","lang":"es","author_id":"361809700","source":"Twitter Web App","possibly_sensitive":false,"created_at":"2021-09-20T08:42:18.000Z","id":"1439872536167256070"},{"text":"Back to work tomorrow after successfully passing a 2 week Dog Liaison Officer course hosted by @metpoliceuk \uD83C\uDF89 \nFranky is happy to be home with me and making the most of his last day off! #waterhooligan #backtowork #workhardplayhard #workinggsd #DLO #MetPol https://t.co/6vJINK61rp","lang":"en","author_id":"787873082","source":"Twitter for Android","possibly_sensitive":false,"created_at":"2021-09-20T08:40:11.000Z","id":"1439872002630770691"},{"text":"#MondayMotivation Thrilled to be back on campus, it’s been toooooo long! How have I missed you!!! P.S pictures taken with no filter, naturally beautiful #campus ! #backtowork #MondayMorning #nostalgia https://t.co/tXg0dmvxZo","lang":"en","author_id":"1454796097","source":"Twitter for iPhone","possibly_sensitive":false,"created_at":"2021-09-20T08:38:36.000Z","id":"1439871604067119112"},{"text":"OK Monday, lets do this! \n\n#mondaymotivation #positivethinking #lookingforward #beginningoftheweek #monday #backtowork #roomwithaview #hotel #spa #pennyhillpark #surrey #exclusivecollection #myexclusive \n\n(\uD83D\uDCF7 emma.m.moss via Instagram) https://t.co/YxEcNQtP4r","lang":"en","author_id":"57282583","source":"Sprout Social","possibly_sensitive":false,"created_at":"2021-09-20T08:38:01.000Z","id":"1439871458533122052"},{"text":"RT @SalonData: Le #SalonData2021 est dans 1 mois ! C'est encore l'occasion de s'inscrire !\uD83D\uDE09 https://t.co/PNL32OsQpF\nC'est aussi l'occasion…","lang":"fr","author_id":"860487915327115264","source":"Twitter Web App","possibly_sensitive":false,"referenced_tweets":[{"type":"retweeted","id":"1429822069185843205"}],"created_at":"2021-09-20T08:31:09.000Z","id":"1439869730341457921"},{"text":"\uD83D\uDCE2 We're excited to announce NEW minute bundles are now available for #wmcyclehire \uD83D\uDEB2 \uD83C\uDF89\n\nBuy your minutes in bulk upfront via the @BerylBikes app and we'll cover the cost of the £1 unlock fee each time you ride!\n\n\uD83D\uDC49 https://t.co/HQLNOysEdA\n\n#backtowork #activetravel #cycletowork https://t.co/wqagxFUYnr","lang":"en","author_id":"1323948556613541890","source":"Hootsuite Inc.","possibly_sensitive":false,"created_at":"2021-09-20T08:20:04.000Z","id":"1439866940047114243"},{"text":"RT @GuwopJackie: Happy Labor Day! Limited time offer of %15 off! #SubscribeToday #BackToWork #LaborDayWeekend https://t.co/9QZO4ElWq8","lang":"en","author_id":"1425017136565600257","source":"Twitter for iPhone","possibly_sensitive":false,"referenced_tweets":[{"type":"retweeted","id":"1434931493101522945"}],"created_at":"2021-09-20T08:10:31.000Z","id":"1439864535502966787"},{"text":"If you're #backtowork, we have just the thing to help you get through it. Give yourself something to look forward to by coming to try our #happyhour. From 3pm-7pm and Monday to Friday, all #cocktails are just £5, while we're also offering four bottles of #beer for only £12. https://t.co/cP2bYdgJJg","lang":"en","author_id":"983999832074399745","source":"Hootsuite Inc.","possibly_sensitive":false,"created_at":"2021-09-20T08:00:43.000Z","id":"1439862070829277187"},{"text":"Think it’s time to grab my #Autumn clothes out of storage! \n\nWhere did the sun go? \uD83E\uDD76 \n\nIt’s my last full week at my current job! So gonna be bussssssyyyyy! \n\nHave a fab Monday \uD83D\uDE18 \n\n#MondayMorning #MondayMotivation #backtowork #winteriscoming https://t.co/I3KUwHxvxj","lang":"en","author_id":"102688789","source":"Twitter for iPhone","possibly_sensitive":false,"created_at":"2021-09-20T07:54:33.000Z","id":"1439860517221408771"},{"text":"Are you returning to the office today? Are you happy/unhappy? Looking to chat to those going back into in person working today. Get in touch: DMs open or email me on erica.carter@reachplc.com\n\n#journorequest #backtowork #Ireland","lang":"en","author_id":"1060161144588038145","source":"Twitter for iPhone","possibly_sensitive":false,"created_at":"2021-09-20T07:42:15.000Z","id":"1439857420734550017"},{"text":"#Actu\n\uD83D\uDE37Chef d'entreprise : tout savoir sur le port du #masque au #travail ! Trop d'entreprises oublient encore l'importance des gestes barrières \uD83D\uDC49https://t.co/b7qLgrFnfY\n\n#WITY #Entreprendre #SoEasy #ExpertiseComptable  #Covid #Covid19 #BackToWork #CriseSanitaire #OpenSpace","lang":"fr","author_id":"791260072202608641","source":"Twitter Web App","possibly_sensitive":false,"created_at":"2021-09-20T07:36:59.000Z","id":"1439856098660466693"},{"text":"Grote mok koffie gepakt en klaar om te beginnen aan het lezen van 379 mails (slack-, signal-, teams- en whatsappberichten niet meegerekend). Mocht er eentje van jou tussen zitten: het kan dus even duren voordat ik reageer. #backtowork #vakantiewasleuker","lang":"nl","author_id":"78583449","source":"Twitter Web App","possibly_sensitive":false,"created_at":"2021-09-20T07:30:17.000Z","id":"1439854411883466753"},{"text":"A lot of shell shocked office people on the streets &amp; public transport this morning, welcome back \uD83D\uDE0A#backtowork #backtooffice #nomorepjs https://t.co/OMaF97586Y","lang":"en","author_id":"1065781700","source":"Twitter for iPhone","possibly_sensitive":false,"geo":{"place_id":"7dde0febc9ef245b"},"created_at":"2021-09-20T07:26:04.000Z","id":"1439853349470416898"},{"text":"Haven’t even turned my work phone on for 7 days. I don’t think I’ve ever gone this long without looking at my emails! Was so nice to have a “proper break”. Now having a coffee and scrolling through emails to start the day. #monday #backtowork","lang":"en","author_id":"22301180","source":"Twitter for iPhone","possibly_sensitive":false,"created_at":"2021-09-20T07:25:59.000Z","id":"1439853328125603840"},{"text":"RT @ErickWGN16: \uD83D\uDE0E\uD83D\uDC47 #mondaythoughts #backtowork #workingfromhome https://t.co/OP6SjBsr3E","lang":"und","author_id":"1854406728","source":"Twitter for iPhone","possibly_sensitive":false,"referenced_tweets":[{"type":"retweeted","id":"1439835365800558593"}],"created_at":"2021-09-20T07:17:58.000Z","id":"1439851309578993670"},{"text":"RT @VictoriaRTPI: #SundayNight #backtowork tomorrow &amp; I couldn't help noticing #MHCLG has a #newlook #newname exciting times - I'm looking…","lang":"en","author_id":"1032006923669975042","source":"Twitter for iPhone","possibly_sensitive":false,"referenced_tweets":[{"type":"retweeted","id":"1439666179581349895"}],"created_at":"2021-09-20T07:14:55.000Z","id":"1439850542390517761"},{"text":"Not that bad after a week holiday #backtowork \uD83D\uDCAA https://t.co/pr0l4BXJ7P","lang":"en","author_id":"92575816","source":"Twitter Web App","possibly_sensitive":false,"created_at":"2021-09-20T07:04:54.000Z","id":"1439848021605367813"},{"text":"Welcome BACK TO SCHOOL my bundles of Joy! \n\nGod’s guidance all the way\uD83D\uDE4F\uD83C\uDFFD\uD83D\uDE4F\uD83C\uDFFD\uD83D\uDE4F\uD83C\uDFFD❤️❤️❤️\n\n#monday #backtoschool #backtowork https://t.co/9UUK0IMXBo","lang":"en","author_id":"51099033","source":"Instagram","possibly_sensitive":false,"created_at":"2021-09-20T07:03:01.000Z","id":"1439847549356097540"},{"text":"Mrs MacGregor’s first day back to the office in 18 months, or so. Good luck! #backtowork #lockdown #EY https://t.co/Rf55IPpnzi","lang":"en","author_id":"260913744","source":"Twitter for iPhone","possibly_sensitive":false,"created_at":"2021-09-20T07:01:33.000Z","id":"1439847181788327943"},{"text":"RT @LaraWeissRMO: My very first public appearance @RM_Oudheden  (#Carthago in 2014) for #MondayMemories. Note the previous display &amp; let's…","lang":"en","author_id":"70908416","source":"Twitter Web App","possibly_sensitive":false,"referenced_tweets":[{"type":"retweeted","id":"1439844283633356800"}],"created_at":"2021-09-20T06:59:58.000Z","id":"1439846781009891329"},{"text":"TyLord \uD83D\uDC8B\uD83D\uDE4F \n\n#backtowork","lang":"en","author_id":"1200346406390620161","source":"Twitter for Android","possibly_sensitive":false,"created_at":"2021-09-20T06:54:32.000Z","id":"1439845415403196419"},{"text":"Monday is back!!! Break the mindset of unhappiness by becoming productive every Monday. Productive people know how to turn themselves into a happy magnet for Mondays. \n#mondaymotivation #happinessquotes #productiveday #binmiletech #backtowork #haveagreatday https://t.co/sdTrI4q9cR","lang":"en","author_id":"823544227917426689","source":"Twitter Web App","possibly_sensitive":false,"created_at":"2021-09-20T06:50:17.000Z","id":"1439844345645989897"},{"text":"My very first public appearance @RM_Oudheden  (#Carthago in 2014) for #MondayMemories. Note the previous display &amp; let's hope #Covid19 will show some mercy &amp; allow us to gather in such pleasant, festive way soon again in the museum. #MemoriesMonday #BackToWork #MondayThoughts https://t.co/VyAESrqzDP","lang":"en","author_id":"1105461507767394306","source":"Twitter Web App","possibly_sensitive":false,"created_at":"2021-09-20T06:50:02.000Z","id":"1439844283633356800"},{"text":"We know the contactless cure to your back-to-office cold feet!\n\nTo find out, log on to the link in bio.\n\n#HeloHealth #ContactlessAttendance #AccessControl #OfficeSafety  #AI #VisitorManagement #ThermalCheck #FacialRecognition #BackInBusiness #BackToWork https://t.co/1aavO43ztc","lang":"en","author_id":"1369706128980910080","source":"Twitter Web App","possibly_sensitive":false,"created_at":"2021-09-20T06:47:31.000Z","id":"1439843648451997703"},{"text":"Zurück am Schreibtisch \uD83E\uDD14 #backtowork","lang":"de","author_id":"1106219465505681409","source":"Twitter for Android","possibly_sensitive":false,"created_at":"2021-09-20T06:46:19.000Z","id":"1439843347036782595"},{"text":"Great weekend of basketball at the #VenturaJamboree. It was wonderful to see all the teams, the fans and the coaches after a long 18-month lay-off. Now its #BackToWork for the \uD83C\uDFF4‍☠️. Time to #BeALittleBetterEveryDay. #VCWePlayHard https://t.co/M1hBCLC9zv","lang":"en","author_id":"387277759","source":"Twitter Web App","possibly_sensitive":false,"created_at":"2021-09-20T06:42:10.000Z","id":"1439842301266706433"},{"text":"Back to Work met Centralpoint: ontvang euro's shoptegoed op je nieuwe hybride werkplek. Bekijk de deelnemende producten nu: https://t.co/Ct2rvSjWlt #getITdone #ITpartner #backtowork #ITsolutions #hybridewerken #werkenonderweg https://t.co/IYqSIIQdv3","lang":"nl","author_id":"64970989","source":"Tracebuzz","possibly_sensitive":false,"created_at":"2021-09-20T06:40:03.000Z","id":"1439841768237944832"},{"text":"#BackToWork? Enjoy a new #audiobook on your #commute.\n\nWhat readers are saying about BRIGHT LIES:\n⭐️⭐️⭐️⭐️⭐️\"Intense #PsychologicalThriller\"\n⭐️⭐️⭐️⭐️⭐️\"Compelling\"\n⭐️⭐️⭐️⭐️⭐️\"Speaks to the heart\"\n\nListen to a clip:\nhttps://t.co/U1yAshj0cL\n\n #BackToSchool #Audio\n\n*Please #Retweet* https://t.co/aTBs0Buc3S","lang":"en","author_id":"75590015","source":"TweetDeck","possibly_sensitive":false,"created_at":"2021-09-20T06:39:00.000Z","id":"1439841504248221706"},{"text":"RT @savage_cyber: Thoda time laga khud ko pehchane main \uD83E\uDD23 \n\nNow i am looking like a perfect software wala banda..!! \uD83D\uDE09\n\n#BackToWork #NewLook…","lang":"en","author_id":"1351470851623796736","source":"Twitter for Android","possibly_sensitive":false,"referenced_tweets":[{"type":"retweeted","id":"1439799265753137154"}],"created_at":"2021-09-20T06:30:30.000Z","id":"1439839365622951939"},{"text":"Three sad facts...\n\n❌ Today is not Friday\n❌ Tomorrow is not Friday\n❌ Even the day after IS NOT FRIDAY \uD83D\uDE2D\uD83D\uDE2D\uD83D\uDE2D\n\n#MondayMonday #MondayFeels #MondayBlues #BackToWork #WorkWorkWork #MondayVibes #MondaySchmonday https://t.co/sFJQpRo8LD","lang":"en","author_id":"454112599","source":"Hootsuite Inc.","possibly_sensitive":false,"created_at":"2021-09-20T06:30:09.000Z","id":"1439839279568535555"},{"text":"A procrastinator would see 60 seconds in a minute and a proactivator (if that's a word) would see only 24 hours in a day. \n\nThe difference is of the mindset.\n\nI am guilty of oscillating between the two. \uD83D\uDE05\n\n#backtowork \n\n\uD83D\uDE4C\uD83C\uDFFC","lang":"en","author_id":"1433418924964548628","source":"Twitter Web App","possibly_sensitive":false,"created_at":"2021-09-20T06:23:56.000Z","id":"1439837712157065226"},{"text":"RT @PostnBake: Well that's come around quick hasn't it?! Hope you all have a fab week ahead! \uD83D\uDE42\n\n#coffee #supportlocal #motivationmonday #ti…","lang":"en","author_id":"1087983274402766848","source":"Merchant Media Bot","possibly_sensitive":false,"referenced_tweets":[{"type":"retweeted","id":"1439832029441495040"}],"created_at":"2021-09-20T06:17:11.000Z","id":"1439836014172856321"},{"text":"Good morning Twitter\n#MondayMotivation \uD83C\uDF88\n#backtowork \uD83C\uDF6D\n#metoyoubear \uD83D\uDC3B https://t.co/B8UL41tzqN","lang":"en","author_id":"2262789091","source":"Twitter for Android","possibly_sensitive":false,"created_at":"2021-09-20T06:16:11.000Z","id":"1439835761692524545"},{"text":"Qual è quell'accessorio che quando lo indossate vi fate sangue da solɜ?\n\nE perché proprio l'Eau fraiche al Mughetto di @YvesRocherFR? \n\n#buonlunedì #backtowork #fromthe156","lang":"it","author_id":"208059154","source":"Twitter for Android","possibly_sensitive":false,"geo":{"place_id":"d1ff7884887414c0"},"created_at":"2021-09-20T06:15:34.000Z","id":"1439835606864080897"},{"text":"\uD83D\uDE0E\uD83D\uDC47 #mondaythoughts #backtowork #workingfromhome https://t.co/OP6SjBsr3E","lang":"und","author_id":"949279395688189953","source":"Twitter for iPhone","possibly_sensitive":false,"created_at":"2021-09-20T06:14:36.000Z","id":"1439835365800558593"},{"text":"RT @PostnBake: Well that's come around quick hasn't it?! Hope you all have a fab week ahead! \uD83D\uDE42\n\n#coffee #supportlocal #motivationmonday #ti…","lang":"en","author_id":"403336006","source":"HospitalityTrader Bot","possibly_sensitive":false,"referenced_tweets":[{"type":"retweeted","id":"1439832029441495040"}],"created_at":"2021-09-20T06:05:30.000Z","id":"1439833073529638914"},{"text":"Well that's come around quick hasn't it?! Hope you all have a fab week ahead! \uD83D\uDE42\n\n#coffee #supportlocal #motivationmonday #tired \n#selfie #shoplocal #plantbased #vegan #halloween #birthday #newweek #wfh #backtowork #heatwave #sunshine #coffee #espresso #shaggedmarriedannoyed #nom https://t.co/bILaumvZxn","lang":"en","author_id":"1310676580658827267","source":"LaterMedia","possibly_sensitive":false,"created_at":"2021-09-20T06:01:21.000Z","id":"1439832029441495040"},{"text":"@georgia_ninu a revenit și …se vede că îi place :)) #team #weathergirl #backtowork #livetv #workplace #coleg @ Bucharest, Romania https://t.co/A1ZvNeHpZk","lang":"ro","author_id":"2171812127","source":"Instagram","possibly_sensitive":false,"geo":{"coordinates":{"type":"Point","coordinates":[26.102,44.4325]},"place_id":"01c86d355e71b956"},"created_at":"2021-09-20T05:59:42.000Z","id":"1439831616319369218"}],"meta":{"newest_id":"1439937438722392065","oldest_id":"1439831616319369218","result_count":100,"next_token":"b26v89c19zqg8o3fpdpa1de5ctzekdlh0o22585x91jzx"}}