{"data":[{"lang":"en","possibly_sensitive":false,"text":"As Covid restrictions are lifted, where will you be working? Home? An office? Warehouse? Care sector? Manufacturing? Are you being given a choice &amp; are you ready to return to the 'workplace'? #restrictionslifted #wfh #backtotheoffice #flexibleworking #backtowork #worklifebalance https://t.co/RV5rxvFEwI","id":"1439544882843033604","author_id":"965575061049610240","source":"SocialMediaServer","created_at":"2021-09-19T11:00:20.000Z"},{"lang":"en","possibly_sensitive":false,"text":"Are your Sundays relaxing or tense? It's natural to get the #Sundayscaries before a week of work but don't let it overwhelm you. See my tips for managing work related anxiety here: https://t.co/9ou9Y9PCIK\n\n#anxiety #backtowork #MentalHealthMatters #work","id":"1439538514169843717","author_id":"3665435121","source":"Buffer","created_at":"2021-09-19T10:35:01.000Z"},{"referenced_tweets":[{"type":"retweeted","id":"1439064550796664835"}],"lang":"ne","possibly_sensitive":false,"text":"RT @pinkysi40475597: राम राम भाई सारा नै।\uD83D\uDE4F\uD83C\uDFFB\uD83D\uDE4F\uD83C\uDFFB\n#backtowork #iamback #blessings #haryana #Congratulations #development \n@NaveenJaihind \n@Kuld…","id":"1439533054159036422","author_id":"887277290048147456","source":"Twitter for Android","created_at":"2021-09-19T10:13:19.000Z"},{"referenced_tweets":[{"type":"retweeted","id":"1437711880924114946"}],"lang":"it","possibly_sensitive":false,"text":"RT @lucarallo: Per un #backtowork perfetto e sostenibile, prova gratis i servizi di #Culligan per 15 giorni, scopri più cliccando qui https…","id":"1439524275648712705","author_id":"636139110","source":"Twitter for Android","created_at":"2021-09-19T09:38:27.000Z"},{"referenced_tweets":[{"type":"retweeted","id":"1437711870174060544"}],"lang":"it","possibly_sensitive":false,"text":"RT @lucarallo: Chi lavora a casa come me non sente molto il #backtowork: le giornate corrono davvero veloci tra famiglia e impegni professi…","id":"1439524024988618754","author_id":"636139110","source":"Twitter for Android","created_at":"2021-09-19T09:37:27.000Z"},{"lang":"en","possibly_sensitive":false,"text":"#BackToWork? Enjoy a new #audiobook on your #commute.\n\nWhat readers are saying about BRIGHT LIES:\n⭐️⭐️⭐️⭐️⭐️\"Intense #PsychologicalThriller\"\n⭐️⭐️⭐️⭐️⭐️\"Compelling\"\n⭐️⭐️⭐️⭐️⭐️\"Speaks to the heart\"\n\nListen to a clip:\nhttps://t.co/U1yAshj0cL\n\n #BackToSchool #Audio\n\n*Please #Retweet* https://t.co/QE6liumJf1","id":"1439516613472964608","author_id":"75590015","source":"TweetDeck","created_at":"2021-09-19T09:08:00.000Z"},{"referenced_tweets":[{"type":"retweeted","id":"1433758108136972291"}],"lang":"en","possibly_sensitive":false,"text":"RT @Impamark: Are you #BackToSchool or #BackToWork this week? If so, get back in style with our Impamark essentials \uD83D\uDE0E\n\nTo #win:\n\n\uD83D\uDDA5️ #Like &amp;…","id":"1439516318433255431","author_id":"1317784976390225926","source":"Twitter for Android","created_at":"2021-09-19T09:06:49.000Z"},{"referenced_tweets":[{"type":"retweeted","id":"1439289583728934913"}],"lang":"en","possibly_sensitive":false,"text":"RT @cmh_books: @M_Cobbett71 Great for #backtoschool a new book embracing diversity and inclusion. Even great for #backtowork. #BeKind #amre…","id":"1439505504351490056","author_id":"934777977346379777","source":"Twitter Web App","created_at":"2021-09-19T08:23:51.000Z"},{"referenced_tweets":[{"type":"retweeted","id":"1395351533424885765"}],"lang":"en","possibly_sensitive":false,"text":"RT @sexymilfje: Finally we can go back to work !! \uD83C\uDF7E\uD83E\uDD42\uD83C\uDF89\uD83D\uDC99\uD83D\uDC9A\uD83D\uDC9B\uD83E\uDDE1\uD83D\uDC9C   \n#hoer #hooker #whore #spermwhore #slut #cumslut #teasy #backtowork #milf #fuc…","id":"1439495957498896387","author_id":"1008248166691598336","source":"Twitter for Android","created_at":"2021-09-19T07:45:55.000Z"},{"referenced_tweets":[{"type":"retweeted","id":"1439473948106895360"}],"lang":"en","possibly_sensitive":false,"text":"RT @louiserees76: Going to miss this tomorrow \uD83C\uDDEC\uD83C\uDDF7 #backtowork @bertlaa https://t.co/jO6BH2RlTw","id":"1439494475450130435","author_id":"841073678","source":"Twitter for iPhone","created_at":"2021-09-19T07:40:02.000Z"},{"lang":"en","possibly_sensitive":false,"text":"\"Courage is fear holding on a minute longer.\" -- George S. Patton\n\n#BackToWork #FIGHT","id":"1439492706003300352","author_id":"720534881097420803","source":"Twitter Web App","created_at":"2021-09-19T07:33:00.000Z"},{"referenced_tweets":[{"type":"retweeted","id":"1434767192554450951"}],"lang":"en","possibly_sensitive":false,"text":"RT @Betty_Boo_Kat: It’s #BackToWork fur a lot of people \uD83D\uDE40 which makes #kittyloafmonday even harder! Don’t worry…I’m here to help \uD83C\uDF5E https://…","id":"1439489121869828097","author_id":"2280467938","source":"Twitter for iPad","created_at":"2021-09-19T07:18:45.000Z"},{"referenced_tweets":[{"type":"retweeted","id":"1437784055748206595"}],"lang":"en","possibly_sensitive":false,"text":"RT @BullyingAlberta: Maximize your #productivity and outputs while enriching your #company culture and client connection with proactive and…","id":"1439476639130427393","author_id":"265819385","source":"Twitter for Android","created_at":"2021-09-19T06:29:09.000Z"},{"lang":"en","possibly_sensitive":false,"text":"Going to miss this tomorrow \uD83C\uDDEC\uD83C\uDDF7 #backtowork @bertlaa https://t.co/jO6BH2RlTw","id":"1439473948106895360","geo":{"place_id":"0115bcb70dd14389"},"author_id":"840464970","source":"Twitter for iPhone","created_at":"2021-09-19T06:18:28.000Z"},{"referenced_tweets":[{"type":"retweeted","id":"1395351533424885765"}],"lang":"en","possibly_sensitive":false,"text":"RT @sexymilfje: Finally we can go back to work !! \uD83C\uDF7E\uD83E\uDD42\uD83C\uDF89\uD83D\uDC99\uD83D\uDC9A\uD83D\uDC9B\uD83E\uDDE1\uD83D\uDC9C   \n#hoer #hooker #whore #spermwhore #slut #cumslut #teasy #backtowork #milf #fuc…","id":"1439457911370039299","author_id":"1277978375705858054","source":"Twitter for Android","created_at":"2021-09-19T05:14:44.000Z"},{"referenced_tweets":[{"type":"retweeted","id":"1436398371841904654"}],"lang":"und","possibly_sensitive":true,"text":"RT @Mistersweets1: https://t.co/Q2oflwdC5p #BackToWork #shmood #wetasf #submissivewoman #onlyfans #GoodTrouble #ThickWomen https://t.co/Mvd…","id":"1439452397529612288","author_id":"1093197407083483138","source":"Twitter for iPhone","created_at":"2021-09-19T04:52:49.000Z"},{"referenced_tweets":[{"type":"quoted","id":"1439248650773819396"}],"lang":"fr","possibly_sensitive":false,"text":"Accurate description #backtowork \uD83E\uDD72 https://t.co/j3q9Lzm10W","id":"1439447904754679812","author_id":"374363867","source":"Twitter for Android","created_at":"2021-09-19T04:34:58.000Z"},{"lang":"ar","possibly_sensitive":false,"text":"بِسْم الله الفتّاح افتح لنا فتحاً مُبينا\uD83D\uDE4F\uD83C\uDFFB\uD83D\uDC97\n\n#backtowork","id":"1439447568019296257","author_id":"627196007","source":"Twitter for iPhone","created_at":"2021-09-19T04:33:38.000Z"},{"referenced_tweets":[{"type":"replied_to","id":"1439441775802798081"}],"lang":"en","possibly_sensitive":false,"in_reply_to_user_id":"28408266","text":"@terryhollimon Its quite possible this is true, that being said UW must continue to put them W up from here out! ☔️#letsgoDawgs #Pac12 #backtowork #beatCAL","id":"1439442986559959040","author_id":"33682351","source":"Twitter for iPhone","created_at":"2021-09-19T04:15:26.000Z"},{"referenced_tweets":[{"type":"quoted","id":"1402619898409406467"},{"type":"replied_to","id":"1438614005829017603"}],"lang":"en","possibly_sensitive":false,"in_reply_to_user_id":"1297309561834082304","text":"@elonmusk @jack @MikeJudge @daxshepard @hbomax @SiliconHBO @alwayssunny @TeslaAIBot @lorde #BackToWork #Rubbing our own @eggo \n\n#Hypocrisy \n#AlwaysBLUE\n\n#ReadABookDay we  \n#ThePrince \nBy #NiccolòMachiavelli\n#Suggest23 #Later \n\n#HODLgang\n#ArtOfWar \n\n#HaDad @elonmusk \n#Frender @TeslaAIBot #LoveStory @bigger than ever\n\n#DOGE #PSA 104\n#Matthew 10:34\nhttps://t.co/jwEIoI55Nb","id":"1439440277614305280","author_id":"1297309561834082304","source":"Twitter Web App","created_at":"2021-09-19T04:04:40.000Z"},{"referenced_tweets":[{"type":"retweeted","id":"1439416815814209543"}],"lang":"en","possibly_sensitive":false,"text":"RT @CoachReisert: Great TEAM win for @TUDragonFB — top 10 opponent on the road… our guys battled for 60 minutes. So proud of their EFFORT a…","id":"1439426569735446538","author_id":"1254418478","source":"Twitter for iPhone","created_at":"2021-09-19T03:10:12.000Z"},{"referenced_tweets":[{"type":"retweeted","id":"1439416815814209543"}],"lang":"en","possibly_sensitive":false,"text":"RT @CoachReisert: Great TEAM win for @TUDragonFB — top 10 opponent on the road… our guys battled for 60 minutes. So proud of their EFFORT a…","id":"1439425421301452802","author_id":"1358898877982773252","source":"Twitter for iPhone","created_at":"2021-09-19T03:05:38.000Z"},{"referenced_tweets":[{"type":"retweeted","id":"1439416815814209543"}],"lang":"en","possibly_sensitive":false,"text":"RT @CoachReisert: Great TEAM win for @TUDragonFB — top 10 opponent on the road… our guys battled for 60 minutes. So proud of their EFFORT a…","id":"1439423937335672833","author_id":"1225072028","source":"Twitter for iPhone","created_at":"2021-09-19T02:59:44.000Z"},{"lang":"en","possibly_sensitive":false,"text":"Pandemic unemployment benefits expired on Labor Day. Could they be renewed? - CNET #unemployment #extendunemployment #unemploymentextension #ExtendPUA #ExtendUI #ExtendEDD #GetAJob #BackToWork #Covid19 #DeltaVariant  https://t.co/FtjgBlFdHo","id":"1439422121126604807","author_id":"1146493332182487041","source":"Twitter for iPhone","created_at":"2021-09-19T02:52:31.000Z"},{"referenced_tweets":[{"type":"retweeted","id":"1439416815814209543"}],"lang":"en","possibly_sensitive":false,"text":"RT @CoachReisert: Great TEAM win for @TUDragonFB — top 10 opponent on the road… our guys battled for 60 minutes. So proud of their EFFORT a…","id":"1439418475471155202","author_id":"455928742","source":"Twitter for iPhone","created_at":"2021-09-19T02:38:02.000Z"},{"referenced_tweets":[{"type":"retweeted","id":"1439416815814209543"}],"lang":"en","possibly_sensitive":false,"text":"RT @CoachReisert: Great TEAM win for @TUDragonFB — top 10 opponent on the road… our guys battled for 60 minutes. So proud of their EFFORT a…","id":"1439417044605284354","author_id":"239569532","source":"Twitter for iPhone","created_at":"2021-09-19T02:32:21.000Z"},{"referenced_tweets":[{"type":"retweeted","id":"1439416815814209543"}],"lang":"en","possibly_sensitive":false,"text":"RT @CoachReisert: Great TEAM win for @TUDragonFB — top 10 opponent on the road… our guys battled for 60 minutes. So proud of their EFFORT a…","id":"1439416855865741312","author_id":"1184488453","source":"Twitter for iPhone","created_at":"2021-09-19T02:31:36.000Z"},{"lang":"en","possibly_sensitive":false,"text":"Great TEAM win for @TUDragonFB — top 10 opponent on the road… our guys battled for 60 minutes. So proud of their EFFORT and HEART! #SHOWTIME #BackToWork","id":"1439416815814209543","author_id":"291186857","source":"Twitter for iPhone","created_at":"2021-09-19T02:31:26.000Z"},{"referenced_tweets":[{"type":"retweeted","id":"1439288372762054666"}],"lang":"en","possibly_sensitive":false,"text":"RT @cmh_books: @BookSpotlight Great for #backtoschool a new book embracing diversity and inclusion. Even great for #backtowork. #BeKind #am…","id":"1439400426797928452","author_id":"1831919268","source":"Twitter Web App","created_at":"2021-09-19T01:26:19.000Z"},{"lang":"en","possibly_sensitive":false,"text":"Employees at Google must now be vaccinated to work on campus. What's your business's policy on vaccines? https://t.co/poA9R2XDvH #vaccination #Google #BackToWork","id":"1439393843028406280","author_id":"312117807","source":"Buffer","created_at":"2021-09-19T01:00:09.000Z"},{"lang":"en","possibly_sensitive":false,"text":"#Fall Floral Face Mask Orange  Gold Metallic Black Adjustable Cotton #Facemask Handmade USA https://t.co/Q32W3Uswfa #FallFaceMasks #Halloween #Halloweentime #Thanksgiving #Friendsgiving #commuterlife #backtowork #FallFashion  #giftideas #giftforkids #giftforwomen #gifts #MaskUp https://t.co/GFL83yirZz","id":"1439374941036634116","author_id":"2312319206","source":"Buffer","created_at":"2021-09-18T23:45:02.000Z"},{"lang":"en","possibly_sensitive":false,"text":"#Fall Brown Floral Face Mask Cotton Earth Tones Adjustable Fitted #Facemask Dust Cover Handmade USA https://t.co/q0ihsKIir0 #etsyshp #shopsmall #facemasks #Fallfashion #giftideas #birthdaygifts #backtowork #commuter #gym #Thanksgiving #BTS #maskup #giftforwomen #gifts https://t.co/dLtgcwSGUg","id":"1439364875856265223","author_id":"2312319206","source":"Buffer","created_at":"2021-09-18T23:05:03.000Z"},{"lang":"en","possibly_sensitive":false,"text":"Guys partied Friday night, plain and simple.  So did I, not gonna lie.  Went to watch Shang Chi then karaoke then much bourbon.  If it’s any consolation, we had a great time.  Not much to do in Columbia so should be better next week.  #BBN #backtowork #sopissed","id":"1439362169167126532","author_id":"1085988902262005760","source":"Twitter for iPhone","created_at":"2021-09-18T22:54:17.000Z"},{"referenced_tweets":[{"type":"retweeted","id":"1438329580230782977"}],"lang":"en","possibly_sensitive":false,"text":"RT @liz_franczak: congrats to the governor #backtowork https://t.co/u6MFs83DMF","id":"1439358605300482057","author_id":"1038885730490171392","source":"Twitter for iPhone","created_at":"2021-09-18T22:40:08.000Z"},{"referenced_tweets":[{"type":"retweeted","id":"1395351533424885765"}],"lang":"en","possibly_sensitive":false,"text":"RT @sexymilfje: Finally we can go back to work !! \uD83C\uDF7E\uD83E\uDD42\uD83C\uDF89\uD83D\uDC99\uD83D\uDC9A\uD83D\uDC9B\uD83E\uDDE1\uD83D\uDC9C   \n#hoer #hooker #whore #spermwhore #slut #cumslut #teasy #backtowork #milf #fuc…","id":"1439355715727077376","author_id":"1246247658676801538","source":"Twitter for Android","created_at":"2021-09-18T22:28:39.000Z"},{"lang":"en","possibly_sensitive":false,"text":"Varsity has a rough weekend in terms of outcome going 1-4, but great volleyball played in every match! #saberstrong #learning #3setsfordays #forward #familyiseverything #backtowork","id":"1439354173544349703","author_id":"1415760048681279490","source":"Twitter for Android","created_at":"2021-09-18T22:22:31.000Z"},{"referenced_tweets":[{"type":"retweeted","id":"1439236518099525641"}],"lang":"en","possibly_sensitive":false,"text":"RT @shakonline: Did you know that we have a dedicated member of the team that can support you with preparing job applications, CV's and int…","id":"1439351991105429506","author_id":"941275786702737408","source":"Twitter for iPhone","created_at":"2021-09-18T22:13:51.000Z"},{"referenced_tweets":[{"type":"retweeted","id":"1439287946713047042"}],"lang":"en","possibly_sensitive":false,"text":"RT @cmh_books: @MarlinArchie Great for #backtoschool a new book embracing diversity and inclusion. Even great for #backtowork. #BeKind #amr…","id":"1439349194355994627","author_id":"1595270676","source":"Twitter Web App","created_at":"2021-09-18T22:02:44.000Z"},{"referenced_tweets":[{"type":"retweeted","id":"1439174244697526274"}],"lang":"en","possibly_sensitive":false,"text":"RT @coachlatimore: It’s always been a marathon, never a sprint the standard is still the standard #BackToWork","id":"1439338202918236167","author_id":"1399171168628846595","source":"Twitter for iPhone","created_at":"2021-09-18T21:19:03.000Z"},{"lang":"en","possibly_sensitive":false,"text":"A few sights from the game last night....\n#BackToWork #HailFairfield https://t.co/8Tjf9rSch0","id":"1439335229391613961","author_id":"2155546507","source":"Twitter Web App","created_at":"2021-09-18T21:07:14.000Z"},{"lang":"en","possibly_sensitive":false,"text":"Seriously America, it's time to go back work.\n\n@POTUS @SpeakerPelosi @chuckschumer people have gotten learned to be lazy &amp; take a hand out...it needs to end.\n\n#backtowork","id":"1439332842480226315","author_id":"814196329","source":"Twitter for Android","created_at":"2021-09-18T20:57:45.000Z"},{"referenced_tweets":[{"type":"retweeted","id":"1439288372762054666"}],"lang":"en","possibly_sensitive":true,"text":"RT @cmh_books: @BookSpotlight Great for #backtoschool a new book embracing diversity and inclusion. Even great for #backtowork. #BeKind #am…","id":"1439332692101840899","author_id":"444284249","source":"Twitter Web App","created_at":"2021-09-18T20:57:09.000Z"},{"lang":"en","possibly_sensitive":false,"text":"Employees at Google must now be vaccinated to work on campus. What's your business's policy on vaccines? \n\n#vaccination #Google #BackToWork https://t.co/fzCHd1Eli4","id":"1439332156644503556","author_id":"703256505542385667","source":"Hootsuite Inc.","created_at":"2021-09-18T20:55:02.000Z"},{"referenced_tweets":[{"type":"retweeted","id":"1439288372762054666"}],"lang":"en","possibly_sensitive":false,"text":"RT @cmh_books: @BookSpotlight Great for #backtoschool a new book embracing diversity and inclusion. Even great for #backtowork. #BeKind #am…","id":"1439323261716758528","author_id":"336801194","source":"Twitter Web App","created_at":"2021-09-18T20:19:41.000Z"},{"referenced_tweets":[{"type":"retweeted","id":"1439283402536935425"}],"lang":"en","possibly_sensitive":false,"text":"RT @Python4Fun: Read great books like Learn to program your own #cryptography on the #Numworks calculator - like codes or messages - using…","id":"1439321967295881216","author_id":"1337430590241562626","source":"Twitter","created_at":"2021-09-18T20:14:32.000Z"},{"referenced_tweets":[{"type":"retweeted","id":"1439283402536935425"}],"lang":"en","possibly_sensitive":false,"text":"RT @Python4Fun: Read great books like Learn to program your own #cryptography on the #Numworks calculator - like codes or messages - using…","id":"1439321966821969921","author_id":"1354047563280707586","source":"Twitter","created_at":"2021-09-18T20:14:32.000Z"},{"referenced_tweets":[{"type":"retweeted","id":"1439283402536935425"}],"lang":"en","possibly_sensitive":false,"text":"RT @Python4Fun: Read great books like Learn to program your own #cryptography on the #Numworks calculator - like codes or messages - using…","id":"1439321954104840197","author_id":"1287419748628615170","source":"Twitter","created_at":"2021-09-18T20:14:29.000Z"},{"referenced_tweets":[{"type":"retweeted","id":"1439283402536935425"}],"lang":"en","possibly_sensitive":false,"text":"RT @Python4Fun: Read great books like Learn to program your own #cryptography on the #Numworks calculator - like codes or messages - using…","id":"1439321944910925825","author_id":"1336432915941474305","source":"Twitter","created_at":"2021-09-18T20:14:27.000Z"},{"lang":"en","possibly_sensitive":false,"text":"You can play a vital role in getting America #backtowork with Pivot. If you are in search of a rewarding career in a healthcare setting that supports clinical excellence, superior patient care and teamwork, apply now! Now Hiring in https://t.co/UuULdNFN3w #Healthcare","id":"1439317024015110144","author_id":"1327282962950459396","source":"CareerArc 2.0","created_at":"2021-09-18T19:54:54.000Z"},{"referenced_tweets":[{"type":"retweeted","id":"1439288372762054666"}],"lang":"en","possibly_sensitive":false,"text":"RT @cmh_books: @BookSpotlight Great for #backtoschool a new book embracing diversity and inclusion. Even great for #backtowork. #BeKind #am…","id":"1439316893274451978","author_id":"1335604322265083904","source":"Twitter Web App","created_at":"2021-09-18T19:54:23.000Z"},{"referenced_tweets":[{"type":"retweeted","id":"1395351533424885765"}],"lang":"en","possibly_sensitive":false,"text":"RT @sexymilfje: Finally we can go back to work !! \uD83C\uDF7E\uD83E\uDD42\uD83C\uDF89\uD83D\uDC99\uD83D\uDC9A\uD83D\uDC9B\uD83E\uDDE1\uD83D\uDC9C   \n#hoer #hooker #whore #spermwhore #slut #cumslut #teasy #backtowork #milf #fuc…","id":"1439316294751371270","author_id":"1894825598","source":"Twitter for Android","created_at":"2021-09-18T19:52:00.000Z"},{"lang":"en","possibly_sensitive":false,"text":"PROVIDENCE, RI VIBESSS\uD83E\uDDCA\uD83E\uDDCA TONIGHT #BACKTOWORK @ Providence, Rhode Island https://t.co/wNCnIUGwte","id":"1439314761464885256","author_id":"148412128","source":"Instagram","created_at":"2021-09-18T19:45:54.000Z"},{"referenced_tweets":[{"type":"retweeted","id":"1439306398932865027"}],"lang":"en","possibly_sensitive":false,"text":"RT @ElkhornAntlerVB: Antlers defeat the Rockets in two sets for 3rd place in the silver bracket.\n#backtowork \n25-14\n25-18 https://t.co/lYPV…","id":"1439312750258397184","author_id":"2402039389","source":"Twitter for Android","created_at":"2021-09-18T19:37:55.000Z"},{"lang":"en","possibly_sensitive":false,"text":"Back to the grindstone on Monday, after 2 lovely weeks off with my good lady @clareykins87 - Holiday booked for next year too, only 352 days to go \uD83D\uDE00\uD83D\uDE00\uD83D\uDE00 #backtowork #busdriver #busdriverlife","id":"1439311101884354566","geo":{"place_id":"4caac408027bf2e3"},"author_id":"1263959643451207680","source":"Twitter for iPhone","created_at":"2021-09-18T19:31:22.000Z"},{"referenced_tweets":[{"type":"retweeted","id":"1439306398932865027"}],"lang":"en","possibly_sensitive":false,"text":"RT @ElkhornAntlerVB: Antlers defeat the Rockets in two sets for 3rd place in the silver bracket.\n#backtowork \n25-14\n25-18 https://t.co/lYPV…","id":"1439310517412237318","author_id":"1422929444382126082","source":"Twitter for iPhone","created_at":"2021-09-18T19:29:03.000Z"},{"lang":"und","possibly_sensitive":false,"text":"#AffiliateMarketing #NETWORKMARKETING #BackToWork #blockchain #2021goals #businessgoals #businessopportunity #businessowner #changinglives #cryptotrading","id":"1439309072139014160","author_id":"24929191","source":"Twitter for iPhone","created_at":"2021-09-18T19:23:18.000Z"},{"referenced_tweets":[{"type":"retweeted","id":"1439288192608268289"}],"lang":"en","possibly_sensitive":false,"text":"RT @cmh_books: @JackDeanna Great for #backtoschool a new book embracing diversity and inclusion. Even great for #backtowork. #BeKind #amrea…","id":"1439306978770161668","author_id":"2571981648","source":"Twitter for Android","created_at":"2021-09-18T19:14:59.000Z"},{"lang":"en","possibly_sensitive":false,"text":"Antlers defeat the Rockets in two sets for 3rd place in the silver bracket.\n#backtowork \n25-14\n25-18 https://t.co/lYPVM15gV8","id":"1439306398932865027","author_id":"2373240079","source":"Twitter for iPhone","created_at":"2021-09-18T19:12:41.000Z"},{"referenced_tweets":[{"type":"retweeted","id":"1439288557764448258"}],"lang":"en","possibly_sensitive":false,"text":"RT @cmh_books: @JWilliamsUSA_ Great for #backtoschool a new book embracing diversity and inclusion. Even great for #backtowork. #BeKind #am…","id":"1439305958900043780","author_id":"734069987602796545","source":"Twitter Web App","created_at":"2021-09-18T19:10:56.000Z"},{"lang":"en","possibly_sensitive":false,"text":"Fall Bronze Acorn Face Mask Orange Earth Tones Neutrals Cotton Fitted Adjustable #Facemask Handmade USA https://t.co/s7OC2GEKD9 #etsyshop #etsyhandmade #facemasks #Fallfashion #giftideas #birthdaygifts #backtowork #commuter #backtoschool #stockingstuffers #maskup #gifts https://t.co/43JMmEEwsy","id":"1439304477278937088","author_id":"2312319206","source":"Buffer","created_at":"2021-09-18T19:05:03.000Z"},{"referenced_tweets":[{"type":"retweeted","id":"1439290943866236932"}],"lang":"en","possibly_sensitive":false,"text":"RT @cmh_books: @CornDollyXx56 Great for #backtoschool a new book embracing diversity and inclusion. Even great for #backtowork. #BeKind #am…","id":"1439297981459619842","author_id":"708744350730211330","source":"Twitter for Android","created_at":"2021-09-18T18:39:14.000Z"},{"referenced_tweets":[{"type":"retweeted","id":"1439289069167542279"}],"lang":"en","possibly_sensitive":false,"text":"RT @cmh_books: @HarissonShaws Great for #backtoschool a new book embracing diversity and inclusion. Even great for #backtowork. #BeKind #am…","id":"1439297949205401605","author_id":"1283178906997186562","source":"Twitter for Android","created_at":"2021-09-18T18:39:06.000Z"},{"referenced_tweets":[{"type":"retweeted","id":"1439236518099525641"}],"lang":"en","possibly_sensitive":false,"text":"RT @shakonline: Did you know that we have a dedicated member of the team that can support you with preparing job applications, CV's and int…","id":"1439296119549435907","author_id":"1222963761524498434","source":"Twitter for iPhone","created_at":"2021-09-18T18:31:50.000Z"},{"referenced_tweets":[{"type":"retweeted","id":"1439291558700863488"}],"lang":"en","possibly_sensitive":false,"text":"RT @cmh_books: @NuttlyR Great for #backtoschool a new book embracing diversity and inclusion. Even great for #backtowork. #BeKind #amreadin…","id":"1439293320769916930","author_id":"1311412456611217408","source":"Twitter for Android","created_at":"2021-09-18T18:20:43.000Z"},{"lang":"en","possibly_sensitive":false,"text":"Prepping for the arrival of some #VIP swimmers today! What you got planned? #backtowork for me #poolgirl #lastweekendofsummer #lastsummerweekend \n#weekend #casdemaria #spool https://t.co/WgrZElq5Xd","id":"1439292992322293760","author_id":"33912889","source":"Instagram","created_at":"2021-09-18T18:19:24.000Z"},{"lang":"en","possibly_sensitive":false,"text":"What are some of the mistakes you should try avoid as a leader when you're returning to work? Don't assume that people don't want to return &amp; don't forget about flexibility! https://t.co/Ofy3DWiqrp via @Inc\n\n#BeChangeReady #Leadership #backtowork #futureofwork #Management https://t.co/jWoUaoP6ui","id":"1439292017448792064","author_id":"3050970763","source":"SmarterQueue","created_at":"2021-09-18T18:15:32.000Z"},{"referenced_tweets":[{"type":"replied_to","id":"1439180187720110082"}],"lang":"en","possibly_sensitive":false,"in_reply_to_user_id":"1188539930231934976","text":"@AuthorLinzFera Great for #backtoschool a new book embracing diversity and inclusion. Even great for #backtowork. #BeKind #amreading #BookBoost https://t.co/R2urT3Xzzs","id":"1439291691517702152","author_id":"1126951612914622464","source":"Twitter for iPhone","created_at":"2021-09-18T18:14:14.000Z"},{"referenced_tweets":[{"type":"retweeted","id":"1439287946713047042"}],"lang":"en","possibly_sensitive":false,"text":"RT @cmh_books: @MarlinArchie Great for #backtoschool a new book embracing diversity and inclusion. Even great for #backtowork. #BeKind #amr…","id":"1439291627680329731","author_id":"1424245135945068545","source":"Twitter for Android","created_at":"2021-09-18T18:13:59.000Z"},{"referenced_tweets":[{"type":"replied_to","id":"1439119458027507712"}],"lang":"en","possibly_sensitive":false,"in_reply_to_user_id":"1311412456611217408","text":"@NuttlyR Great for #backtoschool a new book embracing diversity and inclusion. Even great for #backtowork. #BeKind #amreading #BookBoost https://t.co/R2urT3Xzzs","id":"1439291558700863488","author_id":"1126951612914622464","source":"Twitter for iPhone","created_at":"2021-09-18T18:13:42.000Z"},{"referenced_tweets":[{"type":"replied_to","id":"1439038267257720834"}],"lang":"en","possibly_sensitive":false,"in_reply_to_user_id":"708744350730211330","text":"@CornDollyXx56 Great for #backtoschool a new book embracing diversity and inclusion. Even great for #backtowork. #BeKind #amreading #BookBoost https://t.co/R2urT3Xzzs","id":"1439290943866236932","author_id":"1126951612914622464","source":"Twitter for iPhone","created_at":"2021-09-18T18:11:16.000Z"},{"referenced_tweets":[{"type":"retweeted","id":"1439290413500616708"}],"lang":"en","possibly_sensitive":false,"text":"RT @cmh_books: @EmilyFBooks Great for #backtoschool a new book embracing diversity and inclusion. Even great for #backtowork. #BeKind #amre…","id":"1439290937390379010","author_id":"1374842257619218439","source":"Twitter for iPad","created_at":"2021-09-18T18:11:14.000Z"},{"referenced_tweets":[{"type":"replied_to","id":"1438952449390399493"}],"lang":"en","possibly_sensitive":false,"in_reply_to_user_id":"1374842257619218439","text":"@EmilyFBooks Great for #backtoschool a new book embracing diversity and inclusion. Even great for #backtowork. #BeKind #amreading #BookBoost https://t.co/R2urT3Xzzs","id":"1439290413500616708","author_id":"1126951612914622464","source":"Twitter for iPhone","created_at":"2021-09-18T18:09:09.000Z"},{"referenced_tweets":[{"type":"retweeted","id":"1439287946713047042"}],"lang":"en","possibly_sensitive":false,"text":"RT @cmh_books: @MarlinArchie Great for #backtoschool a new book embracing diversity and inclusion. Even great for #backtowork. #BeKind #amr…","id":"1439289931512250369","author_id":"1371683412499591169","source":"Twitter for iPhone","created_at":"2021-09-18T18:07:15.000Z"},{"referenced_tweets":[{"type":"replied_to","id":"1439201685738606598"}],"lang":"en","possibly_sensitive":false,"in_reply_to_user_id":"2783787047","text":"@laliaristo Great for #backtoschool a new book embracing diversity and inclusion. Even great for #backtowork. #BeKind #amreading #BookBoost https://t.co/R2urT3Xzzs","id":"1439289687902879744","author_id":"1126951612914622464","source":"Twitter for iPhone","created_at":"2021-09-18T18:06:16.000Z"},{"referenced_tweets":[{"type":"replied_to","id":"1438877483538034690"}],"lang":"en","possibly_sensitive":false,"in_reply_to_user_id":"934777977346379777","text":"@M_Cobbett71 Great for #backtoschool a new book embracing diversity and inclusion. Even great for #backtowork. #BeKind #amreading #BookBoost https://t.co/R2urT3Xzzs","id":"1439289583728934913","author_id":"1126951612914622464","source":"Twitter for iPhone","created_at":"2021-09-18T18:05:52.000Z"},{"referenced_tweets":[{"type":"replied_to","id":"1439102293421477893"}],"lang":"en","possibly_sensitive":false,"in_reply_to_user_id":"2750198702","text":"@PortalProphecy Great for #backtoschool a new book embracing diversity and inclusion. Even great for #backtowork. #BeKind #amreading #BookBoost https://t.co/R2urT3Xzzs","id":"1439289119545323521","author_id":"1126951612914622464","source":"Twitter for iPhone","created_at":"2021-09-18T18:04:01.000Z"},{"referenced_tweets":[{"type":"replied_to","id":"1439237927154995200"}],"lang":"en","possibly_sensitive":false,"in_reply_to_user_id":"1283178906997186562","text":"@HarissonShaws Great for #backtoschool a new book embracing diversity and inclusion. Even great for #backtowork. #BeKind #amreading #BookBoost https://t.co/R2urT3Xzzs","id":"1439289069167542279","author_id":"1126951612914622464","source":"Twitter for iPhone","created_at":"2021-09-18T18:03:49.000Z"},{"referenced_tweets":[{"type":"replied_to","id":"1439256723114561541"}],"lang":"en","possibly_sensitive":false,"in_reply_to_user_id":"734069987602796545","text":"@JWilliamsUSA_ Great for #backtoschool a new book embracing diversity and inclusion. Even great for #backtowork. #BeKind #amreading #BookBoost https://t.co/R2urT3Xzzs","id":"1439288557764448258","author_id":"1126951612914622464","source":"Twitter for iPhone","created_at":"2021-09-18T18:01:47.000Z"},{"referenced_tweets":[{"type":"replied_to","id":"1439271034985799686"}],"lang":"en","possibly_sensitive":false,"in_reply_to_user_id":"1335604322265083904","text":"@BookSpotlight Great for #backtoschool a new book embracing diversity and inclusion. Even great for #backtowork. #BeKind #amreading #BookBoost https://t.co/R2urT3Xzzs","id":"1439288372762054666","author_id":"1126951612914622464","source":"Twitter for iPhone","created_at":"2021-09-18T18:01:03.000Z"},{"referenced_tweets":[{"type":"replied_to","id":"1438976830854283268"}],"lang":"en","possibly_sensitive":false,"in_reply_to_user_id":"1413922327134355459","text":"@GortonJasmine Great for #backtoschool a new book embracing diversity and inclusion. Even great for #backtowork. #BeKind #amreading #BookBoost https://t.co/R2urT3Xzzs","id":"1439288303891599360","author_id":"1126951612914622464","source":"Twitter for iPhone","created_at":"2021-09-18T18:00:46.000Z"},{"referenced_tweets":[{"type":"replied_to","id":"1439193074039726084"}],"lang":"en","possibly_sensitive":false,"in_reply_to_user_id":"2571981648","text":"@JackDeanna Great for #backtoschool a new book embracing diversity and inclusion. Even great for #backtowork. #BeKind #amreading #BookBoost https://t.co/R2urT3Xzzs","id":"1439288192608268289","author_id":"1126951612914622464","source":"Twitter for iPhone","created_at":"2021-09-18T18:00:20.000Z"},{"referenced_tweets":[{"type":"replied_to","id":"1438954790269108224"}],"lang":"en","possibly_sensitive":false,"in_reply_to_user_id":"1084201562212323328","text":"@BandiCrawford Great for #backtoschool a new book embracing diversity and inclusion. Even great for #backtowork. #BeKind #amreading #BookBoost https://t.co/R2urT3Xzzs","id":"1439288018850877445","author_id":"1126951612914622464","source":"Twitter for iPhone","created_at":"2021-09-18T17:59:39.000Z"},{"referenced_tweets":[{"type":"replied_to","id":"1439124799981178881"}],"lang":"en","possibly_sensitive":false,"in_reply_to_user_id":"1371683412499591169","text":"@MarlinArchie Great for #backtoschool a new book embracing diversity and inclusion. Even great for #backtowork. #BeKind #amreading #BookBoost https://t.co/R2urT3Xzzs","id":"1439287946713047042","author_id":"1126951612914622464","source":"Twitter for iPhone","created_at":"2021-09-18T17:59:21.000Z"},{"lang":"en","possibly_sensitive":false,"text":"Full results for the Open Boys are available. https://t.co/QfnqNpVQy8\n\nRichard Spring XC Invitational #shazamracing #liveresultsftw #backtowork #xcracing https://t.co/h9zW8J8Kli","id":"1439284880404275202","author_id":"1199565632","source":"AthleticLIVE Admin App","created_at":"2021-09-18T17:47:10.000Z"},{"referenced_tweets":[{"type":"retweeted","id":"1439283402536935425"}],"lang":"en","possibly_sensitive":false,"text":"RT @Python4Fun: Read great books like Learn to program your own #cryptography on the #Numworks calculator - like codes or messages - using…","id":"1439284504275918849","author_id":"53716913","source":"tC_ProgrammingDesignBot","created_at":"2021-09-18T17:45:41.000Z"},{"referenced_tweets":[{"type":"retweeted","id":"1439283402536935425"}],"lang":"en","possibly_sensitive":false,"text":"RT @Python4Fun: Read great books like Learn to program your own #cryptography on the #Numworks calculator - like codes or messages - using…","id":"1439283536587116551","author_id":"1333859835243323392","source":"Twitter","created_at":"2021-09-18T17:41:50.000Z"},{"lang":"en","possibly_sensitive":false,"text":"Read great books like Learn to program your own #cryptography on the #Numworks calculator - like codes or messages - using only #python and this amazing #calculator! Read Python for NumWorks - https://t.co/y97lHv5aog #BacktoWork #Backtoschool #amazon #authors","id":"1439283402536935425","author_id":"353172269","source":"Twitter for Android","created_at":"2021-09-18T17:41:18.000Z"},{"referenced_tweets":[{"type":"retweeted","id":"1434879072459534340"}],"lang":"en","possibly_sensitive":false,"text":"RT @CindyMardenfeld: #LaborDay pays tribute to the contributions and #achievements of #American workers and is traditionally observed on th…","id":"1439278562905821189","author_id":"93100491","source":"Twitter for iPhone","created_at":"2021-09-18T17:22:04.000Z"},{"referenced_tweets":[{"type":"retweeted","id":"1434903566515273728"}],"lang":"en","possibly_sensitive":false,"text":"RT @mjsmith210: Great to be back at work after a very difficult 14 weeks. On behalf of all of the family, we would like to express our than…","id":"1439278300250218497","author_id":"1084817981555773441","source":"Twitter for iPhone","created_at":"2021-09-18T17:21:01.000Z"},{"lang":"en","possibly_sensitive":false,"text":"Apply with Acro Blue today! We have 50+ Production positions available. $14hr with long-term employment potential. #acroblue #backtowork #Back #applynow #Apply #weekendfun #weekendvibes #NOW #jobsearch #weekend #Illinois #mountvernonil #jobhunting #busyday #busylife #tired https://t.co/cHgE5HmHV0","id":"1439277538220593155","author_id":"1401955526401998848","source":"Twitter Web App","created_at":"2021-09-18T17:18:00.000Z"},{"lang":"en","possibly_sensitive":false,"text":"Full results for the FS Boys are available. https://t.co/BVxyQq5uLt\n\nRichard Spring XC Invitational #shazamracing #liveresultsftw #backtowork #xcracing https://t.co/pfm3fInNb3","id":"1439275363503312905","author_id":"1199565632","source":"AthleticLIVE Admin App","created_at":"2021-09-18T17:09:21.000Z"},{"lang":"en","possibly_sensitive":false,"text":"Create #SafeSpaces for your next company conference.\n\nUse SafeSpaces Advanced to keep everyone safe.\n\nStart planning your next gathering, and leave the safety protocols to us.\n\n#safepackages #safehaus #safehausgroup @196_Live #BackToWork #covidsafetysolutions\n#pandefense https://t.co/dfpJIeHxih","id":"1439269233456648199","author_id":"1291777628886560768","source":"TweetDeck","created_at":"2021-09-18T16:45:00.000Z"},{"lang":"en","possibly_sensitive":false,"text":"Full results for the Varsity Boys are available. https://t.co/85BYN6TgMN\n\nRichard Spring XC Invitational #shazamracing #liveresultsftw #backtowork #xcracing https://t.co/TzRakDx2xi","id":"1439266256960561155","author_id":"1199565632","source":"AthleticLIVE Admin App","created_at":"2021-09-18T16:33:10.000Z"},{"lang":"en","possibly_sensitive":false,"text":"First game of the Tracy Beard Showcase &amp; the bats were ON FIRE !\uD83D\uDD25\uD83D\uDD25 Leading off went 2-2 at the plate. \uD83D\uDC99\uD83D\uDC9B #BackToWork @SoftballEaton @ExtraInningSB https://t.co/Ju5sO3QO92","id":"1439258139174522885","author_id":"1303365329217892352","source":"Twitter for iPhone","created_at":"2021-09-18T16:00:55.000Z"},{"lang":"en","possibly_sensitive":false,"text":"Full results for the Varsity Girls are available. https://t.co/sOnME76dH1\n\nRichard Spring XC Invitational #shazamracing #liveresultsftw #backtowork #xcracing https://t.co/UM3aZjLfOH","id":"1439258006785597441","author_id":"1199565632","source":"AthleticLIVE Admin App","created_at":"2021-09-18T16:00:23.000Z"},{"referenced_tweets":[{"type":"retweeted","id":"1439154225661890566"}],"lang":"en","possibly_sensitive":false,"text":"RT @AAAbbottStories: #BackToWork? Enjoy a new #audiobook on your #commute.\n\nWhat readers are saying about BRIGHT LIES:\n⭐️⭐️⭐️⭐️⭐️\"Intense #…","id":"1439256328644567043","author_id":"2987359185","source":"Twitter Web App","created_at":"2021-09-18T15:53:43.000Z"},{"referenced_tweets":[{"type":"retweeted","id":"1439154225661890566"}],"lang":"en","possibly_sensitive":false,"text":"RT @AAAbbottStories: #BackToWork? Enjoy a new #audiobook on your #commute.\n\nWhat readers are saying about BRIGHT LIES:\n⭐️⭐️⭐️⭐️⭐️\"Intense #…","id":"1439252938736685061","author_id":"802186994130501632","source":"Twitter for Android","created_at":"2021-09-18T15:40:15.000Z"},{"lang":"en","possibly_sensitive":false,"text":"Full results for the FS Girls are available. https://t.co/cJKVOAhsut\n\nRichard Spring XC Invitational #shazamracing #liveresultsftw #backtowork #xcracing https://t.co/GtxntmvVIP","id":"1439251227037028354","author_id":"1199565632","source":"AthleticLIVE Admin App","created_at":"2021-09-18T15:33:27.000Z"},{"lang":"en","possibly_sensitive":false,"text":"Hello! Loved ones been inactive for some time and now we are back will spread hacks to grow social media.\n\n#backafterlongtime\n#backtowork\n#audienceislove","id":"1439246178210639877","author_id":"1313071653358727169","source":"Twitter for Android","created_at":"2021-09-18T15:13:23.000Z"},{"lang":"en","possibly_sensitive":false,"text":"Full results for the Open Girls are available. https://t.co/5TmJMnVOXX\n\nRichard Spring XC Invitational #shazamracing #liveresultsftw #backtowork #xcracing https://t.co/B4uC4bMGhS","id":"1439241484813967363","author_id":"1199565632","source":"AthleticLIVE Admin App","created_at":"2021-09-18T14:54:44.000Z"}],"meta":{"newest_id":"1439544882843033604","oldest_id":"1439241484813967363","result_count":100,"next_token":"b26v89c19zqg8o3fpdpa10m39966my82xxr8faakv3vy5"}}