{"data":[{"text":"RT @shakonline: Did you know that we have a dedicated member of the team that can support you with preparing job applications, CV's and int…","referenced_tweets":[{"type":"retweeted","id":"1439236518099525641"}],"source":"Twitter Web App","lang":"en","possibly_sensitive":false,"author_id":"20841895","id":"1439239295613734912","created_at":"2021-09-18T14:46:02.000Z"},{"text":"https://t.co/bC8xRj7cD7 #shopsmall #onlineshopping #100DaysOfCode #AffiliateMarketing #ad #anniversarygift #BacktoSchool2021 #backtowork","source":"Twitter for iPhone","lang":"und","possibly_sensitive":false,"author_id":"1329449437698158595","id":"1439236852918140930","created_at":"2021-09-18T14:36:20.000Z"},{"text":"Did you know that we have a dedicated member of the team that can support you with preparing job applications, CV's and interview skills? \n\nTo book a slot, contact info@shakonline.co.uk \n\n#employment #newjob #backtowork #careerchange #newstart #firstjob https://t.co/VoCXLFt1Wv","source":"TweetDeck","lang":"en","possibly_sensitive":false,"author_id":"248645534","id":"1439236518099525641","created_at":"2021-09-18T14:35:00.000Z"},{"text":"RT @KellyTa81130039: Titty Tuesday is here again, you’re welcome ☺️ #tittytuesday #sexy #milf #mombod #piercednipples #tattoos #backtowork…","referenced_tweets":[{"type":"retweeted","id":"1430187736858726403"}],"source":"Twitter for iPhone","lang":"en","possibly_sensitive":false,"author_id":"1180087510992424961","id":"1439228144125235212","created_at":"2021-09-18T14:01:43.000Z"},{"text":"RT @KellyTa81130039: Had to go to work today and get things ready to go back! Happy #thursday #milf #sexy #themeyes #tattoos #backtowork ht…","referenced_tweets":[{"type":"retweeted","id":"1431011306719518723"}],"source":"Twitter for iPhone","lang":"en","possibly_sensitive":false,"author_id":"1180087510992424961","id":"1439228081185509376","created_at":"2021-09-18T14:01:28.000Z"},{"text":"Had My best day Friday and my best week last week. But I can do better. Last week is over...Time to get back to work. Put in the time people. I promise it will pay off!\n\n#backtowork #stocks #daytrading #investing #hardworkpays https://t.co/fXlTqe4d1K","source":"Twitter Web App","lang":"en","possibly_sensitive":false,"author_id":"1431988948339920909","id":"1439227648732012547","created_at":"2021-09-18T13:59:45.000Z"},{"text":"RT @KellyTa81130039: Happy #tittytuesday! Back to work finally! #hot #sexy #milf #mombod #hotmom #backtowork #tattoos #piercednipples #tues…","referenced_tweets":[{"type":"retweeted","id":"1435250885139918848"}],"source":"Twitter for iPhone","lang":"en","possibly_sensitive":false,"author_id":"1180087510992424961","id":"1439227169490694154","created_at":"2021-09-18T13:57:51.000Z"},{"text":"@thetoolshedd @GVandagriff That was a tough one. Satisfying win though. Let’s Go Prince! #backtowork","in_reply_to_user_id":"533353832","referenced_tweets":[{"type":"replied_to","id":"1439087633490120705"}],"source":"Twitter for iPhone","lang":"en","possibly_sensitive":false,"author_id":"27959015","id":"1439225978220335110","created_at":"2021-09-18T13:53:07.000Z"},{"text":"RT @RavinderNadhori: राम राम भाई सारा नै।\uD83D\uDE4F\uD83C\uDFFB\uD83D\uDE4F\uD83C\uDFFB\n#backtowork #iamback #blessings #haryana #Congratulations #development \n@NaveenJaihind https:…","referenced_tweets":[{"type":"retweeted","id":"1439036775779819520"}],"source":"Twitter for Android","lang":"ne","possibly_sensitive":false,"author_id":"776448017159319552","id":"1439224896144375814","created_at":"2021-09-18T13:48:49.000Z"},{"text":"RT @carmelitadurso: Ultima corsetta in campagna \uD83C\uDFC3\uD83C\uDFFC‍♀️#maifermarsi #backtowork #colcuore❤️ https://t.co/0MJWyg5lw2","referenced_tweets":[{"type":"retweeted","id":"1298211733266472960"}],"source":"Twitter for iPhone","lang":"it","possibly_sensitive":false,"author_id":"992415421335785473","id":"1439224617017696263","created_at":"2021-09-18T13:47:42.000Z"},{"text":"RT @RavinderNadhori: राम राम भाई सारा नै।\uD83D\uDE4F\uD83C\uDFFB\uD83D\uDE4F\uD83C\uDFFB\n#backtowork #iamback #blessings #haryana #Congratulations #development \n@NaveenJaihind https:…","referenced_tweets":[{"type":"retweeted","id":"1439036775779819520"}],"source":"Twitter for Android","lang":"ne","possibly_sensitive":false,"author_id":"1405747321564909568","id":"1439219599174557697","created_at":"2021-09-18T13:27:46.000Z"},{"text":"RT @coachlatimore: It’s always been a marathon, never a sprint the standard is still the standard #BackToWork","referenced_tweets":[{"type":"retweeted","id":"1439174244697526274"}],"source":"Twitter for iPhone","lang":"en","possibly_sensitive":false,"author_id":"1407739161751207937","id":"1439216132435685382","created_at":"2021-09-18T13:13:59.000Z"},{"text":"RT @Moomettes: Fall Bronze Acorn Face Mask Orange Earth Tones Neutrals Cotton Fitted Adjustable #Facemask Handmade USA https://t.co/s7OC2GE…","referenced_tweets":[{"type":"retweeted","id":"1437794544733638665"}],"source":"Twitter for iPhone","lang":"en","possibly_sensitive":false,"author_id":"2604645022","id":"1439200893908443138","created_at":"2021-09-18T12:13:26.000Z"},{"text":".@TCS is planning to bring back employees to office towards this yearned or early next year. That’s assuming there’s no third wave of the pandemic.\n\n#backtooffice #tcs #backtowork \n\nhttps://t.co/XVQdrpauMF","source":"Twitter Web App","lang":"en","possibly_sensitive":false,"author_id":"1247522742842224650","id":"1439198723947450372","created_at":"2021-09-18T12:04:49.000Z"},{"text":"#Fall Face Mask #Halloween #Thanksgiving Gift #Autumn Cotton Adjustable Fitted Masks #Facemask Handmade USA https://t.co/QLv3JgYD7P #FallFaceMasks #Halloweentime #Friendsgiving #commuterlife #backtowork #BacktoSchool #giftideas #giftforkids #giftforwomen #gifts #MaskUp https://t.co/bt2RfifVLo","source":"Buffer","lang":"en","possibly_sensitive":false,"author_id":"2312319206","id":"1439197214404976645","created_at":"2021-09-18T11:58:49.000Z"},{"text":"RT @coachlatimore: It’s always been a marathon, never a sprint the standard is still the standard #BackToWork","referenced_tweets":[{"type":"retweeted","id":"1439174244697526274"}],"source":"Twitter for iPhone","lang":"en","possibly_sensitive":false,"author_id":"790745328597295104","id":"1439196770588930048","created_at":"2021-09-18T11:57:03.000Z"},{"text":"RT @thetoolshedd: Nice “W” WOLVERINES!! \n#backtowork #lGlo #tGbtg","referenced_tweets":[{"type":"retweeted","id":"1439087633490120705"}],"source":"Twitter for iPhone","lang":"en","possibly_sensitive":false,"author_id":"128257778","id":"1439194297866326016","created_at":"2021-09-18T11:47:14.000Z"},{"text":"RT @DevMeghna: COVID से निकल के सीधा CYCLONE में! Back to work after full recovery.. Feels so refreshing \uD83E\uDD1E\uD83E\uDD1E\n#backtowork \n#CycloneTauktae ht…","referenced_tweets":[{"type":"retweeted","id":"1395065821869744131"}],"source":"Twitter for Android","lang":"en","possibly_sensitive":false,"author_id":"1439112577116565508","id":"1439190479183101952","created_at":"2021-09-18T11:32:03.000Z"},{"text":"RT @coachlatimore: It’s always been a marathon, never a sprint the standard is still the standard #BackToWork","referenced_tweets":[{"type":"retweeted","id":"1439174244697526274"}],"source":"Twitter for iPhone","lang":"en","possibly_sensitive":false,"author_id":"1678790450","id":"1439187598774358021","created_at":"2021-09-18T11:20:37.000Z"},{"text":"RT @RavinderNadhori: राम राम भाई सारा नै।\uD83D\uDE4F\uD83C\uDFFB\uD83D\uDE4F\uD83C\uDFFB\n#backtowork #iamback #blessings #haryana #Congratulations #development \n@NaveenJaihind https:…","referenced_tweets":[{"type":"retweeted","id":"1439036775779819520"}],"source":"Twitter for iPhone","lang":"ne","possibly_sensitive":false,"author_id":"43851260","id":"1439181374259286018","created_at":"2021-09-18T10:55:52.000Z"},{"text":"RT @ParthDKarad: Day 15 of #100DaysOfCode \n\nGoing Back to JAVA for upcoming work\n \n#JAVA #Python #corporate #BackToWork #studytwt #javascri…","referenced_tweets":[{"type":"retweeted","id":"1438702610182066181"}],"source":"Twitter","lang":"en","possibly_sensitive":false,"author_id":"1314164146934513665","id":"1439175334205792257","created_at":"2021-09-18T10:31:52.000Z"},{"text":"It’s always been a marathon, never a sprint the standard is still the standard #BackToWork","source":"Twitter for iPhone","lang":"en","possibly_sensitive":false,"author_id":"262862358","id":"1439174244697526274","created_at":"2021-09-18T10:27:33.000Z"},{"text":"After COVID-19 forced millions into a #WFH lifestyle, many employees are now suffering anxiety at the thought of going #BackToWork. Here are 5 things you can do as an employer to support your employees! https://t.co/fH8HyTW82i","source":"Semrush Social Media Tool","lang":"en","possibly_sensitive":false,"author_id":"2862583811","id":"1439167314662940674","created_at":"2021-09-18T10:00:00.000Z"},{"text":"RT @ABExcellence: New lessons for how to return to the office.\n\nhttps://t.co/WBYqRmS4EK\n\n#backtowork #worklifebalance  #workingfromhome htt…","referenced_tweets":[{"type":"retweeted","id":"1438744654434942977"}],"source":"Twitter for iPhone","lang":"en","possibly_sensitive":false,"author_id":"340324887","id":"1439157380634324993","created_at":"2021-09-18T09:20:32.000Z"},{"text":"RT @AAAbbottStories: #BackToWork? Enjoy a new #audiobook on your #commute.\n\nWhat readers are saying about BRIGHT LIES:\n⭐️⭐️⭐️⭐️⭐️\"Intense #…","referenced_tweets":[{"type":"retweeted","id":"1439154225661890566"}],"source":"Twitter Web App","lang":"en","possibly_sensitive":false,"author_id":"2731852569","id":"1439154322974126082","created_at":"2021-09-18T09:08:23.000Z"},{"text":"#BackToWork? Enjoy a new #audiobook on your #commute.\n\nWhat readers are saying about BRIGHT LIES:\n⭐️⭐️⭐️⭐️⭐️\"Intense #PsychologicalThriller\"\n⭐️⭐️⭐️⭐️⭐️\"Compelling\"\n⭐️⭐️⭐️⭐️⭐️\"Speaks to the heart\"\n\nListen to a clip:\nhttps://t.co/U1yAshj0cL\n\n #BackToSchool #Audio\n\n*Please #Retweet* https://t.co/2k4dHq9LdO","source":"TweetDeck","lang":"en","possibly_sensitive":false,"author_id":"75590015","id":"1439154225661890566","created_at":"2021-09-18T09:08:00.000Z"},{"text":"RT @RavinderNadhori: राम राम भाई सारा नै।\uD83D\uDE4F\uD83C\uDFFB\uD83D\uDE4F\uD83C\uDFFB\n#backtowork #iamback #blessings #haryana #Congratulations #development \n@NaveenJaihind https:…","referenced_tweets":[{"type":"retweeted","id":"1439036775779819520"}],"source":"Twitter for Android","lang":"ne","possibly_sensitive":false,"author_id":"1316998067422363650","id":"1439140619880841219","created_at":"2021-09-18T08:13:56.000Z"},{"text":"Unpaid state pension: 'I'm disgusted by delays' \n&lt; What’s up ⁦@theresecoffey Not possible to get through to someone who can give an explanation! The slackers in the public sector hiding at home &amp; taking no responsibility. #BackToWork #pension \n\nhttps://t.co/TMiVcEbio5","source":"Twitter for iPhone","lang":"en","possibly_sensitive":false,"author_id":"1345692894640955392","id":"1439132470897688580","created_at":"2021-09-18T07:41:33.000Z"},{"text":"#goodmorning #goodvibes #girocolmagelys #desestapiena \uD83D\uDCA8 #tour #touring #italy #agropoli #cilento #turismo #backtowork #itwasabouttime \uD83D\uDCAA\uD83C\uDFFB #nunmollà \uD83E\uDDCF\uD83C\uDFFB @ Hotel Mare https://t.co/drmp9qESd4","geo":{"place_id":"a274b8aaf66683e4","coordinates":{"type":"Point","coordinates":[14.996196,40.35561993]}},"source":"Instagram","lang":"en","possibly_sensitive":false,"author_id":"287409724","id":"1439120262180577281","created_at":"2021-09-18T06:53:02.000Z"},{"text":"RT @WeWorkIndia: The increasing adoption of hybrid working has accelerated the need for cost-efficient, flexible workspaces. Find out how W…","referenced_tweets":[{"type":"retweeted","id":"1438843948533882894"}],"source":"Twitter for Android","lang":"en","possibly_sensitive":false,"author_id":"55668166","id":"1439118178240528384","created_at":"2021-09-18T06:44:45.000Z"},{"text":"How can your HR team build a fully inclusive and effective flexible workforce?\n\nhttps://t.co/EpeArbNPbI\n\n#flexibleworking #hr #humanresourcesmanagement #peoplemanagement #backtowork\n\nFor more information, please visit: https://t.co/JghdkFiFqb. https://t.co/3pPJbdsm70","source":"Buffer","lang":"en","possibly_sensitive":false,"author_id":"1291679929218867200","id":"1439106955075805186","created_at":"2021-09-18T06:00:10.000Z"},{"text":"Grateful that UBP Telemedicine has cleared me.  But sad that I now have to return to work.  Hehe.. That's 22 freedom days \uD83E\uDD23. #backtowork #aftercovid","source":"Twitter for Android","lang":"en","possibly_sensitive":false,"author_id":"134090218","id":"1439104290904150016","created_at":"2021-09-18T05:49:34.000Z"},{"text":"@stephanieg2023 @BOS_Volleyball @TAVVolleyball @Gosset41 @PrepDigTX It was great to watch you girls play this evening. Glad we could make it. You played great!!! #BackToWork","in_reply_to_user_id":"1033198021197156352","referenced_tweets":[{"type":"replied_to","id":"1439097121769201667"}],"source":"Twitter for iPhone","lang":"en","possibly_sensitive":false,"author_id":"710939025863880704","id":"1439102207157313537","created_at":"2021-09-18T05:41:18.000Z"},{"text":"RT @AZNJOCK1: “No rubber on this dick” says the construction worker \uD83C\uDFD7\uD83E\uDDBA\n\n“NO RUBBER AT ALL”\n“You’re taking it #bareback”\n\nAnother guy from t…","referenced_tweets":[{"type":"retweeted","id":"1434967256421728257"}],"source":"Twitter for iPhone","lang":"en","possibly_sensitive":false,"author_id":"1169097227815407617","id":"1439100622914031621","created_at":"2021-09-18T05:35:00.000Z"},{"text":"Eliminate safety worries and make your workplace Helo Secured!\n\nFor more details, visit the link in bio.\n\n#HeloHealth #ContactlessAttendance #AccessControl #OfficeSafety  #AI #VisitorManagement #ThermalCheck #FacialRecognition #BackInBusiness #BackToWork https://t.co/cpsdaP8ITe","source":"Twitter Web App","lang":"en","possibly_sensitive":false,"author_id":"1369706128980910080","id":"1439096766855405568","created_at":"2021-09-18T05:19:41.000Z"},{"text":"RT @thetoolshedd: Nice “W” WOLVERINES!! \n#backtowork #lGlo #tGbtg","referenced_tweets":[{"type":"retweeted","id":"1439087633490120705"}],"source":"Twitter for iPhone","lang":"en","possibly_sensitive":false,"author_id":"1315098535516397570","id":"1439089318405066753","created_at":"2021-09-18T04:50:05.000Z"},{"text":"Nice “W” WOLVERINES!! \n#backtowork #lGlo #tGbtg https://t.co/BxHwa4GHad","referenced_tweets":[{"type":"quoted","id":"1439053373068750849"}],"source":"Twitter for iPhone","lang":"en","possibly_sensitive":false,"author_id":"533353832","id":"1439087633490120705","created_at":"2021-09-18T04:43:23.000Z"},{"text":"RT @RavinderNadhori: राम राम भाई सारा नै।\uD83D\uDE4F\uD83C\uDFFB\uD83D\uDE4F\uD83C\uDFFB\n#backtowork #iamback #blessings #haryana #Congratulations #development \n@NaveenJaihind https:…","referenced_tweets":[{"type":"retweeted","id":"1439036775779819520"}],"source":"Twitter for Android","lang":"ne","possibly_sensitive":false,"author_id":"1275706431673688071","id":"1439079001968939010","created_at":"2021-09-18T04:09:05.000Z"},{"text":"RT @pinkysi40475597: राम राम भाई सारा नै।\uD83D\uDE4F\uD83C\uDFFB\uD83D\uDE4F\uD83C\uDFFB\n#backtowork #iamback #blessings #haryana #Congratulations #development \n@NaveenJaihind \n@Kuld…","referenced_tweets":[{"type":"retweeted","id":"1439064550796664835"}],"source":"Twitter for Android","lang":"ne","possibly_sensitive":false,"author_id":"746637888880685056","id":"1439078209270652931","created_at":"2021-09-18T04:05:56.000Z"},{"text":"RT @WeAteAllTheDodo: @finley_eliz @jljcolorado 50,000,000 completely un-#vaccinated under-12 kids nationwide were forced #backtoschool or d…","referenced_tweets":[{"type":"retweeted","id":"1438644699154235393"}],"source":"Twitter for iPad","lang":"en","possibly_sensitive":false,"author_id":"1123865897960185860","id":"1439067162459586565","created_at":"2021-09-18T03:22:02.000Z"},{"text":"राम राम भाई सारा नै।\uD83D\uDE4F\uD83C\uDFFB\uD83D\uDE4F\uD83C\uDFFB\n#backtowork #iamback #blessings #haryana #Congratulations #development \n@NaveenJaihind \n@KuldeepKadyan\n@AnoopSandhuAAP \n@hindustani_anil \n@ https://t.co/llZ4H9leDx","source":"Twitter for Android","lang":"ne","possibly_sensitive":false,"author_id":"706670197910827008","id":"1439064550796664835","created_at":"2021-09-18T03:11:40.000Z"},{"text":"RT @RavinderNadhori: राम राम भाई सारा नै।\uD83D\uDE4F\uD83C\uDFFB\uD83D\uDE4F\uD83C\uDFFB\n#backtowork #iamback #blessings #haryana #Congratulations #development \n@NaveenJaihind https:…","referenced_tweets":[{"type":"retweeted","id":"1439036775779819520"}],"source":"Twitter for Android","lang":"ne","possibly_sensitive":false,"author_id":"706670197910827008","id":"1439062510997442560","created_at":"2021-09-18T03:03:33.000Z"},{"text":"RT @cool_handbags: Heading back to the office?\n\nThe New You shouldn't be carrying an out of date purse.\n\nTotes | Messenger | Satchels | Clu…","referenced_tweets":[{"type":"retweeted","id":"1427617226736218119"}],"source":"Hypefury","lang":"en","possibly_sensitive":false,"author_id":"1385965158003052545","id":"1439062139172438017","created_at":"2021-09-18T03:02:05.000Z"},{"text":"RT @SDCweb: #SDCMember @ArminaLaManna #BackToWork with @LanternTheater #ProudToRepresent","referenced_tweets":[{"type":"retweeted","id":"1438979525363306503"}],"source":"Twitter for iPhone","lang":"en","possibly_sensitive":false,"author_id":"707489852","id":"1439040356490915848","created_at":"2021-09-18T01:35:31.000Z"},{"text":"राम राम भाई सारा नै।\uD83D\uDE4F\uD83C\uDFFB\uD83D\uDE4F\uD83C\uDFFB\n#backtowork #iamback #blessings #haryana #Congratulations #development \n@NaveenJaihind https://t.co/XMNTHQ3IO4","source":"Twitter for Android","lang":"ne","possibly_sensitive":false,"author_id":"1161662879675740160","id":"1439036775779819520","created_at":"2021-09-18T01:21:18.000Z"},{"text":"Watching ⁦@jadon_scarlett⁩  on livestream! Attaway to honor your father by using your gifts! Miss you. Go change the world!  #backtowork #gigem ⁦@AggieFootball⁩ ⁦@CDAFootballTX⁩ https://t.co/ToNY8jEIxy","source":"Twitter for iPhone","lang":"en","possibly_sensitive":false,"author_id":"53727149","id":"1439033135631568907","created_at":"2021-09-18T01:06:50.000Z"},{"text":"Back to work after a week\uD83D\uDC4D\uD83C\uDFFC It was a lot of catch up, but it was a productive day for sure \uD83D\uDE0A #workflow #backtowork #life","source":"Twitter for iPhone","lang":"en","possibly_sensitive":false,"author_id":"22492549","id":"1439031515225202690","created_at":"2021-09-18T01:00:23.000Z"},{"text":"RT @lovemydresses: https://t.co/D3JlNe9Oci #mostloved #cc #100DaysOfCode #affiliate #AmericanFashion #BacktoSchool2021 #backtowork #birthda…","referenced_tweets":[{"type":"retweeted","id":"1439031221108056069"}],"source":"Twitter","lang":"und","possibly_sensitive":false,"author_id":"955443550048608257","id":"1439031456647548935","created_at":"2021-09-18T01:00:09.000Z"},{"text":"RT @lovemydresses: https://t.co/D3JlNe9Oci #mostloved #cc #100DaysOfCode #affiliate #AmericanFashion #BacktoSchool2021 #backtowork #birthda…","referenced_tweets":[{"type":"retweeted","id":"1439031221108056069"}],"source":"TheDeveloperBot","lang":"und","possibly_sensitive":false,"author_id":"1250164632968298497","id":"1439031242754830340","created_at":"2021-09-18T00:59:18.000Z"},{"text":"https://t.co/D3JlNe9Oci #mostloved #cc #100DaysOfCode #affiliate #AmericanFashion #BacktoSchool2021 #backtowork #birthdaygift","source":"Twitter for iPhone","lang":"und","possibly_sensitive":false,"author_id":"1329449437698158595","id":"1439031221108056069","created_at":"2021-09-18T00:59:13.000Z"},{"text":"RT @TheLibraryStore: Do you want to stay in touch but struggle to find the right words? This sweet little set may be just what you need; yo…","referenced_tweets":[{"type":"retweeted","id":"1439015066456707076"}],"source":"Twitter Web App","lang":"en","possibly_sensitive":false,"author_id":"53952464","id":"1439026967924260866","created_at":"2021-09-18T00:42:19.000Z"},{"text":"RT @LevonHughey: You heard the man. Make it so @POTUS @JoeManchinWV @SenatorSinema @kyrstensinema @SpeakerPelosi @IlhanMN @Ilhan \n\n#unemplo…","referenced_tweets":[{"type":"retweeted","id":"1438831168863019009"}],"source":"Twitter Web App","lang":"en","possibly_sensitive":false,"author_id":"1330272398889857030","id":"1439023297879060484","created_at":"2021-09-18T00:27:44.000Z"},{"text":"Poor little Chester\uD83D\uDC3E\n\nWants mom to stay home some more♡\n\n#dogmom #TheEclecticRose \n#mustlovedogs #backtowork @ Hartville, Ohio https://t.co/KyRUaeackl","geo":{"place_id":"01e8637171768219","coordinates":{"type":"Point","coordinates":[-81.3398,40.9622]}},"source":"Instagram","lang":"en","possibly_sensitive":false,"author_id":"1220283504","id":"1439023176479133702","created_at":"2021-09-18T00:27:15.000Z"},{"text":"#ForgetNetflixAndChillLets get #backtowork in the raging #DeltaVariant. Lets even send 50 million kids to school in it! No #UBI, too, just lots of #studentloans debt and that good stagnant #minimumwage.\n\nAt least #FEMA is paying for the #COVID19-related funerals, that's a thing!","source":"Twitter Web App","lang":"en","possibly_sensitive":false,"author_id":"39130254","id":"1439023121642790912","created_at":"2021-09-18T00:27:02.000Z"},{"text":"RT @iands_design: Now that working from home is normal, is the office still relevant? Find out in the first of three Office Matters series…","referenced_tweets":[{"type":"retweeted","id":"1438929419591106562"}],"source":"Twitter Web App","lang":"en","possibly_sensitive":false,"author_id":"13779472","id":"1439022272648462339","created_at":"2021-09-18T00:23:40.000Z"},{"text":"Do you want to stay in touch but struggle to find the right words? This sweet little set may be just what you need; you’ll still have to come up with some things to say...just not too many somethings. #tinynotes #keepitbrief #backtowork #backtoschool #backinthegroove #snailmail https://t.co/cqbBKYyVYK","source":"Sprout Social","lang":"en","possibly_sensitive":false,"author_id":"61049993","id":"1439015066456707076","created_at":"2021-09-17T23:55:02.000Z"},{"text":"RT @JMcKenzie: Once-in-a-lifetime gigs R avail ⁦@SydneyTheatreCo⁩ in HR, graphic design, marketing, production. STC is a vibrant, innovativ…","referenced_tweets":[{"type":"retweeted","id":"1438668628799332354"}],"source":"Twitter for Android","lang":"en","possibly_sensitive":false,"author_id":"809477964358295552","id":"1439014511332061184","created_at":"2021-09-17T23:52:49.000Z"},{"text":"RT @SoundandComms: The Fall 2021 IT/AV Report is here! This issue explores various strategies for #AVtweeps to get #backtowork in the new #…","referenced_tweets":[{"type":"retweeted","id":"1438963470259556352"}],"source":"Twitter for iPhone","lang":"en","possibly_sensitive":false,"author_id":"17999795","id":"1438984050417483777","created_at":"2021-09-17T21:51:47.000Z"},{"text":"#SDCMember @LavinaJadhwani is a director-playwright and speaks here to her current piece in production with @EWPlayers #BackToWork #ProudToRepresent https://t.co/yRO7kLgK9Y","referenced_tweets":[{"type":"quoted","id":"1438657873211396099"}],"source":"Twitter Web App","lang":"en","possibly_sensitive":false,"author_id":"168767892","id":"1438981627330301957","created_at":"2021-09-17T21:42:09.000Z"},{"text":"#SDCMember @ArminaLaManna #BackToWork with @LanternTheater #ProudToRepresent https://t.co/C1WGjsLCeQ","referenced_tweets":[{"type":"quoted","id":"1438704266278023175"}],"source":"Twitter Web App","lang":"en","possibly_sensitive":false,"author_id":"168767892","id":"1438979525363306503","created_at":"2021-09-17T21:33:48.000Z"},{"text":"RT @Attavanti_com: #exclusive #handmade #backtowork Tuscan\"s designer range  #travel bags #worcestershirehour #online #OPEN #supportlocal #…","referenced_tweets":[{"type":"retweeted","id":"1438523049540681729"}],"source":"Twitter Web App","lang":"en","possibly_sensitive":false,"author_id":"482164086","id":"1438978730412716037","created_at":"2021-09-17T21:30:38.000Z"},{"text":"Bye bye Spain...\n#cycling #sunandfun #backtowork\n#supercompensation #power @ Hotel Cap Negret - Altea https://t.co/IS7fYLGAUu","geo":{"place_id":"30a41d8900aad369","coordinates":{"type":"Point","coordinates":[-0.03834218,38.60909706]}},"source":"Instagram","lang":"ht","possibly_sensitive":false,"author_id":"298145772","id":"1438978212772466690","created_at":"2021-09-17T21:28:35.000Z"},{"text":"RT @SDCweb: Happy First Performance to #SDCMembers Lucy Moss, Jamie Armitage, Carrie-Anne Ingrouille and Annie-B Parson and the companies o…","referenced_tweets":[{"type":"retweeted","id":"1438865704359534594"}],"source":"TweetDeck","lang":"en","possibly_sensitive":false,"author_id":"2732355133","id":"1438978111190753281","created_at":"2021-09-17T21:28:11.000Z"},{"text":"RT @Jacquiemclaren: Night all , \uD83D\uDE4F I don't wake at 6am \n#backtowork #longshift https://t.co/XpqMnxnVbd","referenced_tweets":[{"type":"retweeted","id":"1438973235148775430"}],"source":"Glasgow Watch","lang":"en","possibly_sensitive":false,"author_id":"930931544692350976","id":"1438973433770123264","created_at":"2021-09-17T21:09:36.000Z"},{"text":"Night all , \uD83D\uDE4F I don't wake at 6am \n#backtowork #longshift https://t.co/XpqMnxnVbd","source":"Twitter for Android","lang":"en","possibly_sensitive":false,"author_id":"755122628508192768","id":"1438973235148775430","created_at":"2021-09-17T21:08:48.000Z"},{"text":"#acroblue is Hiring! #weekendvibes #weekend #jobsearch #jobseekers #BackToWork #Ohio #masonohio #Toledo https://t.co/9kPxP7lTVj","source":"Twitter Web App","lang":"en","possibly_sensitive":false,"author_id":"1298220410358706177","id":"1438972097825476609","created_at":"2021-09-17T21:04:17.000Z"},{"text":"RT @LevonHughey: You heard the man. Make it so @POTUS @JoeManchinWV @SenatorSinema @kyrstensinema @SpeakerPelosi @IlhanMN @Ilhan \n\n#unemplo…","referenced_tweets":[{"type":"retweeted","id":"1438831168863019009"}],"source":"Twitter Web App","lang":"en","possibly_sensitive":false,"author_id":"228320007","id":"1438964961443713025","created_at":"2021-09-17T20:35:56.000Z"},{"text":"RT @SoundandComms: The Fall 2021 IT/AV Report is here! This issue explores various strategies for #AVtweeps to get #backtowork in the new #…","referenced_tweets":[{"type":"retweeted","id":"1438963470259556352"}],"source":"Twitter for iPhone","lang":"en","possibly_sensitive":false,"author_id":"101582811","id":"1438963873625919496","created_at":"2021-09-17T20:31:36.000Z"},{"text":"Dave does the work. You’re expendable. #furlough #BackToWork https://t.co/LNA68y99CY","source":"Twitter for iPhone","lang":"en","possibly_sensitive":false,"author_id":"1424396468912263168","id":"1438963800070361092","created_at":"2021-09-17T20:31:19.000Z"},{"text":"The Fall 2021 IT/AV Report is here! This issue explores various strategies for #AVtweeps to get #backtowork in the new #hybridwork environment.\n\nhttps://t.co/tH4MylIwuu","source":"TweetDeck","lang":"en","possibly_sensitive":false,"author_id":"459805335","id":"1438963470259556352","created_at":"2021-09-17T20:30:00.000Z"},{"text":"Floors  Industrail Wringer Blue  and we also sell mops and buckets https://t.co/hRwLX59Ws2\n\n#hygiene #BackToSchool #backtowork https://t.co/98ZYKc9UxG","source":"Twitter Web App","lang":"en","possibly_sensitive":false,"author_id":"2327013942","id":"1438955453929730049","created_at":"2021-09-17T19:58:09.000Z"},{"text":"Stuck on how to reduce employees' return-to-work stress? You're not alone. \uD83D\uDE4C \n\nTake a look at some insightful advice from #HRnews for more: https://t.co/4ndXkSOF16 \uD83D\uDC40 \n\n#backtowork #employeewellbeing https://t.co/YX6D1A4BVv","source":"MeetEdgar","lang":"en","possibly_sensitive":false,"author_id":"19269735","id":"1438952162374062080","created_at":"2021-09-17T19:45:04.000Z"},{"text":"RT @sanseverinonap1: Ripartenze in stile british \uD83D\uDC54\nScopri la linea di #cravatte regimental \uD83D\uDC47\nhttps://t.co/11TyAECD09\n\n#tie #puraseta #regim…","referenced_tweets":[{"type":"retweeted","id":"1437702696702812161"}],"source":"Twitter for Android","lang":"it","possibly_sensitive":false,"author_id":"1340630089663455233","id":"1438944744806174723","created_at":"2021-09-17T19:15:36.000Z"},{"text":"Es wird Herbst... \n\n#BackToWork auf #EigeneGefahr \uD83D\uDEB2\uD83D\uDEB2\uD83D\uDEB2 https://t.co/UoI0svqieD","source":"Twitter for Android","lang":"de","possibly_sensitive":false,"author_id":"4392542655","id":"1438943224551333891","created_at":"2021-09-17T19:09:33.000Z"},{"text":"Fall Bronze Acorn Face Mask Orange Earth Tones Neutrals Cotton Fitted Adjustable #Facemask Handmade USA https://t.co/s7OC2GEKD9 #etsyshop #etsyhandmade #facemasks #Fallfashion #giftideas #birthdaygifts #backtowork #commuter #backtoschool #stockingstuffers #maskup #gifts https://t.co/YAgdYD19Bu","source":"Buffer","lang":"en","possibly_sensitive":false,"author_id":"2312319206","id":"1438942089270730762","created_at":"2021-09-17T19:05:02.000Z"},{"text":"Need a safe &amp; flexible way to welcome teams back to the office within your existing space?\n\nOur Air acoustic panels flex to fit shared spaces, providing the perfect sound &amp; visual privacy for your team. \n\n#soundmasking #safety #privacy \n#acousticsolutions #backtowork https://t.co/2oHMjXMb41","source":"Hootsuite Inc.","lang":"en","possibly_sensitive":false,"author_id":"1279073320193925121","id":"1438940961955106829","created_at":"2021-09-17T19:00:34.000Z"},{"text":"Preparing your pets for your return #BackToWork doesn’t have to be challenging! Thank you @breakfasttv for having us today to share tips on pet separation anxiety. \n\nDid you miss it? Check it out here for the chance to win a bonus $300 Pet Valu gift card! https://t.co/W7fjcrijhV https://t.co/XAoGXsI7tZ","source":"Twitter for iPhone","lang":"en","possibly_sensitive":false,"author_id":"105921589","id":"1438939999043469316","created_at":"2021-09-17T18:56:44.000Z"},{"text":"RT @ArkansasDWS: We Can Help Your Business\n✔Post your jobs!\n✔Find qualified employees!\n✔Fill your positions!\n✔Report Refusals of Work!\nFor…","referenced_tweets":[{"type":"retweeted","id":"1438858834680889346"}],"source":"Twitter for Android","lang":"en","possibly_sensitive":false,"author_id":"822642350505807873","id":"1438938766853476357","created_at":"2021-09-17T18:51:50.000Z"},{"text":"RT @StillDizzy2: I haven't wore jeans in over a year. Monday will change that.\n#BackToWork","referenced_tweets":[{"type":"retweeted","id":"1438930097923362827"}],"source":"bot rt jeans","lang":"en","possibly_sensitive":false,"author_id":"2282498664","id":"1438930234972200961","created_at":"2021-09-17T18:17:56.000Z"},{"text":"I haven't wore jeans in over a year. Monday will change that.\n#BackToWork","source":"Twitter for Android","lang":"en","possibly_sensitive":false,"author_id":"1329108968598364165","id":"1438930097923362827","created_at":"2021-09-17T18:17:24.000Z"},{"text":"Now that working from home is normal, is the office still relevant? Find out in the first of three Office Matters series from our friends at BIFMA: https://t.co/JusaVKkkPy.\n\n#backtowork #workfromhome #workplacedesign #postcovidworkplace #hybridoffice #newnormal https://t.co/PWujMPRqGU","source":"Twitter Web App","lang":"en","possibly_sensitive":false,"author_id":"48069769","id":"1438929419591106562","created_at":"2021-09-17T18:14:42.000Z"},{"text":"Now that working from home is normal, is the office still relevant? Find out in the first of three Office Matters series from our friends at BIFMA: https://t.co/sXp4KPo9AW.\n\n#backtowork #workfromhome #workplacedesign #postcovidworkplace #hybridoffice #newnormal https://t.co/IGY4JGBZmy","source":"Twitter Web App","lang":"en","possibly_sensitive":false,"author_id":"36099823","id":"1438929308051984393","created_at":"2021-09-17T18:14:15.000Z"},{"text":"You win some, you lose some. It’s not about how you fall, but how you get back up!! Proud of these players and coaches!! @JMHS_RamFBall #RamPride #BackToWork https://t.co/opXKWnDa8b","source":"Twitter for iPhone","lang":"en","possibly_sensitive":false,"author_id":"151935894","id":"1438927021476884483","created_at":"2021-09-17T18:05:10.000Z"},{"text":"Will perks bring people back to the office?\n\nhttps://t.co/mTKdvk2omQ\n\n#backtowork #wfh https://t.co/9F2rjwxTDZ","source":"Hootsuite Inc.","lang":"en","possibly_sensitive":false,"author_id":"2787764468","id":"1438925980572258305","created_at":"2021-09-17T18:01:02.000Z"},{"text":"RT @Impamark: Are you #BackToSchool or #BackToWork this week? If so, get back in style with our Impamark essentials \uD83D\uDE0E\n\nTo #win:\n\n\uD83D\uDDA5️ #Like &amp;…","referenced_tweets":[{"type":"retweeted","id":"1433758108136972291"}],"source":"Twitter Web App","lang":"en","possibly_sensitive":false,"author_id":"1027242953608257536","id":"1438925094575804418","created_at":"2021-09-17T17:57:31.000Z"},{"text":"Vintage Black Adventure Canvas Backpack https://t.co/V0pX6kSsrH \n\nBag Capacity - 18 Litres\nDimensions - 36 x 30 x 16cm \n\n#bag #backtowork #travel #feelgoodfriday #yourbizhour","source":"Twitter Web App","lang":"en","possibly_sensitive":false,"author_id":"228826153","id":"1438925001856626688","created_at":"2021-09-17T17:57:09.000Z"},{"text":"RT @PinellasFCU: #NowHiring a Member Service Representative &amp; IT Specialist, &amp; it may be the perfect fit for you! Check out https://t.co/ng…","referenced_tweets":[{"type":"retweeted","id":"1438922763230605317"}],"source":"Twitter Web App","lang":"en","possibly_sensitive":false,"author_id":"154609429","id":"1438924439614156800","created_at":"2021-09-17T17:54:54.000Z"},{"text":"End of #furlough #backtowork #backtotheoffice #gotowork #gotowork\uD83D\uDCAA \n\nNO MORE #workathome #lockdownend #endoflockdown #endoflockdown2021 #getbacktowork #newchallenge #newchallenge #kids #adults #adulthood #bestrong #kidshelp #nodetention #playtime #zootrip https://t.co/xxlr2cyjzq","source":"Twitter for iPhone","lang":"en","possibly_sensitive":true,"author_id":"132163121","id":"1438924234143805441","created_at":"2021-09-17T17:54:05.000Z"},{"text":"RT @PinellasFCU: #NowHiring a Member Service Representative &amp; IT Specialist, &amp; it may be the perfect fit for you! Check out https://t.co/ng…","referenced_tweets":[{"type":"retweeted","id":"1438922763230605317"}],"source":"betterjobsearch","lang":"en","possibly_sensitive":false,"author_id":"58044082","id":"1438924177671692289","created_at":"2021-09-17T17:53:52.000Z"},{"text":"#NowHiring a Member Service Representative &amp; IT Specialist, &amp; it may be the perfect fit for you! Check out https://t.co/ngg9IwY5Ny &amp; apply online \n#HIRING #NOWHIRING #FLORIDAJOBS #WORK #PINELLAS #PINELLASCOUNTY #JOBSEARCH #CAREERS #JOB #JOBS  #BACKTOWORK #EMPLOYMENT #PINELLASJOBS https://t.co/Zn62SUSlAe","source":"Twitter Web App","lang":"en","possibly_sensitive":false,"author_id":"34602859","id":"1438922763230605317","created_at":"2021-09-17T17:48:15.000Z"},{"text":"Do think things feel busier right now in school because we have so many more choices and activities we can organise, due to minimal restrictions? More freedom=more organisation=more fun=more work?! #backtowork #schoollife #edutwitter","source":"Twitter for iPhone","lang":"en","possibly_sensitive":false,"author_id":"250763651","id":"1438921225984745472","created_at":"2021-09-17T17:42:08.000Z"},{"text":"RT @liz_franczak: congrats to the governor #backtowork https://t.co/u6MFs83DMF","referenced_tweets":[{"type":"retweeted","id":"1438329580230782977"}],"source":"Twitter Web App","lang":"en","possibly_sensitive":false,"author_id":"1223676694822670336","id":"1438920988624752647","created_at":"2021-09-17T17:41:12.000Z"},{"text":"Poor Steve did not have a good first day #BackToWork https://t.co/tweIe1I8MC","referenced_tweets":[{"type":"quoted","id":"1436355265671143427"}],"source":"Twitter for iPad","lang":"en","possibly_sensitive":false,"author_id":"2598635743","id":"1438917428294127620","created_at":"2021-09-17T17:27:03.000Z"},{"text":"https://t.co/DNAgfrtBSc Sometimes you need more than a vacation! How do you re-energize when you come back? #vacation #backtowork #coiexecutives","source":"Hootsuite Inc.","lang":"en","possibly_sensitive":false,"author_id":"414154524","id":"1438901832265371649","created_at":"2021-09-17T16:25:04.000Z"},{"text":"Day 1 in office done. Surprising how many people feel ok in enclosed space without a mask. \n#Covid_19 \n#BackToWork","source":"Twitter for Android","lang":"en","possibly_sensitive":false,"author_id":"2870490346","id":"1438900693260283916","created_at":"2021-09-17T16:20:33.000Z"},{"text":"RT @OMJGreeneCounty: Did you know that you can train while you get paid? \nFind out more about On-The-Job Training opportunities \nnear you b…","referenced_tweets":[{"type":"retweeted","id":"1438533950750744578"}],"source":"Twitter for iPhone","lang":"en","possibly_sensitive":false,"author_id":"143572453","id":"1438899303951609857","created_at":"2021-09-17T16:15:02.000Z"},{"text":"RT @theUnique_J: Every morning meeting ... I miss my office! \uD83D\uDE08\n#BackToWork https://t.co/EKNHelaBke","referenced_tweets":[{"type":"retweeted","id":"1434209781196197889"}],"source":"Twitter for Android","lang":"en","possibly_sensitive":true,"author_id":"868262997126500353","id":"1438899278064259077","created_at":"2021-09-17T16:14:56.000Z"},{"text":"RT @ArkansasDWS: We Can Help Your Business\n✔Post your jobs!\n✔Find qualified employees!\n✔Fill your positions!\n✔Report Refusals of Work!\nFor…","referenced_tweets":[{"type":"retweeted","id":"1438858834680889346"}],"source":"Twitter for iPhone","lang":"en","possibly_sensitive":false,"author_id":"143572453","id":"1438898750555054090","created_at":"2021-09-17T16:12:50.000Z"},{"text":"#Fall Brown Floral Face Mask Cotton Earth Tones Adjustable Fitted #Facemask Dust Cover Handmade USA https://t.co/q0ihsKIir0 #etsyshp #shopsmall #facemasks #Fallfashion #giftideas #birthdaygifts #backtowork #commuter #gym #backtoschool #BTS #maskup #giftforwomen #gifts https://t.co/aNHSIjjpQa","source":"Buffer","lang":"en","possibly_sensitive":false,"author_id":"2312319206","id":"1438896834055921666","created_at":"2021-09-17T16:05:13.000Z"},{"text":"Does your team culture at work need some TLC? These tips can help. https://t.co/IPmLY2W972 #leadership #motivation #backtowork","source":"TweetDeck","lang":"en","possibly_sensitive":false,"author_id":"23366176","id":"1438896276536324097","created_at":"2021-09-17T16:03:00.000Z"}],"meta":{"newest_id":"1439239295613734912","oldest_id":"1438896276536324097","result_count":100,"next_token":"b26v89c19zqg8o3fpdp9m7u0dwhwrr3oyn0pl1t5kwtx9"}}