{"data":[{"id":"1438895405463375878","lang":"und","author_id":"274084918","created_at":"2021-09-17T15:59:32.000Z","text":"RT @joseamayo: LFG! @RustBuiltPgh @kitmueller\n#RustBuilt #BackToWork #Founders #InPersonConferences https://t.co/yz2HkettQM","possibly_sensitive":false,"referenced_tweets":[{"type":"retweeted","id":"1438895277872648196"}],"source":"Twitter for iPhone"},{"id":"1438895277872648196","lang":"und","author_id":"17490724","created_at":"2021-09-17T15:59:02.000Z","text":"LFG! @RustBuiltPgh @kitmueller\n#RustBuilt #BackToWork #Founders #InPersonConferences https://t.co/yz2HkettQM","possibly_sensitive":false,"source":"Twitter for Android"},{"id":"1438893631553814535","lang":"en","author_id":"27024603","created_at":"2021-09-17T15:52:29.000Z","text":"this is me. #BacktoSchool2021 #BackToWork https://t.co/ImysnzFUiu","possibly_sensitive":false,"referenced_tweets":[{"type":"quoted","id":"1436355265671143427"}],"source":"Twitter Web App"},{"id":"1438891794675163152","lang":"en","author_id":"1189955788850290694","created_at":"2021-09-17T15:45:11.000Z","text":"⁦@Bloomberg⁩ #NYC Renters Face 70% Increases as #Pandemic Discounts Expire - definitely a flood of tenants coming to NYC b/c of #BackToWork, but that trend should slow down with companies pushing off the return to next year given the #DeltaVariant  https://t.co/hZbamqEkGv","possibly_sensitive":false,"source":"Twitter for iPhone"},{"id":"1438891793899208707","lang":"en","author_id":"4714787102","created_at":"2021-09-17T15:45:11.000Z","text":"Update your fall stationery wardrobe -- try a ruby red border or ivory paper. Try out a new monogram or lettering style. Find our personalized stationery at your favorite EG retailer. \n\n#shoplocal #shopsmall #personalizedstationery #embossing #monogrammedstationery #backtowork https://t.co/FbEw31eGoL","possibly_sensitive":false,"source":"Hootsuite Inc."},{"id":"1438891370773684224","lang":"en","author_id":"288718522","created_at":"2021-09-17T15:43:30.000Z","text":"RT @coinadrink: Whether you're looking to simply enhance or completely overhaul your workplace to welcome your team back safely, we can hel…","possibly_sensitive":false,"referenced_tweets":[{"type":"retweeted","id":"1438867846394699778"}],"source":"Twitter for Android"},{"id":"1438889913320083468","lang":"en","author_id":"257124389","created_at":"2021-09-17T15:37:43.000Z","text":"OAM's work conditioning program has an 85% rate of successful case resolution. Our Registered Occupational Therapist (OT) and Certified OT Assistants are able to treat any musculoskeletal diagnosis from your neck down to your feet.\n#BackToWork #WorkConditioning #OAM #Orthopaedics https://t.co/0wOlLumJgX","possibly_sensitive":false,"source":"Twitter Web App"},{"id":"1438889469239865347","lang":"en","author_id":"386908555","created_at":"2021-09-17T15:35:57.000Z","text":"RT @KellyTa81130039: Happy #tittytuesday! Back to work finally! #hot #sexy #milf #mombod #hotmom #backtowork #tattoos #piercednipples #tues…","possibly_sensitive":false,"referenced_tweets":[{"type":"retweeted","id":"1435250885139918848"}],"source":"Twitter for Android"},{"id":"1438888960277819397","lang":"en","author_id":"38837467","created_at":"2021-09-17T15:33:56.000Z","text":"RT @Moomettes: #Fall Floral Face Mask Orange  Gold Metallic Black Adjustable Cotton #Facemask Handmade USA https://t.co/Q32W3Uswfa #FallFac…","possibly_sensitive":false,"referenced_tweets":[{"type":"retweeted","id":"1438888116228603913"}],"source":"Twitter Web App"},{"id":"1438888731939856386","lang":"en","author_id":"18948141","created_at":"2021-09-17T15:33:01.000Z","text":"Deciding to go back to work after an extended absence can often be a difficult decision. So, FlexJobs is here to help you make the best decision for you and your family. #returntowork #remotework #remotejobs #backtowork \n\nhttps://t.co/nYQqVW4xrO","possibly_sensitive":false,"source":"Sprout Social"},{"id":"1438888116228603913","lang":"en","author_id":"2312319206","created_at":"2021-09-17T15:30:34.000Z","text":"#Fall Floral Face Mask Orange  Gold Metallic Black Adjustable Cotton #Facemask Handmade USA https://t.co/Q32W3Uswfa #FallFaceMasks #Halloween #Halloweentime #Thanksgiving #Friendsgiving #commuterlife #backtowork #BacktoSchool #giftideas #giftforkids #giftforwomen #gifts #MaskUp https://t.co/g4nMwVHVFH","possibly_sensitive":false,"source":"Buffer"},{"id":"1438885484634288135","lang":"en","author_id":"253941456","created_at":"2021-09-17T15:20:07.000Z","text":"As well as offering support for businesses struggling to return to work after lockdowns, people counting delivers a range of benefits\n#Security #AccessControl #PeopleCounting #Occupancy #COVIDsecure #BacktoWork #NewNormal\nCOSMO Software @cosmo_software \nhttps://t.co/WyoDGVZr9R","possibly_sensitive":false,"source":"Hootsuite Inc."},{"id":"1438884869736747008","lang":"en","author_id":"1273238129898651648","created_at":"2021-09-17T15:17:40.000Z","text":"A panel of #vaccine experts is meeting today as to whether #boostershots should be reco'd by the #FDA. #backtonormal\n\nhttps://t.co/pKbGEwSSL6\n\n#backtowork #pandemiclife #covid19prevention #covid #publichealth #healthcare #coronavirus #pfizer #moderna #covax #deltavariant https://t.co/QUK4NLH4Xh","possibly_sensitive":false,"source":"Twitter Web App"},{"id":"1438884735892209672","lang":"en","author_id":"180086675","created_at":"2021-09-17T15:17:08.000Z","text":"South Boston! We’re hosting a Job Fair Wednesday, September 22nd from 10:00-2:00 in the Heritage House parking lot. Come early, because the first 25 applicants get a gift certificate to Dairy Dell!  Let’s get you #backtowork! #applytoday #hiringnow https://t.co/VQ8XORA1HU","possibly_sensitive":false,"source":"Twitter for iPhone"},{"id":"1438884383981666314","lang":"en","author_id":"1385259013663641603","created_at":"2021-09-17T15:15:44.000Z","text":"This is probably the first-ever generation of parents who have spent a great deal of time in the last 18 months with their kids in their homes. #workfromhome #pandemic #family #remotejobs #coronavirus #regularoffices #topcompanies #hiring #hire #backtowork #homejobs #parenting https://t.co/mxrZtAbgoN","possibly_sensitive":false,"in_reply_to_user_id":"1385259013663641603","referenced_tweets":[{"type":"replied_to","id":"1438884376503209990"}],"source":"Twitter Web App"},{"id":"1438876610170703876","lang":"en","author_id":"821082807221055488","created_at":"2021-09-17T14:44:51.000Z","text":"As most of us slowly get into the #backtowork mode (or not!), the question is: do really want a return to the way things were before? How do we deal with the productivity culture? Can we move towards a healthier (im)balance—while still getting things done?","possibly_sensitive":false,"in_reply_to_user_id":"821082807221055488","referenced_tweets":[{"type":"replied_to","id":"1438876607800819724"}],"source":"Twitter Web App"},{"id":"1438876480872779776","lang":"und","author_id":"1329449437698158595","created_at":"2021-09-17T14:44:20.000Z","text":"https://t.co/d1OoePbfkV #100DaysOfCode #Ad #afflink #Fashionista #fashionstyle #fashionfriday #anniversarygift #BacktoSchool2021 #backtowork","possibly_sensitive":false,"source":"Twitter for iPhone"},{"id":"1438872469385928711","lang":"en","author_id":"894603184701943809","created_at":"2021-09-17T14:28:24.000Z","text":"Visit https://t.co/3QETyCDMS0 today to learn more about our programs! #newhaven #CT #AdultLearner #backtowork #ConnCAT https://t.co/zKu87tm8Se","possibly_sensitive":false,"source":"Twitter Web App"},{"id":"1438870704875790337","lang":"en","author_id":"730111814550327296","created_at":"2021-09-17T14:21:23.000Z","text":"We just had our very first lab meeting live again - feels so good! #byecorona #getvaccinated #backtowork #noscreens https://t.co/j42KnR2U8K","possibly_sensitive":false,"source":"Twitter for Android"},{"id":"1438867846394699778","lang":"en","author_id":"89010198","created_at":"2021-09-17T14:10:02.000Z","text":"Whether you're looking to simply enhance or completely overhaul your workplace to welcome your team back safely, we can help. \n\nhttps://t.co/gTAfzkVhlp\n\n#covidcompliantworkplace #onsiteservices #backtowork #employeewellness https://t.co/InkQosuzn2","possibly_sensitive":false,"source":"ContentCal Studio"},{"id":"1438866003010768901","lang":"en","author_id":"1239555112424607744","created_at":"2021-09-17T14:02:42.000Z","text":"RT @Fake_Stoops: Ok, I guess it’s obvious, so let me say it.  @CoachGran and me got this bromance thing going on.  That does NOT mean I’m g…","possibly_sensitive":false,"referenced_tweets":[{"type":"retweeted","id":"1438826150529310720"}],"source":"Twitter for Android"},{"id":"1438865704359534594","lang":"en","author_id":"168767892","created_at":"2021-09-17T14:01:31.000Z","text":"Happy First Performance to #SDCMembers Lucy Moss, Jamie Armitage, Carrie-Anne Ingrouille and Annie-B Parson and the companies of SIX and David Byrne's American Utopia on Broadway! #BackToWork #ProudToRepresent https://t.co/pXRYMjblEA","possibly_sensitive":false,"source":"Hootsuite Inc."},{"id":"1438865398288498702","lang":"en","author_id":"3353382629","created_at":"2021-09-17T14:00:18.000Z","text":"RT @Fake_Stoops: Ok, I guess it’s obvious, so let me say it.  @CoachGran and me got this bromance thing going on.  That does NOT mean I’m g…","possibly_sensitive":false,"referenced_tweets":[{"type":"retweeted","id":"1438826150529310720"}],"source":"Twitter for Android"},{"id":"1438865330697224195","lang":"en","author_id":"1401955526401998848","created_at":"2021-09-17T14:00:02.000Z","text":"Now Hiring Event with Acro Blue from 10 a.m. to 3 p.m. at the Acro Blue Office. Stop by while your out today and apply! \n#acroblue #niceweather #backtowork #illinois #illinois #apply #applynow #now #jobsearch #jobseekers #hiringevent #jobs #September2021 #Fridayvibes #Friday https://t.co/azSipo8pWO","possibly_sensitive":false,"source":"Twitter Web App"},{"id":"1438864366758203397","lang":"en","author_id":"110359156","created_at":"2021-09-17T13:56:12.000Z","text":"These #skills can make a big difference as we shake off the cobwebs from #remoteworking for so long. #pandemic #BackToWork #jobs  #backtoschool #publichealth #career #managment #social https://t.co/2ufV3Qrmd8","possibly_sensitive":false,"source":"Twitter for iPhone"},{"id":"1438861841569128458","lang":"en","author_id":"488479127","created_at":"2021-09-17T13:46:10.000Z","text":"#backtowork #BacktoColleges it is necessary to clean our Education Institutions... In addition, job recruitment should be reasonably targeted to students' acquired skills and recommendations should become unnecessary... \uD83E\uDD17\uD83D\uDC90","possibly_sensitive":false,"source":"Twitter for Android"},{"id":"1438861552552136711","lang":"en","author_id":"1139273927862210560","created_at":"2021-09-17T13:45:01.000Z","text":"NerdRabbit is hiring! We are on the hunt for our newest addition to the HR team.Apply to be a People and Culture Manager ➡️https://t.co/wjRGevmXke\n.\n.\n.\n.\n#NerdRabbit #workfromhome #backtowork #sociallife #companylaunch #norcrossga #atlantaga #atlantalife  #atl #atlga https://t.co/ypwQTy6W9T","possibly_sensitive":false,"source":"HubSpot"},{"id":"1438860615481806853","lang":"en","author_id":"826385194974326784","created_at":"2021-09-17T13:41:18.000Z","text":"RT @HertsGrowthHub: Back to work this month? Find out more about employers’ risks and responsibilities now: https://t.co/Nq7BQVsunI #covid1…","possibly_sensitive":false,"referenced_tweets":[{"type":"retweeted","id":"1438774823921012736"}],"source":"Twitter Web App"},{"id":"1438858834680889346","lang":"en","author_id":"3188786766","created_at":"2021-09-17T13:34:13.000Z","text":"We Can Help Your Business\n✔Post your jobs!\n✔Find qualified employees!\n✔Fill your positions!\n✔Report Refusals of Work!\nFor more information, visit https://t.co/6vY3xt7xIy or https://t.co/dzge9VOK8z \n#WorkforceMonth #ReturnToWork #BackToWork \n#gettingbacktowork \n@NASWAORG https://t.co/Vqqc961kM1","possibly_sensitive":false,"source":"Twitter Web App"},{"id":"1438858801592127496","lang":"it","author_id":"488479127","created_at":"2021-09-17T13:34:05.000Z","text":"#backtowork #BacktoColleges #BacktoUniversities credo che bisognerà darsi da fare e soprattutto rinnovare sia i canali di Istruzione che quelli di immissione al lavoro ormai decisamente obsoleti e inquinati da decenni di utilizzo improprio... \uD83E\uDD17\uD83D\uDC90","possibly_sensitive":false,"source":"Twitter for Android"},{"id":"1438855602277478403","lang":"en","author_id":"399955927","created_at":"2021-09-17T13:21:22.000Z","text":"RT @WeWorkIndia: The increasing adoption of hybrid working has accelerated the need for cost-efficient, flexible workspaces. Find out how W…","possibly_sensitive":false,"referenced_tweets":[{"type":"retweeted","id":"1438843948533882894"}],"source":"Twitter for iPhone"},{"id":"1438855104313049092","lang":"en","author_id":"871892138069553152","created_at":"2021-09-17T13:19:24.000Z","text":"RT @WeWorkIndia: The increasing adoption of hybrid working has accelerated the need for cost-efficient, flexible workspaces. Find out how W…","possibly_sensitive":false,"referenced_tweets":[{"type":"retweeted","id":"1438843948533882894"}],"source":"Twitter for Android"},{"id":"1438853084596215814","lang":"en","author_id":"1418747738011938817","created_at":"2021-09-17T13:11:22.000Z","text":".@chrissaccoccia1 newest scam is a $25/mo \"support group.\" Add this to his two (at least) @gofundme campaigns, Private-On-Demand Education Inc. his fake private school, his $20 \"book,\" https://t.co/Nzc7l2fGEv his defunct legal fund aasked for $100 donations for legal protection. https://t.co/zEFeBEczlq","possibly_sensitive":false,"source":"Twitter Web App"},{"id":"1438851490005794820","lang":"en","author_id":"2312319206","created_at":"2021-09-17T13:05:02.000Z","text":"#Fall Facemask Floral Maroon Cranberry Face Mask - Flowers Beige #Autumn Earth Tones Cotton Dust  Mask Adjustable Fitted #Facemask Handmade USA https://t.co/Dgfr69By5c #etsyshop #etsyhandmade #facemasks #Fallfashion #giftideas #backtowork #commuters #backtoschool #maskup #gifts https://t.co/X01bZdPOx8","possibly_sensitive":false,"source":"Buffer"},{"id":"1438851030935031813","lang":"it","author_id":"2466343940","created_at":"2021-09-17T13:03:12.000Z","text":"RT @lucarallo: Chi lavora a casa come me non sente molto il #backtowork: le giornate corrono davvero veloci tra famiglia e impegni professi…","possibly_sensitive":false,"referenced_tweets":[{"type":"retweeted","id":"1437711870174060544"}],"source":"Twitter Web App"},{"id":"1438848862811197448","lang":"en","author_id":"92639420","created_at":"2021-09-17T12:54:36.000Z","text":"RT @WeWorkIndia: The increasing adoption of hybrid working has accelerated the need for cost-efficient, flexible workspaces. Find out how W…","possibly_sensitive":false,"referenced_tweets":[{"type":"retweeted","id":"1438843948533882894"}],"source":"Twitter for iPhone"},{"id":"1438843948533882894","lang":"en","author_id":"842782558190485504","created_at":"2021-09-17T12:35:04.000Z","text":"The increasing adoption of hybrid working has accelerated the need for cost-efficient, flexible workspaces. Find out how WeWork is helping organisations become a part of this hybrid revolution, here:https://t.co/bjh0k2psE9\n\n#weworkindia #backtowork #hybridworking #flexibleworking","possibly_sensitive":false,"source":"Twitter Web App"},{"id":"1438839866612232195","lang":"nl","author_id":"161221448","created_at":"2021-09-17T12:18:51.000Z","text":"Pizza stond vandaag op het lunchmenu bij @Destiny_NED in Sint Oedenrode. Naar aanleiding van de BusinessCom Zomer Lunchactie trakteerden we op heerlijke, verse pizza's van De Gezellige Brabander, inclusief zomers weer!\n\n#Lunchactie #BacktoWork #BusinessCom https://t.co/Xm6wV4elzi","possibly_sensitive":false,"source":"Twitter Web App"},{"id":"1438835623289294849","lang":"en","author_id":"148747812","created_at":"2021-09-17T12:01:59.000Z","text":"How the #COVID19 pandemic could help us breathe easier at the office https://t.co/H1WWPkII7x by @MIMS via @WSJ #BackToWork #HealthyBuildings#IndoorAirQuality","possibly_sensitive":false,"source":"Hootsuite Inc."},{"id":"1438835421706919938","lang":"en","author_id":"842781460146929664","created_at":"2021-09-17T12:01:11.000Z","text":"Chitra had a successful career in information technology before taking off time to raise her family. Find out how her Franklin Apprenticeships and @MyInnerGenius  helped her transition #backtowork in this article in @Forbes https://t.co/BdmZQNcwiN #apprenticeships","possibly_sensitive":false,"source":"LatelyAI"},{"id":"1438835143884562439","lang":"en","author_id":"1398613245473218560","created_at":"2021-09-17T12:00:05.000Z","text":"What if you could eliminate the coronavirus within minutes? \n\nOur UV air cleaning units are tested and proven to be 99.9% effective against #covid19. #backtoschool #backtowork #covidireland @VOPIRELAND https://t.co/5QNNioZVU1","possibly_sensitive":false,"source":"Buffer"},{"id":"1438831564410982401","lang":"en","author_id":"488304977","created_at":"2021-09-17T11:45:51.000Z","text":"RT @masato_jones: 100% waterproof treated with tarpaulin you may get wet in monsoon weather the contents of the bag will be dry \n\nFreaky we…","possibly_sensitive":false,"referenced_tweets":[{"type":"retweeted","id":"1438539186777247744"}],"source":"Twitter for Android"},{"id":"1438831168863019009","lang":"en","author_id":"1146493332182487041","created_at":"2021-09-17T11:44:17.000Z","text":"You heard the man. Make it so @POTUS @JoeManchinWV @SenatorSinema @kyrstensinema @SpeakerPelosi @IlhanMN @Ilhan \n\n#unemployment #extendunemployment #unemploymentextension #ExtendPUA #ExtendUI #ExtendEDD #GetAJob #BackToWork #Covid19 #DeltaVariant #UnemploymentMustFall https://t.co/FIXXhJc8zM","possibly_sensitive":false,"referenced_tweets":[{"type":"quoted","id":"1438802043016204290"}],"source":"Twitter for iPhone"},{"id":"1438830095133822976","lang":"nl","author_id":"64970989","created_at":"2021-09-17T11:40:01.000Z","text":"Back to Work met Centralpoint: ontvang shoptegoed bij alles wat jij nodig is bij werken onderweg. Bekijk de deelnemende producten nu: https://t.co/Hmph3HOKt0 #getITdone #ITpartner #backtowork #ITsolutions #hybridewerken #werkenonderweg https://t.co/S2lfxjkDFl","possibly_sensitive":false,"source":"Tracebuzz"},{"id":"1438828580176285704","lang":"en","author_id":"1146493332182487041","created_at":"2021-09-17T11:34:00.000Z","text":"Good question. \n\n#unemployment #extendunemployment #unemploymentextension #ExtendPUA #ExtendUI #ExtendEDD #GetAJob #BackToWork #Covid19 #DeltaVariant #UnemploymentMustFall https://t.co/u0S0reeXKe","possibly_sensitive":false,"referenced_tweets":[{"type":"quoted","id":"1438827069547458563"}],"source":"Twitter for iPhone"},{"id":"1438828290526126080","lang":"en","author_id":"1146493332182487041","created_at":"2021-09-17T11:32:51.000Z","text":"Naturally…\n\n#unemployment #extendunemployment #unemploymentextension #ExtendPUA #ExtendUI #ExtendEDD #GetAJob #BackToWork #Covid19 #DeltaVariant #UnemploymentMustFall https://t.co/VfjO52nJN4","possibly_sensitive":false,"source":"Twitter for iPhone"},{"id":"1438826150529310720","lang":"en","author_id":"1085988902262005760","created_at":"2021-09-17T11:24:21.000Z","text":"Ok, I guess it’s obvious, so let me say it.  @CoachGran and me got this bromance thing going on.  That does NOT mean I’m gay!  Not that there’s anything wrong with that.  It’s just, well, we missed each other. #BBN #backtowork","possibly_sensitive":false,"source":"Twitter for iPhone"},{"id":"1438823183348649988","lang":"en","author_id":"17781678","created_at":"2021-09-17T11:12:33.000Z","text":"Oh man! Nothing like a client deadline to wake you up from your torpor of \"Oh, i've just moved. My macro setting is to unstable, how can I get to the micro?\" #backtowork #larentrée #Deadline #amediting","possibly_sensitive":false,"source":"Twitter Web App"},{"id":"1438820374616084489","lang":"en","author_id":"3371224516","created_at":"2021-09-17T11:01:23.000Z","text":"RT @wrosefiresafety: Read our latest blog on returning to the work place and the extra fire safety measures that may need to be considered…","possibly_sensitive":false,"referenced_tweets":[{"type":"retweeted","id":"1275398247587229696"}],"source":"SmarterQueue"},{"id":"1438814783827021825","lang":"ru","author_id":"1362867348634492928","created_at":"2021-09-17T10:39:11.000Z","text":"Ийм л юм болж байна даа \uD83E\uDD70 https://t.co/G1QAGS9AQv","possibly_sensitive":false,"source":"Twitter for iPhone"},{"id":"1438809838889353225","lang":"en","author_id":"1133070435740995584","created_at":"2021-09-17T10:19:32.000Z","text":"This is an absolute fucking joke. #BackToWork","possibly_sensitive":false,"source":"Twitter for Android"},{"id":"1438808160999989248","lang":"en","author_id":"270977581","created_at":"2021-09-17T10:12:52.000Z","text":"Get your questions about the move back to office life heard and discuss with experts, next Tuesday at Temple Quay. #eventsinreallife #backtowork #workfromhome #bristoloffices https://t.co/hqiAQWO2lv","possibly_sensitive":false,"referenced_tweets":[{"type":"quoted","id":"1438128584850386948"}],"source":"Twitter Web App"},{"id":"1438803912845369344","lang":"en","author_id":"1921263050","created_at":"2021-09-17T09:55:59.000Z","text":"Hi Victoria. Thanks for having us at your event. Our smoothie crew had a great day celebrating #bikeweek with #TUH staff.\n#BackToWork #EmployeeEngagement #employeewellbeing #workplacewellness #staffappreciation #funatwork @smoothiebikeIre #fridaymorning https://t.co/K3xxnOFqEX","possibly_sensitive":false,"referenced_tweets":[{"type":"quoted","id":"1438500413926424576"}],"source":"Twitter for Android"},{"id":"1438803509072343046","lang":"en","author_id":"2575377108","created_at":"2021-09-17T09:54:22.000Z","text":"@British_Airways please can you ask VeriFLY to update their BAH entry requirements so I can check in?? #BackToWork","possibly_sensitive":false,"in_reply_to_user_id":"18332190","source":"Twitter for iPhone"},{"id":"1438795164018003968","lang":"en","author_id":"3300380287","created_at":"2021-09-17T09:21:13.000Z","text":"\uD83D\uDE02\uD83D\uDE02\uD83D\uDE02 who feels like this? #office #homeoffice #BackToWork https://t.co/bdD0e5bNhq","possibly_sensitive":false,"geo":{"place_id":"6434de1f17bcb13f"},"source":"Twitter for iPhone"},{"id":"1438795004080701440","lang":"en","author_id":"420222240","created_at":"2021-09-17T09:20:35.000Z","text":"Community Case Manager - Shaw Trust - Brighton https://t.co/9hoOxjjTF3 #BackToWork","possibly_sensitive":false,"source":"CB Recruitment`"},{"id":"1438793879906566145","lang":"en","author_id":"420222240","created_at":"2021-09-17T09:16:07.000Z","text":"Community Case Manager - Shaw Trust - Southampton https://t.co/XHMOd61pu7 #BackToWork","possibly_sensitive":false,"source":"CB Recruitment`"},{"id":"1438793249523597323","lang":"en","author_id":"420222240","created_at":"2021-09-17T09:13:36.000Z","text":"Community Case Manager - Shaw Trust - Staines https://t.co/8QPFXRiqzL #BackToWork","possibly_sensitive":false,"source":"CB Recruitment`"},{"id":"1438790989112557570","lang":"en","author_id":"856653792","created_at":"2021-09-17T09:04:37.000Z","text":"RT @CoE_POL: \uD83D\uDCF8 Team picture \n\nA new academic year also means a new team! We are delighted to introduce you to the 2021-2022 POL department.…","possibly_sensitive":false,"referenced_tweets":[{"type":"retweeted","id":"1438437948903526400"}],"source":"Twitter for Android"},{"id":"1438789929048416258","lang":"en","author_id":"310198726","created_at":"2021-09-17T09:00:25.000Z","text":"If your company is heading #BackToWork in the workplace after a long time of #remotework you will need to complete a risk assessment.\n\nGet in contact today to complete your risk assessment:- https://t.co/QDoqIlw5ji\n#healthandsafety #HR #HRadvice #HRguidance https://t.co/DK5cgTeXUc","possibly_sensitive":false,"source":"Buffer"},{"id":"1438789843929247749","lang":"en","author_id":"49263506","created_at":"2021-09-17T09:00:04.000Z","text":"Some of us may be a little rusty when it comes to taking care of ourselves whilst at work... it's been a while! Here's how to try and be kind to yourself as you return. \n\nVisit The Conscious Professional website for our latest blog posts!\nhttps://t.co/SXUp2dvvy1\n\n#backtowork https://t.co/I5cz67EmTe","possibly_sensitive":false,"source":"Sprout Social"},{"id":"1438788803674746880","lang":"en","author_id":"991975703838183430","created_at":"2021-09-17T08:55:56.000Z","text":"The Duchess of Cambridge is back at work.\n\nHRH met those at the Royal Air Force who supported the UK’s evacuation of civilians from Afghanistan, helping 15,000 people leave Kabul.\n\nHow elegant did Kate look?\n\n#DuchessofCambridge\n#Royals #RoyalFamily #BackToWork https://t.co/lS0K8Ue3jX","possibly_sensitive":false,"source":"TweetDeck"},{"id":"1438783264446038018","lang":"en","author_id":"1433418924964548628","created_at":"2021-09-17T08:33:56.000Z","text":"Perfection is a mirage effect in the desert and hence, unsustainable. \n\nThe more you try to achieve it the farther it'll get.\n\nThe only sustainably actionable way is:\n\n- Experiment\n- Fail \n- Reiterate\n- Repeat\n\n#backtowork \uD83D\uDE4C\uD83C\uDFFC","possibly_sensitive":false,"source":"Twitter Web App"},{"id":"1438783233101950984","lang":"en","author_id":"1410493771322626048","created_at":"2021-09-17T08:33:48.000Z","text":"RT @imranirampal: Back to the box, that I call home. I’ve got some unfinished goals to take care of. #MissionParis2024 #bharatkisherniya #b…","possibly_sensitive":false,"referenced_tweets":[{"type":"retweeted","id":"1437295417176182787"}],"source":"Twitter for Android"},{"id":"1438777512918671360","lang":"nl","author_id":"1721787120","created_at":"2021-09-17T08:11:04.000Z","text":"RT @PearlsRosesNL: Goedemorgen iedereen #backtowork https://t.co/TKEuBxUK0X","possibly_sensitive":false,"referenced_tweets":[{"type":"retweeted","id":"1438775124652593153"}],"source":"Twitter for iPhone"},{"id":"1438775130436653057","lang":"en","author_id":"1345692894640955392","created_at":"2021-09-17T08:01:36.000Z","text":"Long Covid less common than feared - ONS study &lt; The workshy will always jump on a bandwagon \n\n#Covid19 #BacktoWork #LongCovid #Workshy #Lazy \n\nhttps://t.co/ja689OWEu9","possibly_sensitive":false,"source":"Twitter for iPhone"},{"id":"1438775124652593153","lang":"nl","author_id":"636942564","created_at":"2021-09-17T08:01:35.000Z","text":"Goedemorgen iedereen #backtowork https://t.co/TKEuBxUK0X","possibly_sensitive":true,"source":"Twitter for iPhone"},{"id":"1438774823921012736","lang":"en","author_id":"2359705746","created_at":"2021-09-17T08:00:23.000Z","text":"Back to work this month? Find out more about employers’ risks and responsibilities now: https://t.co/Nq7BQVsunI #covid19 #backtowork","possibly_sensitive":false,"source":"Hootsuite Inc."},{"id":"1438774333913108483","lang":"it","author_id":"1255171750079406081","created_at":"2021-09-17T07:58:26.000Z","text":"RT @imacoritti: Tornati a #scuola o al #lavoro serve la carica giusta per ripartire con entusiasmo!\nProva #iMacoritti in formato #snack, pr…","possibly_sensitive":false,"referenced_tweets":[{"type":"retweeted","id":"1438482755726290945"}],"source":"Twitter for Android"},{"id":"1438774154304503810","lang":"en","author_id":"2560592396","created_at":"2021-09-17T07:57:44.000Z","text":"Starting from ₹1799, our leather shoes offer premium quality at an astounding price, making it the perfect choice for your ‘back to work’ ensemble. Head now to #TrendsFootwear Elements Mall to pick one..!!\n\n#BackToWork #TrendsFootwear #ElementsMall #Nagavara #Bangalore https://t.co/2OXYx6o0Q8","possibly_sensitive":false,"source":"Twitter Web App"},{"id":"1438772791453569030","lang":"es","author_id":"845971099","created_at":"2021-09-17T07:52:19.000Z","text":"Se acabaron las vacaciones.\n#England #backtowork https://t.co/uhMBl6IZzx","possibly_sensitive":false,"source":"Twitter for Android"},{"id":"1438772727297593348","lang":"en","author_id":"41557732","created_at":"2021-09-17T07:52:03.000Z","text":"How PR is getting ‘back to work’ this September: https://t.co/U6Pjn9PpRu #BackToWork #PR #PublicRelations #work https://t.co/YIyDIGOxv9","possibly_sensitive":false,"source":"Buffer"},{"id":"1438761387174498305","lang":"en","author_id":"75590015","created_at":"2021-09-17T07:07:00.000Z","text":"#BackToWork? Enjoy a new #audiobook on your #commute.\n\nWhat readers are saying about BRIGHT LIES:\n⭐️⭐️⭐️⭐️⭐️\"Intense #PsychologicalThriller\"\n⭐️⭐️⭐️⭐️⭐️\"Compelling\"\n⭐️⭐️⭐️⭐️⭐️\"Speaks to the heart\"\n\nListen to a clip:\nhttps://t.co/U1yAshj0cL\n\n #BackToSchool #Audio\n\n*Please #Retweet* https://t.co/LD1uQEDCWu","possibly_sensitive":false,"source":"TweetDeck"},{"id":"1438758599166152706","lang":"en","author_id":"955443550048608257","created_at":"2021-09-17T06:55:55.000Z","text":"RT @ParthDKarad: Day 15 of #100DaysOfCode \n\nGoing Back to JAVA for upcoming work\n \n#JAVA #Python #corporate #BackToWork #studytwt #javascri…","possibly_sensitive":false,"referenced_tweets":[{"type":"retweeted","id":"1438702610182066181"}],"source":"Twitter"},{"id":"1438758408228941830","lang":"en","author_id":"1347396338581790723","created_at":"2021-09-17T06:55:10.000Z","text":"RT @ParthDKarad: Day 15 of #100DaysOfCode \n\nGoing Back to JAVA for upcoming work\n \n#JAVA #Python #corporate #BackToWork #studytwt #javascri…","possibly_sensitive":false,"referenced_tweets":[{"type":"retweeted","id":"1438702610182066181"}],"source":"Twitter"},{"id":"1438757125711400960","lang":"da","author_id":"3081672447","created_at":"2021-09-17T06:50:04.000Z","text":"EKSKLUSIV - Spar 10% på ALLE varer fra Bodum! Find vores rabatkode her: https://t.co/jHmsQc9BJy\n\n#bodum #rabatkode #køkkenudstyr #backtowork #kaffe #backtoschool https://t.co/sIGD5IsVb9","possibly_sensitive":false,"source":"Buffer"},{"id":"1438757122632716288","lang":"no","author_id":"752823402159804416","created_at":"2021-09-17T06:50:03.000Z","text":"EKSKLUSIV - Få 10% rabatt på ALLE varer fra Bodum! Finn rabattkoden her: https://t.co/3pmFRyPR87\n\n#bodum #rabattkode #kaffe #kjøkkenutstyr #backtoschool #backtowork (i samarbeid med Bodum) https://t.co/8yWOQNEihG","possibly_sensitive":false,"source":"Buffer"},{"id":"1438752570340777987","lang":"und","author_id":"23549745","created_at":"2021-09-17T06:31:58.000Z","text":"Sidharth Shukla की माँ चाहती है की Shehnaaz अब वापस शुरू कर दे अपना काम| \n\nhttps://t.co/wogv7T8Lks\n\n#TVStar #Bollywood #Actor #BiggBoss13 #Late #SidharthShukla #Mother #RitaShukla #Wants #ShehnaazGill #BackToWork #Resume #Sidnaaz #Sidnaazian\n\nRead more at https://t.co/sL8MwWmFl3 https://t.co/Q4eXJbkcE1","possibly_sensitive":false,"source":"Hootsuite Inc."},{"id":"1438750840555294722","lang":"und","author_id":"1424396468912263168","created_at":"2021-09-17T06:25:05.000Z","text":"#backtowork https://t.co/rg5Q7kKLJB","possibly_sensitive":false,"referenced_tweets":[{"type":"quoted","id":"1438515464687140869"}],"source":"Twitter for iPhone"},{"id":"1438748363936129035","lang":"en","author_id":"891565860162240513","created_at":"2021-09-17T06:15:15.000Z","text":"RT @Impamark: Are you #BackToSchool or #BackToWork this week? If so, get back in style with our Impamark essentials \uD83D\uDE0E\n\nTo #win:\n\n\uD83D\uDDA5️ #Like &amp;…","possibly_sensitive":false,"referenced_tweets":[{"type":"retweeted","id":"1433758108136972291"}],"source":"Twitter for iPad"},{"id":"1438744654434942977","lang":"en","author_id":"2228487794","created_at":"2021-09-17T06:00:30.000Z","text":"New lessons for how to return to the office.\n\nhttps://t.co/WBYqRmS4EK\n\n#backtowork #worklifebalance  #workingfromhome https://t.co/oXxOx6JzH7","possibly_sensitive":false,"source":"Hootsuite Inc."},{"id":"1438740144337481733","lang":"en","author_id":"1272082367356612611","created_at":"2021-09-17T05:42:35.000Z","text":"AR SOLUTIONS \n#JOB #HIRING #ALERT \n\n✔️Software Developer #Bangalore #Bengaluru\n✔️Front End Developer #Chennai\n✔️Test Engineer #Pune #Bangalore #DelhiNCR\n\n\uD83D\uDCBB Apply By Visiting https://t.co/CQZ0X9zaXj \uD83D\uDCBB\n\n#vacancy #workfromhome #homejob #india #hiring #covid #backtowork https://t.co/bgLOaYmqCR","possibly_sensitive":false,"source":"GoDaddy Social App"},{"id":"1438734488016621568","lang":"en","author_id":"1429038344579653637","created_at":"2021-09-17T05:20:06.000Z","text":"@Speicherx stop tempting! #backtowork","possibly_sensitive":false,"in_reply_to_user_id":"257846146","referenced_tweets":[{"type":"replied_to","id":"1438717296931786758"}],"source":"Twitter Web App"},{"id":"1438731155746951170","lang":"en","author_id":"714000789564485632","created_at":"2021-09-17T05:06:52.000Z","text":"RT @DadaMacroSamjho: Building new products that have an impact on the real world is such a satisfying thing. \n\nYou see your products change…","possibly_sensitive":false,"referenced_tweets":[{"type":"retweeted","id":"1438721565609193472"}],"source":"Twitter for Android"},{"id":"1438727303610216448","lang":"en","author_id":"1337430590241562626","created_at":"2021-09-17T04:51:34.000Z","text":"RT @ParthDKarad: Day 15 of #100DaysOfCode \n\nGoing Back to JAVA for upcoming work\n \n#JAVA #Python #corporate #BackToWork #studytwt #javascri…","possibly_sensitive":false,"referenced_tweets":[{"type":"retweeted","id":"1438702610182066181"}],"source":"Twitter"},{"id":"1438727281384595461","lang":"en","author_id":"1314164146934513665","created_at":"2021-09-17T04:51:28.000Z","text":"RT @ParthDKarad: Day 15 of #100DaysOfCode \n\nGoing Back to JAVA for upcoming work\n \n#JAVA #Python #corporate #BackToWork #studytwt #javascri…","possibly_sensitive":false,"referenced_tweets":[{"type":"retweeted","id":"1438702610182066181"}],"source":"Twitter"},{"id":"1438721565609193472","lang":"en","author_id":"1433418924964548628","created_at":"2021-09-17T04:28:46.000Z","text":"Building new products that have an impact on the real world is such a satisfying thing. \n\nYou see your products change lives of people whomever they have touched. \n\nI find it very liberating and exciting. \n\nI can't wait to build more and more products. \uD83E\uDD19\uD83C\uDFFC\n\n#backtowork ✌\uD83C\uDFFC","possibly_sensitive":false,"source":"Twitter for Android"},{"id":"1438721130727100418","lang":"en","author_id":"1278025559306645504","created_at":"2021-09-17T04:27:02.000Z","text":"Not satisfied at all\uD83D\uDCAA\uD83C\uDFFE\uD83D\uDCAA\uD83C\uDFFE! #Backtowork https://t.co/FPfAqn4rIF","possibly_sensitive":false,"referenced_tweets":[{"type":"quoted","id":"1438691147728175105"}],"source":"Twitter for iPhone"},{"id":"1438711793589882883","lang":"es","author_id":"1404457085711044610","created_at":"2021-09-17T03:49:56.000Z","text":"Cuando tengas dudas de qué llevar hoy, este conjunto NUDE te ahorra tiempo y sumará a tu look. Regresa a la oficina muy cómoda y con total glamour. Cómpralos en\uD83D\uDC47 https://t.co/hFIIb9fHni\n#backtowork #leather #Marca https://t.co/inj56FZuAQ","possibly_sensitive":false,"source":"Twitter for Android"},{"id":"1438709522642751490","lang":"und","author_id":"1429855952233242629","created_at":"2021-09-17T03:40:54.000Z","text":"#sale #SaleAlert #backtowork #BackToSchool #SPOOKYSZN #spookyart #halloween2021 #halloweendecor #custommade #customized #customshoes #vinylart #vinyladdict  #customshirts #logo #logochallenge","possibly_sensitive":false,"geo":{"place_id":"00c39537733fa112"},"in_reply_to_user_id":"1429855952233242629","referenced_tweets":[{"type":"replied_to","id":"1438709521560612865"}],"source":"Twitter for iPhone"},{"id":"1438704194538643465","lang":"en","author_id":"1398866593237508100","created_at":"2021-09-17T03:19:44.000Z","text":"RT @ParthDKarad: Day 15 of #100DaysOfCode \n\nGoing Back to JAVA for upcoming work\n \n#JAVA #Python #corporate #BackToWork #studytwt #javascri…","possibly_sensitive":false,"referenced_tweets":[{"type":"retweeted","id":"1438702610182066181"}],"source":"Twitter"},{"id":"1438703494245068801","lang":"en","author_id":"769629395262771200","created_at":"2021-09-17T03:16:57.000Z","text":"RT @ParthDKarad: Day 15 of #100DaysOfCode \n\nGoing Back to JAVA for upcoming work\n \n#JAVA #Python #corporate #BackToWork #studytwt #javascri…","possibly_sensitive":false,"referenced_tweets":[{"type":"retweeted","id":"1438702610182066181"}],"source":"HTMLv2"},{"id":"1438702930488696833","lang":"en","author_id":"1281253609988997120","created_at":"2021-09-17T03:14:43.000Z","text":"RT @ParthDKarad: Day 15 of #100DaysOfCode \n\nGoing Back to JAVA for upcoming work\n \n#JAVA #Python #corporate #BackToWork #studytwt #javascri…","possibly_sensitive":false,"referenced_tweets":[{"type":"retweeted","id":"1438702610182066181"}],"source":"#100DaysOf2020"},{"id":"1438702664074866690","lang":"en","author_id":"1423655520196435969","created_at":"2021-09-17T03:13:39.000Z","text":"RT @ParthDKarad: Day 15 of #100DaysOfCode \n\nGoing Back to JAVA for upcoming work\n \n#JAVA #Python #corporate #BackToWork #studytwt #javascri…","possibly_sensitive":false,"referenced_tweets":[{"type":"retweeted","id":"1438702610182066181"}],"source":"Twitter"},{"id":"1438702631975673858","lang":"en","author_id":"1405208575455088640","created_at":"2021-09-17T03:13:31.000Z","text":"RT @ParthDKarad: Day 15 of #100DaysOfCode \n\nGoing Back to JAVA for upcoming work\n \n#JAVA #Python #corporate #BackToWork #studytwt #javascri…","possibly_sensitive":false,"referenced_tweets":[{"type":"retweeted","id":"1438702610182066181"}],"source":"Twitter"},{"id":"1438702631728209922","lang":"en","author_id":"1000814755664150528","created_at":"2021-09-17T03:13:31.000Z","text":"RT @ParthDKarad: Day 15 of #100DaysOfCode \n\nGoing Back to JAVA for upcoming work\n \n#JAVA #Python #corporate #BackToWork #studytwt #javascri…","possibly_sensitive":false,"referenced_tweets":[{"type":"retweeted","id":"1438702610182066181"}],"source":"@100DaysOfCode_"},{"id":"1438702616180150278","lang":"en","author_id":"1386109685741260803","created_at":"2021-09-17T03:13:28.000Z","text":"RT @ParthDKarad: Day 15 of #100DaysOfCode \n\nGoing Back to JAVA for upcoming work\n \n#JAVA #Python #corporate #BackToWork #studytwt #javascri…","possibly_sensitive":false,"referenced_tweets":[{"type":"retweeted","id":"1438702610182066181"}],"source":"azuerBot"},{"id":"1438702610182066181","lang":"en","author_id":"1005124658952192000","created_at":"2021-09-17T03:13:26.000Z","text":"Day 15 of #100DaysOfCode \n\nGoing Back to JAVA for upcoming work\n \n#JAVA #Python #corporate #BackToWork #studytwt #javascript #html #CSS #OldSchool #programminglife","possibly_sensitive":false,"source":"Twitter Web App"},{"id":"1438696261847339013","lang":"en","author_id":"822642350505807873","created_at":"2021-09-17T02:48:13.000Z","text":"RT @NASWAORG: Employers can #recruit employees &amp; #jobseekers can find employment by using state workforce agency career sites. \nFind out mo…","possibly_sensitive":false,"referenced_tweets":[{"type":"retweeted","id":"1438503198558355465"}],"source":"Twitter for Android"},{"id":"1438694191429668869","lang":"en","author_id":"747860901991223296","created_at":"2021-09-17T02:39:59.000Z","text":"I truly hope after tomorrow’s vote we can get back focused to serving the students of Denver Public Schools. \n\nI am committed to finishing my term until 2023 on the principles I ran on in 2019. \n\n#BackToWork","possibly_sensitive":false,"source":"Twitter for iPhone"}],"meta":{"newest_id":"1438895405463375878","oldest_id":"1438694191429668869","result_count":100,"next_token":"b26v89c19zqg8o3fpdp9m3kk0749ywqmflg6gfcsbmagt"}}