{"data":[{"lang":"en","possibly_sensitive":false,"id":"1438443586345832458","author_id":"786081692666695681","referenced_tweets":[{"type":"retweeted","id":"1424721748403101698"}],"created_at":"2021-09-16T10:04:10.000Z","source":"Twitter for iPhone","text":"RT @JohnLynch49ers: Thankful and Blessed!  What a weekend.  Thank you To the people of Canton Ohio. @ProFootballHOF, #classof2021 #classof2…"},{"lang":"en","possibly_sensitive":false,"id":"1438443328551497729","author_id":"269500925","referenced_tweets":[{"type":"retweeted","id":"1433758108136972291"}],"created_at":"2021-09-16T10:03:09.000Z","source":"Twitter for Android","text":"RT @Impamark: Are you #BackToSchool or #BackToWork this week? If so, get back in style with our Impamark essentials \uD83D\uDE0E\n\nTo #win:\n\n\uD83D\uDDA5️ #Like &amp;…"},{"lang":"en","possibly_sensitive":false,"id":"1438442892616519682","author_id":"417141358","referenced_tweets":[{"type":"retweeted","id":"1433758108136972291"}],"created_at":"2021-09-16T10:01:25.000Z","source":"Twitter for iPad","text":"RT @Impamark: Are you #BackToSchool or #BackToWork this week? If so, get back in style with our Impamark essentials \uD83D\uDE0E\n\nTo #win:\n\n\uD83D\uDDA5️ #Like &amp;…"},{"lang":"en","possibly_sensitive":false,"id":"1438442731190329353","author_id":"989189442509434880","referenced_tweets":[{"type":"retweeted","id":"1433758108136972291"}],"created_at":"2021-09-16T10:00:46.000Z","source":"Twitter Web App","text":"RT @Impamark: Are you #BackToSchool or #BackToWork this week? If so, get back in style with our Impamark essentials \uD83D\uDE0E\n\nTo #win:\n\n\uD83D\uDDA5️ #Like &amp;…"},{"lang":"en","possibly_sensitive":false,"id":"1438442106549272576","author_id":"1227368819800195072","referenced_tweets":[{"type":"retweeted","id":"1430187736858726403"}],"created_at":"2021-09-16T09:58:17.000Z","source":"Twitter for iPhone","text":"RT @KellyTa81130039: Titty Tuesday is here again, you’re welcome ☺️ #tittytuesday #sexy #milf #mombod #piercednipples #tattoos #backtowork…"},{"lang":"en","possibly_sensitive":true,"id":"1438440812824563712","author_id":"1074750982872068097","referenced_tweets":[{"type":"retweeted","id":"1438329580230782977"}],"created_at":"2021-09-16T09:53:09.000Z","source":"Twitter for iPhone","text":"RT @liz_franczak: congrats to the governor #backtowork https://t.co/u6MFs83DMF"},{"lang":"en","possibly_sensitive":false,"id":"1438440261890105348","author_id":"1283595216188919808","referenced_tweets":[{"type":"retweeted","id":"1437295417176182787"}],"created_at":"2021-09-16T09:50:58.000Z","source":"Twitter for Android","text":"RT @imranirampal: Back to the box, that I call home. I’ve got some unfinished goals to take care of. #MissionParis2024 #bharatkisherniya #b…"},{"lang":"en","possibly_sensitive":false,"id":"1438438282619142147","author_id":"1431159899044683779","referenced_tweets":[{"type":"retweeted","id":"1438437948903526400"}],"created_at":"2021-09-16T09:43:06.000Z","source":"Twitter for iPhone","text":"RT @CoE_POL: \uD83D\uDCF8 Team picture \n\nA new academic year also means a new team! We are delighted to introduce you to the 2021-2022 POL department.…"},{"lang":"en","possibly_sensitive":false,"id":"1438437948903526400","author_id":"1085473281564659713","created_at":"2021-09-16T09:41:46.000Z","source":"Twitter for iPhone","text":"\uD83D\uDCF8 Team picture \n\nA new academic year also means a new team! We are delighted to introduce you to the 2021-2022 POL department.\n\n\uD83D\uDCDA Now back to work!\n\n#newyear #newteam #teampicture #POLdepartment #CoE #collegeofeurope #EUstudies #EU #backtowork https://t.co/S0qP4t1Aw0"},{"lang":"en","possibly_sensitive":false,"id":"1438437201960972292","author_id":"1422580538213376003","referenced_tweets":[{"type":"quoted","id":"1438436296968507396"}],"created_at":"2021-09-16T09:38:48.000Z","source":"Twitter Web App","text":"Its amazing to see people returning to offices and using the space within them #backtowork #backintheoffice #manchester #propertymanagment https://t.co/SD8JduoaML"},{"lang":"en","possibly_sensitive":false,"id":"1438430353098788864","author_id":"2592702335","referenced_tweets":[{"type":"retweeted","id":"1433758108136972291"}],"created_at":"2021-09-16T09:11:35.000Z","source":"Twitter for iPad","text":"RT @Impamark: Are you #BackToSchool or #BackToWork this week? If so, get back in style with our Impamark essentials \uD83D\uDE0E\n\nTo #win:\n\n\uD83D\uDDA5️ #Like &amp;…"},{"lang":"en","possibly_sensitive":false,"id":"1438428747351433216","author_id":"161771202","created_at":"2021-09-16T09:05:12.000Z","source":"Twitter for iPhone","text":"My Jarvis mug survived! #BackToWork https://t.co/sAGxF3vIUB"},{"lang":"en","possibly_sensitive":false,"id":"1438427469716103168","author_id":"3547467497","referenced_tweets":[{"type":"retweeted","id":"1433758108136972291"}],"created_at":"2021-09-16T09:00:08.000Z","source":"Twitter for Android","text":"RT @Impamark: Are you #BackToSchool or #BackToWork this week? If so, get back in style with our Impamark essentials \uD83D\uDE0E\n\nTo #win:\n\n\uD83D\uDDA5️ #Like &amp;…"},{"geo":{"place_id":"b538938ca48e6ea0"},"lang":"es","possibly_sensitive":false,"id":"1438420281832493056","author_id":"1423608146824728577","created_at":"2021-09-16T08:31:34.000Z","source":"Twitter for iPhone","text":"Buenos días \n#backtowork #mood #carrie #sissyspacek https://t.co/YVtXv0Oj6H"},{"lang":"en","possibly_sensitive":false,"id":"1438419960812949506","author_id":"1170644111403057152","created_at":"2021-09-16T08:30:17.000Z","source":"Buffer","text":"Starting from ₹1799, our leather shoes offer premium quality at an astounding price, making it the perfect choice for your ‘back to work’ ensemble. Head back to office in style. \n\n#LeatherShoes #BackToWork #TrendsFootwear #FormalShoes https://t.co/5rCFRhXmov"},{"lang":"en","possibly_sensitive":false,"id":"1438419932367278082","author_id":"368221179","created_at":"2021-09-16T08:30:11.000Z","source":"Hootsuite Inc.","text":"A workplace in Bucharest has developed office technology equipped with thermal temperature readers and disinfectant robots as workers return following the pandemic. Is this the future of office life? Find out more here: https://t.co/g2GQIagrlg \n#healthtech #backtowork #officelife"},{"lang":"en","possibly_sensitive":false,"id":"1438418459499585537","author_id":"603898828","created_at":"2021-09-16T08:24:19.000Z","source":"Twitter Web App","text":"The brand new Detroit, Dakota, Lenox and Stratford chairs are in stock now with fast delivery. \nFind out more and place your order now! https://t.co/fkjJmpEZNR \n#newchairs #chairs #office #backtowork #WorkFromHome https://t.co/VYSTQspC3g"},{"lang":"nl","possibly_sensitive":false,"id":"1438418398350880772","author_id":"3147616912","referenced_tweets":[{"type":"retweeted","id":"1438259002127917062"}],"created_at":"2021-09-16T08:24:05.000Z","source":"Twitter Web App","text":"RT @PI_Alphen: Wat doet PI Alphen als de zomervakantieperiode er op zit? Collega’s verrassen met een back to work breakfast! Om weer vol en…"},{"lang":"en","possibly_sensitive":false,"id":"1438416327509676036","author_id":"41940905","created_at":"2021-09-16T08:15:51.000Z","source":"Twitter Web App","text":"What better way to celebrate our first week back in the office than with chocolate chip and blueberry muffins \uD83D\uDE0B #cake #backtowork https://t.co/Wpr1vnZTVw"},{"lang":"en","possibly_sensitive":false,"id":"1438414930814947331","author_id":"1209027582215282688","referenced_tweets":[{"type":"retweeted","id":"1433758108136972291"}],"created_at":"2021-09-16T08:10:18.000Z","source":"Twitter Web App","text":"RT @Impamark: Are you #BackToSchool or #BackToWork this week? If so, get back in style with our Impamark essentials \uD83D\uDE0E\n\nTo #win:\n\n\uD83D\uDDA5️ #Like &amp;…"},{"lang":"en","possibly_sensitive":false,"id":"1438413884256309250","author_id":"1429056540028379137","referenced_tweets":[{"type":"retweeted","id":"1438329580230782977"}],"created_at":"2021-09-16T08:06:09.000Z","source":"Twitter for iPhone","text":"RT @liz_franczak: congrats to the governor #backtowork https://t.co/u6MFs83DMF"},{"lang":"en","possibly_sensitive":false,"id":"1438412341771739140","author_id":"43700309","created_at":"2021-09-16T08:00:01.000Z","source":"SoAmpli App","text":"\uD83D\uDCE3 We've still got incredible pricing on #drinks! Take advantage while stocks last and help your customers prepare for the return to work! Order online from a variety of squash, water and fizzy favourites or contact cs@otwholesale.co.uk #hellosummer #backtowork #drink https://t.co/AKIoaqh7bY"},{"lang":"en","possibly_sensitive":false,"id":"1438412268925079557","author_id":"102490333","referenced_tweets":[{"type":"retweeted","id":"1433758108136972291"}],"created_at":"2021-09-16T07:59:43.000Z","source":"Twitter Web App","text":"RT @Impamark: Are you #BackToSchool or #BackToWork this week? If so, get back in style with our Impamark essentials \uD83D\uDE0E\n\nTo #win:\n\n\uD83D\uDDA5️ #Like &amp;…"},{"lang":"en","possibly_sensitive":false,"id":"1438411048025997312","author_id":"1220535386323193862","referenced_tweets":[{"type":"retweeted","id":"1438406530123001859"}],"created_at":"2021-09-16T07:54:52.000Z","source":"Cycle bot","text":"RT @ExplorerSamurai: [ 4K Cycling LONDON ] Wandsworth to Marble Arch https://t.co/VmroHkkF7u \n#cyclinglife\n#lovelondon\n#londonlife\n#brompto…"},{"lang":"en","possibly_sensitive":false,"id":"1438410596467101696","author_id":"1413417383373332481","referenced_tweets":[{"type":"retweeted","id":"1434967256421728257"}],"created_at":"2021-09-16T07:53:05.000Z","source":"Twitter for iPhone","text":"RT @AZNJOCK1: “No rubber on this dick” says the construction worker \uD83C\uDFD7\uD83E\uDDBA\n\n“NO RUBBER AT ALL”\n“You’re taking it #bareback”\n\nAnother guy from t…"},{"lang":"en","possibly_sensitive":false,"id":"1438410243529191426","author_id":"987463136","referenced_tweets":[{"type":"retweeted","id":"1436380882567254016"}],"created_at":"2021-09-16T07:51:41.000Z","source":"Twitter for Android","text":"RT @harperjones69: What are we doing today? #AllGasNoBrakes #BackToWork #adultcreator #onlyfans #thong #strip #daddysgirl https://t.co/Pmac…"},{"lang":"en","possibly_sensitive":false,"id":"1438407374826610692","author_id":"620568170","referenced_tweets":[{"type":"retweeted","id":"1438329580230782977"}],"created_at":"2021-09-16T07:40:17.000Z","source":"Twitter for Android","text":"RT @liz_franczak: congrats to the governor #backtowork https://t.co/u6MFs83DMF"},{"lang":"en","possibly_sensitive":false,"id":"1438407292425318400","author_id":"119540631","referenced_tweets":[{"type":"retweeted","id":"1438406544970993666"}],"created_at":"2021-09-16T07:39:57.000Z","source":"Twitter","text":"RT @menthelp: Morning #menthelp #greencoaching #nlp #WorldSuicidePreventionDay #mentalhealth #backtowork #LondonWest https://t.co/4N57JZArMA"},{"lang":"en","possibly_sensitive":false,"id":"1438407165870546944","author_id":"2556602364","created_at":"2021-09-16T07:39:27.000Z","source":"IFTTT","text":"RT @AnaisDelic: Healthcare #entrepreneurs have access to unprecedented amounts of capital. Check out the latest trends posted by @TheDawnBell expert council member for #goldtrack @EITHealth programme \nhttps://t.co/X4tnJUPI6Y\n#backtowork #healthcare #VentureCapital \n@Hoeller @jm…"},{"geo":{"place_id":"d9a5f3c19f108951"},"lang":"en","possibly_sensitive":false,"id":"1438406544970993666","author_id":"92530679","created_at":"2021-09-16T07:36:59.000Z","source":"Twitter for iPhone","text":"Morning #menthelp #greencoaching #nlp #WorldSuicidePreventionDay #mentalhealth #backtowork #LondonWest https://t.co/4N57JZArMA"},{"lang":"en","possibly_sensitive":false,"id":"1438406530123001859","author_id":"1189294667130658817","created_at":"2021-09-16T07:36:55.000Z","source":"Twitter Web App","text":"[ 4K Cycling LONDON ] Wandsworth to Marble Arch https://t.co/VmroHkkF7u \n#cyclinglife\n#lovelondon\n#londonlife\n#brompton\n#ロンドン \n#backtowork\n#LONDONCALLING\n#bicycle\n#oxfordcircus\n#Centrallondon\n#海外生活"},{"lang":"en","possibly_sensitive":false,"id":"1438405892655943681","author_id":"743434802041348096","created_at":"2021-09-16T07:34:23.000Z","source":"Twitter Web App","text":"Healthcare #entrepreneurs have access to unprecedented amounts of capital. Check out the latest trends posted by @TheDawnBell expert council member for #goldtrack @EITHealth programme \nhttps://t.co/hdYlSCrwsJ\n#backtowork #healthcare #VentureCapital \n@Hoeller @jmarcboure"},{"lang":"en","possibly_sensitive":false,"id":"1438405880295342080","author_id":"1240284049937256448","created_at":"2021-09-16T07:34:20.000Z","source":"IFTTT","text":"Cimpress India to hire around 400 people, launch ‘BackToWork’ initiative for women Link \uD83D\uDC49  https://t.co/JpF5AECFlU"},{"lang":"en","possibly_sensitive":false,"id":"1438399276640464897","author_id":"1107782864219729921","referenced_tweets":[{"type":"retweeted","id":"1438329580230782977"}],"created_at":"2021-09-16T07:08:06.000Z","source":"Twitter for Android","text":"RT @liz_franczak: congrats to the governor #backtowork https://t.co/u6MFs83DMF"},{"lang":"en","possibly_sensitive":false,"id":"1438398747558379522","author_id":"75590015","created_at":"2021-09-16T07:06:00.000Z","source":"TweetDeck","text":"#BackToWork? Enjoy a new #audiobook on your #commute.\n\nWhat readers are saying about BRIGHT LIES:\n⭐️⭐️⭐️⭐️⭐️\"Intense #PsychologicalThriller\"\n⭐️⭐️⭐️⭐️⭐️\"Compelling\"\n⭐️⭐️⭐️⭐️⭐️\"Speaks to the heart\"\n\nListen to a clip:\nhttps://t.co/U1yAshj0cL\n\n #BackToSchool #Audio\n\n*Please #Retweet* https://t.co/a0vprVF1f7"},{"lang":"en","possibly_sensitive":false,"id":"1438397235990048774","author_id":"29965263","created_at":"2021-09-16T06:59:59.000Z","source":"Twitter for iPhone","text":"It’s going to be so, so weird going out without her… \uD83D\uDE2D #backtowork https://t.co/JxgtppEb9u"},{"lang":"fr","possibly_sensitive":false,"id":"1438395852721201154","author_id":"3056409216","referenced_tweets":[{"type":"retweeted","id":"1438114323407192064"}],"created_at":"2021-09-16T06:54:30.000Z","source":"Twitter for Android","text":"RT @SAPLabsinFrance: Pour nos alternants, c'est une double rentrée qu'ils ont vécue. Slim Ben Youssef nous parle de son arrivée dans l'entr…"},{"lang":"en","possibly_sensitive":false,"id":"1438395728838201345","author_id":"508515282","referenced_tweets":[{"type":"retweeted","id":"1438329580230782977"}],"created_at":"2021-09-16T06:54:00.000Z","source":"Twitter Web App","text":"RT @liz_franczak: congrats to the governor #backtowork https://t.co/u6MFs83DMF"},{"lang":"en","possibly_sensitive":false,"id":"1438395553751126020","author_id":"48342565","created_at":"2021-09-16T06:53:18.000Z","source":"Twitter for iPhone","text":"After 556 days … I’m driving to the office \uD83D\uDE2E #backtowork"},{"lang":"en","possibly_sensitive":false,"id":"1438395422993788933","author_id":"21341251","referenced_tweets":[{"type":"retweeted","id":"1433758108136972291"}],"created_at":"2021-09-16T06:52:47.000Z","source":"Twitter for iPhone","text":"RT @Impamark: Are you #BackToSchool or #BackToWork this week? If so, get back in style with our Impamark essentials \uD83D\uDE0E\n\nTo #win:\n\n\uD83D\uDDA5️ #Like &amp;…"},{"lang":"en","possibly_sensitive":false,"id":"1438393679886966789","author_id":"2928224473","referenced_tweets":[{"type":"retweeted","id":"1438329580230782977"}],"created_at":"2021-09-16T06:45:52.000Z","source":"Twitter for iPhone","text":"RT @liz_franczak: congrats to the governor #backtowork https://t.co/u6MFs83DMF"},{"lang":"en","possibly_sensitive":false,"id":"1438391897207316481","author_id":"1212623222316752896","referenced_tweets":[{"type":"retweeted","id":"1433758108136972291"}],"created_at":"2021-09-16T06:38:46.000Z","source":"Twitter Web App","text":"RT @Impamark: Are you #BackToSchool or #BackToWork this week? If so, get back in style with our Impamark essentials \uD83D\uDE0E\n\nTo #win:\n\n\uD83D\uDDA5️ #Like &amp;…"},{"lang":"fr","possibly_sensitive":false,"id":"1438389687723429891","author_id":"49999973","created_at":"2021-09-16T06:30:00.000Z","source":"Twitter Web App","text":"\uD83D\uDCBB TENDANCE BIENTÔT LA RENTRÉE \uD83D\uDCBB \n\nQui c'est qui va faire tourner les têtes à la photocopieuse ?  \uD83D\uDE1C\nhttps://t.co/8ELeCqu9O7\n\n#tendance #rentrée #rentréescolaire2021 #backtowork #modehomme  #myspartoo https://t.co/UXdM6UUHvB"},{"lang":"en","possibly_sensitive":false,"id":"1438386145541476355","author_id":"91420833","referenced_tweets":[{"type":"retweeted","id":"1438193474214539266"}],"created_at":"2021-09-16T06:15:55.000Z","source":"Twitter Web App","text":"RT @GriffinSafety: What can employers do to encourage people to return to the workplace – while keeping people happy and healthy? \uD83E\uDD14\n\nRead o…"},{"lang":"en","possibly_sensitive":false,"id":"1438383540912082944","author_id":"130848514","created_at":"2021-09-16T06:05:34.000Z","source":"Twitter Web App","text":"#BackToWork In Bassano. Printed Shirts In \"Silk Touch\" Cotton That Sets Them Apart. Shop Now: https://t.co/MEpUPgnAvZ Or Locate A Store: https://t.co/y4SanuE9a5 https://t.co/Q0yTB5Sc8a"},{"lang":"en","possibly_sensitive":false,"id":"1438382478218178564","author_id":"793756243596673024","referenced_tweets":[{"type":"retweeted","id":"1438329580230782977"}],"created_at":"2021-09-16T06:01:21.000Z","source":"Twitter Web App","text":"RT @liz_franczak: congrats to the governor #backtowork https://t.co/u6MFs83DMF"},{"lang":"en","possibly_sensitive":false,"id":"1438381442296336388","author_id":"1585756879","created_at":"2021-09-16T05:57:14.000Z","source":"Twitter for Android","text":"Pre-pandemic scenes on very early @TfL Rail train to Liverpool Street this morning. Masks not being enforced in any way. Approx 10% of passengers wearing face coverings\n#BackToWork #BackToTheOffice #Covid19UK #DeltaVariant #WearAMask #COVID19 https://t.co/ngnR7Kkune"},{"lang":"en","possibly_sensitive":false,"id":"1438380756531822596","author_id":"16348021","referenced_tweets":[{"type":"retweeted","id":"1433758108136972291"}],"created_at":"2021-09-16T05:54:30.000Z","source":"Twitter for iPhone","text":"RT @Impamark: Are you #BackToSchool or #BackToWork this week? If so, get back in style with our Impamark essentials \uD83D\uDE0E\n\nTo #win:\n\n\uD83D\uDDA5️ #Like &amp;…"},{"lang":"tl","possibly_sensitive":false,"id":"1438379527713923072","author_id":"2659541581","created_at":"2021-09-16T05:49:37.000Z","source":"Twitter Web App","text":"Wala ata akong accomplishment ngayong araw, liban sa coordination sa concerned offices. #backtowork #HQisover #CapDev"},{"lang":"en","possibly_sensitive":false,"id":"1438379181654491140","author_id":"1398944897046958084","created_at":"2021-09-16T05:48:15.000Z","source":"Twitter for Android","text":"Weekends feels like real weekend now..#backtowork #nushratjahan #Digitalmarketer"}],"meta":{"newest_id":"1438443586345832458","oldest_id":"1438379181654491140","result_count":50,"next_token":"b26v89c19zqg8o3fpdp9lx5s6xljcg4gnew89dvqbn2pp"}}