{"data":[{"lang":"en","possibly_sensitive":false,"created_at":"2021-09-16T05:23:55.000Z","referenced_tweets":[{"type":"retweeted","id":"1438329580230782977"}],"author_id":"1079143063900037120","source":"Twitter for Android","text":"RT @liz_franczak: congrats to the governor #backtowork https://t.co/u6MFs83DMF","id":"1438373059845660674"},{"lang":"en","possibly_sensitive":false,"created_at":"2021-09-16T04:39:41.000Z","referenced_tweets":[{"type":"retweeted","id":"1433758108136972291"}],"author_id":"31831373","source":"Twitter Web App","text":"RT @Impamark: Are you #BackToSchool or #BackToWork this week? If so, get back in style with our Impamark essentials \uD83D\uDE0E\n\nTo #win:\n\n\uD83D\uDDA5️ #Like &amp;…","id":"1438361925524541440"},{"lang":"en","possibly_sensitive":false,"created_at":"2021-09-16T04:32:36.000Z","referenced_tweets":[{"type":"retweeted","id":"1438329580230782977"}],"author_id":"1149339313210978305","source":"Twitter for iPhone","text":"RT @liz_franczak: congrats to the governor #backtowork https://t.co/u6MFs83DMF","id":"1438360145872916481"},{"lang":"en","possibly_sensitive":false,"created_at":"2021-09-16T04:30:10.000Z","author_id":"2312319206","source":"Buffer","text":"#Fall Dark Green Face Mask Tonal Greens Batik Cotton Warm Colors Adjustable #Facemask Fitted Handmade USA https://t.co/hqQpAFOKQ7 #etsyshop #etsyhandmade #facemasks #Fallfashion #giftideas #birthdaygifts #backtowork #commuter #backtoschool #stockingstuffers #maskup #gifts https://t.co/2PATRPmBhE","id":"1438359533043212289"},{"lang":"en","possibly_sensitive":false,"created_at":"2021-09-16T04:27:16.000Z","referenced_tweets":[{"type":"retweeted","id":"1433758108136972291"}],"author_id":"823169806060941314","source":"Twitter Web App","text":"RT @Impamark: Are you #BackToSchool or #BackToWork this week? If so, get back in style with our Impamark essentials \uD83D\uDE0E\n\nTo #win:\n\n\uD83D\uDDA5️ #Like &amp;…","id":"1438358804190597122"},{"lang":"en","possibly_sensitive":false,"created_at":"2021-09-16T04:27:13.000Z","author_id":"1385965158003052545","source":"Hypefury","text":"Heading back to the office?\n\nThe New You shouldn't be carrying an out of date purse.\n\nTotes | Messenger | Satchels | Clutch &amp; Wristlets | Crossbody | Briefcase\n\nWe have the selection you're looking for.   \uD83D\uDC47    S H O P   N O W   \uD83D\uDC47\n\nhttps://t.co/67uXxKRkp8\n\n#backtowork #handbag","id":"1438358787757314050"},{"lang":"en","possibly_sensitive":false,"created_at":"2021-09-16T04:24:24.000Z","referenced_tweets":[{"type":"retweeted","id":"1433758108136972291"}],"author_id":"3024551567","source":"Twitter Web App","text":"RT @Impamark: Are you #BackToSchool or #BackToWork this week? If so, get back in style with our Impamark essentials \uD83D\uDE0E\n\nTo #win:\n\n\uD83D\uDDA5️ #Like &amp;…","id":"1438358081671471107"},{"lang":"en","possibly_sensitive":false,"created_at":"2021-09-16T04:18:20.000Z","referenced_tweets":[{"type":"retweeted","id":"1438329580230782977"}],"author_id":"1256049825201770496","source":"Twitter for iPhone","text":"RT @liz_franczak: congrats to the governor #backtowork https://t.co/u6MFs83DMF","id":"1438356555943002113"},{"lang":"en","possibly_sensitive":false,"created_at":"2021-09-16T04:18:07.000Z","author_id":"1436101882355802117","source":"Twitter for iPhone","text":"#5amclub #BackToWork looking forward to facing whatever today offers up. Be better than #yesterday! I don’t know how, but after emails and sticking to my #routine I will be able to make a clear #poa for today! Let’s get going \uD83D\uDC4A\uD83D\uDC4C \n#work #life #purpose #grind #Odaat #wakeup","id":"1438356499861065728"},{"lang":"en","possibly_sensitive":false,"created_at":"2021-09-16T04:07:31.000Z","referenced_tweets":[{"type":"retweeted","id":"1425299946526367744"}],"author_id":"1159261676","source":"Twitter for iPhone","text":"RT @YourASexyWoman: \uD83C\uDFB6\uD83D\uDC3A\uD83D\uDE0E\uD83D\uDC3A\uD83C\uDFB6 @kanyewest - Wolves - Slowed to Perfection + Reverb https://t.co/3CV7vxJydK via @YouTube #BackToWork","id":"1438353830085857286"},{"lang":"en","possibly_sensitive":false,"created_at":"2021-09-16T03:59:42.000Z","referenced_tweets":[{"type":"retweeted","id":"1438329580230782977"}],"author_id":"18037565","source":"TweetDeck","text":"RT @liz_franczak: congrats to the governor #backtowork https://t.co/u6MFs83DMF","id":"1438351863535919106"},{"lang":"en","possibly_sensitive":false,"created_at":"2021-09-16T03:41:27.000Z","referenced_tweets":[{"type":"retweeted","id":"1438329580230782977"}],"author_id":"1016561265546813440","source":"Twitter for iPhone","text":"RT @liz_franczak: congrats to the governor #backtowork https://t.co/u6MFs83DMF","id":"1438347273264631810"},{"lang":"en","possibly_sensitive":false,"created_at":"2021-09-16T03:32:22.000Z","referenced_tweets":[{"type":"retweeted","id":"1433758108136972291"}],"author_id":"882546483609964544","source":"Twitter Web App","text":"RT @Impamark: Are you #BackToSchool or #BackToWork this week? If so, get back in style with our Impamark essentials \uD83D\uDE0E\n\nTo #win:\n\n\uD83D\uDDA5️ #Like &amp;…","id":"1438344985229905921"},{"lang":"en","possibly_sensitive":false,"created_at":"2021-09-16T03:30:55.000Z","referenced_tweets":[{"type":"retweeted","id":"1438329580230782977"}],"author_id":"617775121","source":"Twitter for iPhone","text":"RT @liz_franczak: congrats to the governor #backtowork https://t.co/u6MFs83DMF","id":"1438344621231198212"},{"lang":"en","possibly_sensitive":false,"created_at":"2021-09-16T03:29:25.000Z","referenced_tweets":[{"type":"retweeted","id":"1436380882567254016"}],"author_id":"1178125556384174080","source":"Twitter for iPhone","text":"RT @harperjones69: What are we doing today? #AllGasNoBrakes #BackToWork #adultcreator #onlyfans #thong #strip #daddysgirl https://t.co/Pmac…","id":"1438344245270630400"},{"lang":"en","possibly_sensitive":false,"created_at":"2021-09-16T03:22:50.000Z","referenced_tweets":[{"type":"retweeted","id":"1438329580230782977"}],"author_id":"1084497619","source":"Twitter for iPhone","text":"RT @liz_franczak: congrats to the governor #backtowork https://t.co/u6MFs83DMF","id":"1438342586033340417"},{"lang":"en","possibly_sensitive":false,"created_at":"2021-09-16T03:21:59.000Z","referenced_tweets":[{"type":"retweeted","id":"1438329580230782977"}],"author_id":"47404943","source":"Twitter for Android","text":"RT @liz_franczak: congrats to the governor #backtowork https://t.co/u6MFs83DMF","id":"1438342373747134467"},{"lang":"en","possibly_sensitive":false,"created_at":"2021-09-16T03:18:41.000Z","referenced_tweets":[{"type":"retweeted","id":"1438329580230782977"}],"author_id":"1606596583","source":"Twitter for Android","text":"RT @liz_franczak: congrats to the governor #backtowork https://t.co/u6MFs83DMF","id":"1438341543732006913"},{"lang":"en","possibly_sensitive":false,"created_at":"2021-09-16T03:16:20.000Z","referenced_tweets":[{"type":"retweeted","id":"1438329580230782977"}],"author_id":"889286918613213184","source":"Twitter for iPhone","text":"RT @liz_franczak: congrats to the governor #backtowork https://t.co/u6MFs83DMF","id":"1438340952087621635"},{"lang":"en","possibly_sensitive":true,"created_at":"2021-09-16T03:15:10.000Z","referenced_tweets":[{"type":"retweeted","id":"1438329580230782977"}],"author_id":"915806024916811776","source":"Twitter for iPhone","text":"RT @liz_franczak: congrats to the governor #backtowork https://t.co/u6MFs83DMF","id":"1438340657769185281"},{"lang":"en","possibly_sensitive":false,"created_at":"2021-09-16T02:55:13.000Z","referenced_tweets":[{"type":"retweeted","id":"1438329580230782977"}],"author_id":"1217534728003313664","source":"Twitter Web App","text":"RT @liz_franczak: congrats to the governor #backtowork https://t.co/u6MFs83DMF","id":"1438335636432424960"},{"lang":"en","possibly_sensitive":false,"created_at":"2021-09-16T02:53:00.000Z","referenced_tweets":[{"type":"retweeted","id":"1438329580230782977"}],"author_id":"740395366416306177","source":"Twitter for Android","text":"RT @liz_franczak: congrats to the governor #backtowork https://t.co/u6MFs83DMF","id":"1438335077616783362"},{"lang":"en","possibly_sensitive":false,"created_at":"2021-09-16T02:50:27.000Z","referenced_tweets":[{"type":"retweeted","id":"1438329580230782977"}],"author_id":"805253430063284225","source":"Twitter for iPhone","text":"RT @liz_franczak: congrats to the governor #backtowork https://t.co/u6MFs83DMF","id":"1438334436941127680"},{"lang":"en","possibly_sensitive":true,"created_at":"2021-09-16T02:49:40.000Z","referenced_tweets":[{"type":"retweeted","id":"1438329580230782977"}],"author_id":"969748293352747008","source":"Twitter for iPhone","text":"RT @liz_franczak: congrats to the governor #backtowork https://t.co/u6MFs83DMF","id":"1438334240962220036"},{"lang":"en","possibly_sensitive":false,"created_at":"2021-09-16T02:45:20.000Z","referenced_tweets":[{"type":"retweeted","id":"1438329580230782977"}],"author_id":"3106601","source":"Twitter for iPad","text":"RT @liz_franczak: congrats to the governor #backtowork https://t.co/u6MFs83DMF","id":"1438333151198134272"},{"lang":"en","possibly_sensitive":false,"created_at":"2021-09-16T02:44:55.000Z","referenced_tweets":[{"type":"retweeted","id":"1438329580230782977"}],"author_id":"22957449","source":"Twitter Web App","text":"RT @liz_franczak: congrats to the governor #backtowork https://t.co/u6MFs83DMF","id":"1438333045237555202"},{"lang":"en","possibly_sensitive":false,"created_at":"2021-09-16T02:44:30.000Z","referenced_tweets":[{"type":"retweeted","id":"1438329580230782977"}],"author_id":"393705173","source":"Twitter Web App","text":"RT @liz_franczak: congrats to the governor #backtowork https://t.co/u6MFs83DMF","id":"1438332940941938691"},{"lang":"en","possibly_sensitive":false,"created_at":"2021-09-16T02:40:03.000Z","referenced_tweets":[{"type":"retweeted","id":"1438329580230782977"}],"author_id":"1898961482","source":"Twitter for iPhone","text":"RT @liz_franczak: congrats to the governor #backtowork https://t.co/u6MFs83DMF","id":"1438331819947139072"},{"lang":"en","possibly_sensitive":false,"created_at":"2021-09-16T02:39:23.000Z","referenced_tweets":[{"type":"retweeted","id":"1438329580230782977"}],"author_id":"1354990319822110724","source":"Twitter for iPhone","text":"RT @liz_franczak: congrats to the governor #backtowork https://t.co/u6MFs83DMF","id":"1438331651533295617"},{"lang":"en","possibly_sensitive":false,"created_at":"2021-09-16T02:38:42.000Z","referenced_tweets":[{"type":"retweeted","id":"1438329580230782977"}],"author_id":"15251398","source":"Twitter for iPhone","text":"RT @liz_franczak: congrats to the governor #backtowork https://t.co/u6MFs83DMF","id":"1438331479675834370"},{"lang":"en","possibly_sensitive":false,"created_at":"2021-09-16T02:38:41.000Z","referenced_tweets":[{"type":"retweeted","id":"1438329580230782977"}],"author_id":"342279057","source":"Twitter for iPhone","text":"RT @liz_franczak: congrats to the governor #backtowork https://t.co/u6MFs83DMF","id":"1438331476462931969"},{"lang":"en","possibly_sensitive":false,"created_at":"2021-09-16T02:38:17.000Z","referenced_tweets":[{"type":"retweeted","id":"1438329580230782977"}],"author_id":"17221969","source":"Twitter Web App","text":"RT @liz_franczak: congrats to the governor #backtowork https://t.co/u6MFs83DMF","id":"1438331374608474116"},{"lang":"en","possibly_sensitive":false,"created_at":"2021-09-16T02:37:56.000Z","referenced_tweets":[{"type":"retweeted","id":"1438329580230782977"}],"author_id":"2934005284","source":"Twitter for iPhone","text":"RT @liz_franczak: congrats to the governor #backtowork https://t.co/u6MFs83DMF","id":"1438331287719366665"},{"lang":"en","possibly_sensitive":false,"created_at":"2021-09-16T02:36:44.000Z","referenced_tweets":[{"type":"retweeted","id":"1438329580230782977"}],"author_id":"921206589658300416","source":"Twitter for iPhone","text":"RT @liz_franczak: congrats to the governor #backtowork https://t.co/u6MFs83DMF","id":"1438330986807250949"},{"lang":"en","possibly_sensitive":false,"created_at":"2021-09-16T02:36:42.000Z","referenced_tweets":[{"type":"retweeted","id":"1438329580230782977"}],"author_id":"1176209360298504192","source":"Twitter for iPhone","text":"RT @liz_franczak: congrats to the governor #backtowork https://t.co/u6MFs83DMF","id":"1438330978926141446"},{"lang":"en","possibly_sensitive":false,"created_at":"2021-09-16T02:36:30.000Z","referenced_tweets":[{"type":"retweeted","id":"1438329580230782977"}],"author_id":"961962962348068866","source":"Twitter for iPad","text":"RT @liz_franczak: congrats to the governor #backtowork https://t.co/u6MFs83DMF","id":"1438330926086430724"},{"lang":"en","possibly_sensitive":false,"created_at":"2021-09-16T02:35:19.000Z","referenced_tweets":[{"type":"retweeted","id":"1438329580230782977"}],"author_id":"613005292","source":"Twitter for iPhone","text":"RT @liz_franczak: congrats to the governor #backtowork https://t.co/u6MFs83DMF","id":"1438330628705976323"},{"lang":"en","possibly_sensitive":false,"created_at":"2021-09-16T02:34:53.000Z","referenced_tweets":[{"type":"retweeted","id":"1438329580230782977"}],"author_id":"400017562","source":"Twitter for iPhone","text":"RT @liz_franczak: congrats to the governor #backtowork https://t.co/u6MFs83DMF","id":"1438330520639705091"},{"lang":"en","possibly_sensitive":false,"created_at":"2021-09-16T02:33:12.000Z","referenced_tweets":[{"type":"retweeted","id":"1438329580230782977"}],"author_id":"15131462","source":"TweetDeck","text":"RT @liz_franczak: congrats to the governor #backtowork https://t.co/u6MFs83DMF","id":"1438330097929445380"},{"lang":"en","possibly_sensitive":false,"created_at":"2021-09-16T02:33:11.000Z","referenced_tweets":[{"type":"retweeted","id":"1438329580230782977"}],"author_id":"1266219263339171840","source":"Twitter Web App","text":"RT @liz_franczak: congrats to the governor #backtowork https://t.co/u6MFs83DMF","id":"1438330090123845635"},{"lang":"en","possibly_sensitive":false,"created_at":"2021-09-16T02:33:04.000Z","referenced_tweets":[{"type":"retweeted","id":"1438329580230782977"}],"author_id":"1312387412828487681","source":"Twitter Web App","text":"RT @liz_franczak: congrats to the governor #backtowork https://t.co/u6MFs83DMF","id":"1438330061594181635"},{"lang":"en","possibly_sensitive":false,"created_at":"2021-09-16T02:32:32.000Z","referenced_tweets":[{"type":"retweeted","id":"1438329580230782977"}],"author_id":"1070732796270804992","source":"Twitter for iPhone","text":"RT @liz_franczak: congrats to the governor #backtowork https://t.co/u6MFs83DMF","id":"1438329926659153921"},{"lang":"en","possibly_sensitive":false,"created_at":"2021-09-16T02:32:12.000Z","referenced_tweets":[{"type":"retweeted","id":"1438329580230782977"}],"author_id":"8376882","source":"Tweetbot for iΟS","text":"RT @liz_franczak: congrats to the governor #backtowork https://t.co/u6MFs83DMF","id":"1438329845272891392"},{"lang":"en","possibly_sensitive":false,"created_at":"2021-09-16T02:32:05.000Z","referenced_tweets":[{"type":"retweeted","id":"1438329580230782977"}],"author_id":"1960976030","source":"Twitter for iPhone","text":"RT @liz_franczak: congrats to the governor #backtowork https://t.co/u6MFs83DMF","id":"1438329816676065283"},{"lang":"en","possibly_sensitive":false,"created_at":"2021-09-16T02:31:59.000Z","referenced_tweets":[{"type":"retweeted","id":"1438329580230782977"}],"author_id":"2557304533","source":"Twitter for iPhone","text":"RT @liz_franczak: congrats to the governor #backtowork https://t.co/u6MFs83DMF","id":"1438329789308354563"},{"lang":"en","possibly_sensitive":false,"created_at":"2021-09-16T02:31:46.000Z","referenced_tweets":[{"type":"retweeted","id":"1438329580230782977"}],"author_id":"1428811086879289345","source":"Twitter for iPhone","text":"RT @liz_franczak: congrats to the governor #backtowork https://t.co/u6MFs83DMF","id":"1438329735520534530"},{"lang":"en","possibly_sensitive":false,"created_at":"2021-09-16T02:31:39.000Z","referenced_tweets":[{"type":"retweeted","id":"1438329580230782977"}],"author_id":"715292536508694528","source":"Twitter for Android","text":"RT @liz_franczak: congrats to the governor #backtowork https://t.co/u6MFs83DMF","id":"1438329707607597067"},{"lang":"en","possibly_sensitive":false,"created_at":"2021-09-16T02:31:09.000Z","author_id":"21926927","source":"Twitter for iPhone","text":"congrats to the governor #backtowork https://t.co/u6MFs83DMF","id":"1438329580230782977"},{"lang":"en","possibly_sensitive":false,"created_at":"2021-09-16T02:15:05.000Z","author_id":"903465233074667520","source":"Twitter Web App","text":"Off to an interview fit which led to getting a job fit. Back to the workforce, I go!\n.\n.\n#backtowork https://t.co/7yhOiIUhgg","id":"1438325538943234048"},{"lang":"en","possibly_sensitive":false,"created_at":"2021-09-16T02:13:00.000Z","author_id":"1189955788850290694","source":"Twitter for iPhone","text":"There is definitely an uptick of people in midtown this week. Great to see #BackToWork taking place and small businesses getting busy again! Hoping #DeltaVariant subsides and #NYC continues progressing.","id":"1438325013317406727"}],"meta":{"newest_id":"1438373059845660674","oldest_id":"1438325013317406727","result_count":50,"next_token":"b26v89c19zqg8o3fpdp9lx4a2q0iwx0f6ms6l2ev8l01p"}}