{"data":[{"id":"1439830515436064772","lang":"en","source":"Twitter for Android","text":"RT @savage_cyber: Thoda time laga khud ko pehchane main \uD83E\uDD23 \n\nNow i am looking like a perfect software wala banda..!! \uD83D\uDE09\n\n#BackToWork #NewLook…","created_at":"2021-09-20T05:55:20.000Z","referenced_tweets":[{"type":"retweeted","id":"1439799265753137154"}],"author_id":"1273077207963844610","possibly_sensitive":false},{"id":"1439829835640020995","lang":"en","source":"Twitter for Android","text":"RT @savage_cyber: Thoda time laga khud ko pehchane main \uD83E\uDD23 \n\nNow i am looking like a perfect software wala banda..!! \uD83D\uDE09\n\n#BackToWork #NewLook…","created_at":"2021-09-20T05:52:38.000Z","referenced_tweets":[{"type":"retweeted","id":"1439799265753137154"}],"author_id":"1300656964418990080","possibly_sensitive":false},{"id":"1439828435761709061","lang":"und","source":"Twitter Web App","text":"RT @NintendoUK: #backtowork https://t.co/qSXxToA4SA","created_at":"2021-09-20T05:47:04.000Z","referenced_tweets":[{"type":"retweeted","id":"683964841002971136"}],"author_id":"3626113885","possibly_sensitive":false},{"id":"1439827103747350528","lang":"en","source":"Twitter for Android","text":"Students have started arriving over the weekend ready for Term 1 and today I'm back in the library for my normal term-time hours. Let's do this!\n#BacktoWork #NewAcademicYear #Libraries https://t.co/e7TWlbSB3B","created_at":"2021-09-20T05:41:46.000Z","author_id":"708818753832816641","possibly_sensitive":false},{"id":"1439826727539130371","lang":"en","source":"Twitter Web App","text":"Risk-taking is vital for human progress. \nContact our team on +44 7502234000 for more information, or send an e-mail at:\n\nsupport@clearsoftware-solutions.com\n\n#riskmanagement #protectcustomers #backtowork #workingsafely #workplaceguidance https://t.co/NOABIqZq7p","created_at":"2021-09-20T05:40:17.000Z","author_id":"1347137351357657088","possibly_sensitive":false},{"id":"1439822352422866945","lang":"en","source":"Twitter for Android","text":"RT @savage_cyber: Thoda time laga khud ko pehchane main \uD83E\uDD23 \n\nNow i am looking like a perfect software wala banda..!! \uD83D\uDE09\n\n#BackToWork #NewLook…","created_at":"2021-09-20T05:22:54.000Z","referenced_tweets":[{"type":"retweeted","id":"1439799265753137154"}],"author_id":"1346320709774004224","possibly_sensitive":false},{"id":"1439821594659115011","lang":"nl","source":"Twitter for iPhone","text":"Maandag… dus weer aan het werk. Hopelijk vliegt de week voorbij. Weet je…… ik zou er best aan kunnen wennen als het altijd zaterdag blijft \uD83D\uDE02\uD83D\uDE02 #backtowork #ohnoalreadymonday #misweekend https://t.co/Ed0GYsWaJh","created_at":"2021-09-20T05:19:53.000Z","author_id":"1715137332","possibly_sensitive":false},{"id":"1439820730598891522","lang":"en","source":"Twitter Web App","text":"#Backtowork with Metro Solutions and GoBright BV - The #1 user-friendly, cloud-based platform for Room, Desk &amp; Visitor Management and Digital Signage solution.\n#RoomManagement - #DeskManagement - #VisitorManagement \n\nMetro Solutions #ProAV Tel 021 4341123. https://t.co/VaZWphgIwA","created_at":"2021-09-20T05:16:27.000Z","author_id":"2822410068","possibly_sensitive":false},{"id":"1439817275725389824","lang":"en","source":"Twitter for iPhone","text":"Annnd I am officially back to working this afternoon!  So help me Lord!  #aftercovid #backtowork https://t.co/qhYQ6KgIsG","created_at":"2021-09-20T05:02:43.000Z","author_id":"134090218","possibly_sensitive":false},{"id":"1439813879140282378","lang":"en","source":"Twitter for Android","text":"RT @savage_cyber: Thoda time laga khud ko pehchane main \uD83E\uDD23 \n\nNow i am looking like a perfect software wala banda..!! \uD83D\uDE09\n\n#BackToWork #NewLook…","created_at":"2021-09-20T04:49:13.000Z","referenced_tweets":[{"type":"retweeted","id":"1439799265753137154"}],"author_id":"1285937627917504513","possibly_sensitive":false},{"id":"1439813737964244993","lang":"en","source":"PM Softwares","text":"RT @ParthDKarad: Day 15 of #100DaysOfCode \n\nGoing Back to JAVA for upcoming work\n \n#JAVA #Python #corporate #BackToWork #studytwt #javascri…","created_at":"2021-09-20T04:48:40.000Z","referenced_tweets":[{"type":"retweeted","id":"1438702610182066181"}],"author_id":"1260015280048222208","possibly_sensitive":false},{"id":"1439813571941126151","lang":"en","source":"Twitter","text":"RT @ParthDKarad: Day 15 of #100DaysOfCode \n\nGoing Back to JAVA for upcoming work\n \n#JAVA #Python #corporate #BackToWork #studytwt #javascri…","created_at":"2021-09-20T04:48:00.000Z","referenced_tweets":[{"type":"retweeted","id":"1438702610182066181"}],"author_id":"1314164146934513665","possibly_sensitive":false},{"id":"1439808869610360839","lang":"en","source":"Twitter for iPhone","text":"Pumped to get my first win on the home turf with a score of 74. Lots of improvements and a couple mistakes but was able to rally and make a birdie on 18 to win. Thank you to all of my family and friends for the support. #backtowork #win https://t.co/qV7D6nYwLE","created_at":"2021-09-20T04:29:19.000Z","author_id":"1409743132023922688","possibly_sensitive":false},{"id":"1439806944894537732","lang":"en","source":"Twitter for Android","text":"RT @savage_cyber: Thoda time laga khud ko pehchane main \uD83E\uDD23 \n\nNow i am looking like a perfect software wala banda..!! \uD83D\uDE09\n\n#BackToWork #NewLook…","created_at":"2021-09-20T04:21:40.000Z","referenced_tweets":[{"type":"retweeted","id":"1439799265753137154"}],"author_id":"771998667515502592","possibly_sensitive":false},{"id":"1439805658124021761","lang":"en","source":"Twitter for Android","text":"RT @savage_cyber: Thoda time laga khud ko pehchane main \uD83E\uDD23 \n\nNow i am looking like a perfect software wala banda..!! \uD83D\uDE09\n\n#BackToWork #NewLook…","created_at":"2021-09-20T04:16:33.000Z","referenced_tweets":[{"type":"retweeted","id":"1439799265753137154"}],"author_id":"1291755139091447812","possibly_sensitive":false},{"id":"1439804064666054661","lang":"und","in_reply_to_user_id":"243796033","source":"Twitter for iPhone","text":"@AAbdishakur #backtowork @MohamedHRoble https://t.co/VWoNKYw7MM","created_at":"2021-09-20T04:10:13.000Z","referenced_tweets":[{"type":"replied_to","id":"1439306658304438277"}],"author_id":"75036269","possibly_sensitive":false},{"id":"1439802134929686529","lang":"en","source":"Twitter for iPhone","text":"What’s your favorite lip color #bonjour #backtowork #BackToSchool #boutiquebeautyglow https://t.co/6RPpuwWILg","created_at":"2021-09-20T04:02:33.000Z","author_id":"1428717336622600201","possibly_sensitive":false},{"id":"1439801925130547203","lang":"en","source":"Twitter for Android","text":"RT @savage_cyber: Thoda time laga khud ko pehchane main \uD83E\uDD23 \n\nNow i am looking like a perfect software wala banda..!! \uD83D\uDE09\n\n#BackToWork #NewLook…","created_at":"2021-09-20T04:01:43.000Z","referenced_tweets":[{"type":"retweeted","id":"1439799265753137154"}],"author_id":"1415140035712540673","possibly_sensitive":false},{"id":"1439801858537652230","lang":"en","source":"Twitter for iPhone","text":"RT @savage_cyber: Thoda time laga khud ko pehchane main \uD83E\uDD23 \n\nNow i am looking like a perfect software wala banda..!! \uD83D\uDE09\n\n#BackToWork #NewLook…","created_at":"2021-09-20T04:01:27.000Z","referenced_tweets":[{"type":"retweeted","id":"1439799265753137154"}],"author_id":"1336414447858974721","possibly_sensitive":false},{"id":"1439800621779984387","lang":"en","source":"Twitter for iPhone","text":"RT @savage_cyber: Thoda time laga khud ko pehchane main \uD83E\uDD23 \n\nNow i am looking like a perfect software wala banda..!! \uD83D\uDE09\n\n#BackToWork #NewLook…","created_at":"2021-09-20T03:56:33.000Z","referenced_tweets":[{"type":"retweeted","id":"1439799265753137154"}],"author_id":"1435472316280967171","possibly_sensitive":false},{"id":"1439799438248013827","lang":"en","source":"Twitter for iPhone","text":"RT @savage_cyber: Thoda time laga khud ko pehchane main \uD83E\uDD23 \n\nNow i am looking like a perfect software wala banda..!! \uD83D\uDE09\n\n#BackToWork #NewLook…","created_at":"2021-09-20T03:51:50.000Z","referenced_tweets":[{"type":"retweeted","id":"1439799265753137154"}],"author_id":"1213964192169902082","possibly_sensitive":false},{"id":"1439799265753137154","lang":"en","source":"Twitter for iPhone","text":"Thoda time laga khud ko pehchane main \uD83E\uDD23 \n\nNow i am looking like a perfect software wala banda..!! \uD83D\uDE09\n\n#BackToWork #NewLook https://t.co/pHOhZd8o5Y","created_at":"2021-09-20T03:51:09.000Z","author_id":"1307580883134631936","possibly_sensitive":false},{"id":"1439793153884762118","lang":"en","source":"Twitter for iPhone","text":"A little something\uD83C\uDFC8#backtowork https://t.co/dxJHmWMvLW","created_at":"2021-09-20T03:26:52.000Z","author_id":"1430213173613838346","possibly_sensitive":false},{"id":"1439790181264072708","lang":"en","source":"Twitter Automation Control Centr","text":"RT @Moomettes: #Fall Mauve Face Mask Floral Flowers Cotton Dust Mask Adjustable Fitted #Facemask Handmade USA https://t.co/HkycQGuh8y #etsy…","created_at":"2021-09-20T03:15:03.000Z","referenced_tweets":[{"type":"retweeted","id":"1438646389802774528"}],"author_id":"1300021108578623488","possibly_sensitive":false},{"id":"1439783735939899396","lang":"en","source":"Twitter Web App","text":"RT @RevolutionaryNP: What’s the #1 most important thing of being a teacher? Patience, knowledge? #backtowork #backtoschool #teacher","created_at":"2021-09-20T02:49:27.000Z","referenced_tweets":[{"type":"retweeted","id":"1439783252856754188"}],"author_id":"1314767850083549184","possibly_sensitive":false},{"id":"1439783252856754188","lang":"en","source":"Twitter for iPhone","text":"What’s the #1 most important thing of being a teacher? Patience, knowledge? #backtowork #backtoschool #teacher","created_at":"2021-09-20T02:47:32.000Z","author_id":"1300075839401328641","possibly_sensitive":false},{"id":"1439779410651975683","lang":"en","source":"Twitter for Android","text":"This!!! 2 years of staying home during awards season. Gonna be nice to be back on the red carpet in 2022. Goodluck and continued success. #Emmys #BackToWork #PRLife #EntertainmentPR https://t.co/d6fmGMbM3k","geo":{"place_id":"3b77caf94bfc81fe"},"created_at":"2021-09-20T02:32:15.000Z","referenced_tweets":[{"type":"quoted","id":"1439772648452415500"}],"author_id":"26961061","possibly_sensitive":false},{"id":"1439778979842428934","lang":"en","source":"Twitter for Android","text":"RT @Tboy_TylerKlein: Crap.  Tomorrow’s Monday again \uD83D\uDE11\uD83D\uDE11\uD83D\uDE11\uD83D\uDE11\uD83D\uDE11 #weekendsover #backtowork #tagteam #wrestling #therunway https://t.co/KUwgvOAwU4","created_at":"2021-09-20T02:30:33.000Z","referenced_tweets":[{"type":"retweeted","id":"1439771485590200321"}],"author_id":"2434304858","possibly_sensitive":false},{"id":"1439778861995147265","lang":"en","source":"Buffer","text":"Fall Bronze Acorn Face Mask Orange Earth Tones Neutrals Cotton Fitted Adjustable #Facemask Handmade USA https://t.co/s7OC2GEKD9 #etsyshop #etsyhandmade #facemasks #Fallfashion #giftideas #birthdaygifts #backtowork #commuter #backtoschool #stockingstuffers #maskup #gifts https://t.co/S9Z5DIIkpQ","created_at":"2021-09-20T02:30:05.000Z","author_id":"2312319206","possibly_sensitive":false},{"id":"1439778035121762306","lang":"en","source":"Twitter for iPhone","text":"Goodnight \uD83D\uDE34. Tomorrow is #backtowork so basically back to swearing into my #coffee &amp; keeping my head down on the subway #commute. Good times \uD83D\uDE12. #goodnight #SundayNight #Sleepyhead #bedtime","created_at":"2021-09-20T02:26:48.000Z","author_id":"162220673","possibly_sensitive":false},{"id":"1439774718551334916","lang":"en","source":"Twitter for iPhone","text":"RT @Tboy_TylerKlein: Crap.  Tomorrow’s Monday again \uD83D\uDE11\uD83D\uDE11\uD83D\uDE11\uD83D\uDE11\uD83D\uDE11 #weekendsover #backtowork #tagteam #wrestling #therunway https://t.co/KUwgvOAwU4","created_at":"2021-09-20T02:13:37.000Z","referenced_tweets":[{"type":"retweeted","id":"1439771485590200321"}],"author_id":"744136402242244608","possibly_sensitive":false},{"id":"1439771485590200321","lang":"en","source":"Twitter for iPhone","text":"Crap.  Tomorrow’s Monday again \uD83D\uDE11\uD83D\uDE11\uD83D\uDE11\uD83D\uDE11\uD83D\uDE11 #weekendsover #backtowork #tagteam #wrestling #therunway https://t.co/KUwgvOAwU4","created_at":"2021-09-20T02:00:46.000Z","author_id":"2810341411","possibly_sensitive":false},{"id":"1439769056979062787","lang":"en","source":"Twitter for iPhone","text":"It’s easy to bullshit, it’s hard to be consistent #backtowork","created_at":"2021-09-20T01:51:07.000Z","author_id":"255824068","possibly_sensitive":false},{"id":"1439763102770204673","lang":"und","source":"Instagram","text":"#madame❌ #backtowork https://t.co/YVb4MWXkKW","created_at":"2021-09-20T01:27:27.000Z","author_id":"1086881892","possibly_sensitive":false},{"id":"1439758146541658115","lang":"en","source":"Twitter for Android","text":"RT @harperjones69: What are we doing today? #AllGasNoBrakes #BackToWork #adultcreator #onlyfans #thong #strip #daddysgirl https://t.co/Pmac…","created_at":"2021-09-20T01:07:46.000Z","referenced_tweets":[{"type":"retweeted","id":"1436380882567254016"}],"author_id":"838650941465210880","possibly_sensitive":false},{"id":"1439753812307177475","lang":"und","source":"Twitter for Android","text":"#newprofliepic @anchorjiya @ABPNews #नमस्तेभारत नमस्कार!! आप सभी का स्वागत है देश के No1show #नमस्तेभारत में मै हू आपके साथ jiya Sharma Dii I'm missing two days ur cute smile ur lovely voice make my morning #Backtowork https://t.co/NV5lOCVVJn","created_at":"2021-09-20T00:50:32.000Z","author_id":"1053984669476311040","possibly_sensitive":false},{"id":"1439753223275958278","lang":"und","source":"Twitter for Android","text":"RT @DavEvaderknives: #backtowork #grinditout #grinding #knives #edc #dailygrind #customknives #fixedblades #knifemaking  #evaderknives http…","created_at":"2021-09-20T00:48:12.000Z","referenced_tweets":[{"type":"retweeted","id":"1439750234255495170"}],"author_id":"836099808","possibly_sensitive":false},{"id":"1439752592649752578","lang":"und","source":"Twitter for Android","text":"#newprofliepic @pratimamishra04 @ABPNews #नमस्तेभारत नमस्कार!! आपका स्वागत है देश के No1show #नमस्तेभारत में -2 हू आपके साथ प्रतिमा मिश्रा दीदी I'm missing so much ur anchoring skills ur cute smile \uD83D\uDE0A\uD83D\uDC95 sweet voice which used to make my morning #नमस्तेभारत #Backtowork loveDii\uD83D\uDC95 https://t.co/aNWjvgUxGX","created_at":"2021-09-20T00:45:42.000Z","author_id":"1053984669476311040","possibly_sensitive":false},{"id":"1439750234255495170","lang":"und","source":"Instagram","text":"#backtowork #grinditout #grinding #knives #edc #dailygrind #customknives #fixedblades #knifemaking  #evaderknives https://t.co/Js5crqx2Pi","created_at":"2021-09-20T00:36:19.000Z","author_id":"35139736","possibly_sensitive":false},{"id":"1439747201664643077","lang":"en","in_reply_to_user_id":"28844136","source":"Twitter for iPhone","text":"@AaronQ13Fox Yes it does. The poor execution and lack of discipline in the second half was hard to watch. Now they are 1-1, behind 3 undefeated teams in the NFC West. Not a good day for the @Seahawks. #BacktoWork","created_at":"2021-09-20T00:24:16.000Z","referenced_tweets":[{"type":"replied_to","id":"1439739144909967362"}],"author_id":"1973207028","possibly_sensitive":false},{"id":"1439733566066339840","lang":"en","source":"Buffer","text":"#Fall Brown Floral Face Mask Cotton Earth Tones Adjustable Fitted #Facemask Dust Cover Handmade USA https://t.co/q0ihsKIir0 #etsyshp #shopsmall #facemasks #Fallfashion #giftideas #birthdaygifts #backtowork #commuter #gym #Thanksgiving #BTS #maskup #giftforwomen #gifts https://t.co/V8UgE6UVSR","created_at":"2021-09-19T23:30:05.000Z","author_id":"2312319206","possibly_sensitive":false},{"id":"1439732227043115012","lang":"en","source":"Missinglettr","text":"I created ReIgnite: your six-session professional development and coaching program designed to help you build a stronger, higher-performing, and more profitable hybrid workforce in 90 days or less.\n\nRead more \uD83D\uDC49 https://t.co/nlT4EeNLAe\n\n#backtowork #backtotheoffice #remotework https://t.co/TKJg5Ayefi","created_at":"2021-09-19T23:24:46.000Z","author_id":"904325466","possibly_sensitive":false},{"id":"1439729056396845056","lang":"en","source":"Twitter for iPhone","text":"Some office outfit inspo that’ll make you excited for work \uD83E\uDD0D\uD83D\uDE3B #officeoutfits #workclothes #officewear #OOTD #officeootd #backtowork #outfitoftheday #outfitinspo https://t.co/0wBbPzJYb9","created_at":"2021-09-19T23:12:10.000Z","author_id":"287930848","possibly_sensitive":false},{"id":"1439728533736202241","lang":"es","source":"Twitter for Android","text":"RT @LauraPausini: Non facciamoci perdere d’animo, mani in tasca, sguardo sicuro, cuore che scoppia. \nVoi siete pronti a rientrare al lavoro…","created_at":"2021-09-19T23:10:05.000Z","referenced_tweets":[{"type":"retweeted","id":"1433049440756150280"}],"author_id":"180602377","possibly_sensitive":false},{"id":"1439728288730132483","lang":"en","source":"Twitter for Android","text":"RT @KellyTa81130039: Happy #tittytuesday! Back to work finally! #hot #sexy #milf #mombod #hotmom #backtowork #tattoos #piercednipples #tues…","created_at":"2021-09-19T23:09:07.000Z","referenced_tweets":[{"type":"retweeted","id":"1435250885139918848"}],"author_id":"1392385867705094145","possibly_sensitive":false},{"id":"1439727993899794434","lang":"en","source":"Twitter for Android","text":"Hey Wildcats! Long time no see. We're back and here to let you know that we will be tabling at the club fair on Tuesday! Come stop by and say hi \uD83D\uDE0A #ForTheKids #backtowork #backandbetterthanever https://t.co/uEtmvYKnyb","created_at":"2021-09-19T23:07:57.000Z","author_id":"1095964541169557504","possibly_sensitive":false},{"id":"1439723349157027846","lang":"en","source":"Twitter for iPhone","text":"“Minor Setback Due For Major Comeback” #SteelWeek #Bengals #backtowork #QueenCityStripes https://t.co/80IZc8bPB4 https://t.co/93DgOGI24Z","created_at":"2021-09-19T22:49:29.000Z","referenced_tweets":[{"type":"quoted","id":"1439702730432466944"}],"author_id":"1396059958341406722","possibly_sensitive":true},{"id":"1439722228917153792","lang":"en","source":"Buffer","text":"#Fall Floral Face Mask Orange  Gold Metallic Black Adjustable Cotton #Facemask Handmade USA https://t.co/Q32W3Uswfa #FallFaceMasks #Halloween #Halloweentime #Thanksgiving #Friendsgiving #commuterlife #backtowork #FallFashion  #giftideas #giftforkids #giftforwomen #gifts #MaskUp https://t.co/Qotn3Yd23K","created_at":"2021-09-19T22:45:02.000Z","author_id":"2312319206","possibly_sensitive":false},{"id":"1439722160872960000","lang":"en","source":"Twitter for Android","text":"I never understood my mother's dislike of Sunday nights, until I became an adult. \n#thestruggleisreal #backtowork","created_at":"2021-09-19T22:44:46.000Z","author_id":"519847692","possibly_sensitive":false},{"id":"1439721482733735942","lang":"en","in_reply_to_user_id":"18999969","source":"Twitter for Android","text":"@CBCOttawa Oh no! Some people are lucky not to have to rely on public transportation. Others aren't! #backtowork #OttawaLRT","created_at":"2021-09-19T22:42:04.000Z","referenced_tweets":[{"type":"replied_to","id":"1439718990083919891"}],"author_id":"431610794","possibly_sensitive":false},{"id":"1439713502139015172","lang":"en","source":"Twitter for iPhone","text":"First day to office after a long a ‘holiday’\n#backtowork\n#workfromoffice","created_at":"2021-09-19T22:10:22.000Z","author_id":"66580236","possibly_sensitive":false},{"id":"1439711317275860998","lang":"en","source":"Twitter for iPad","text":"RT @SDCweb: #SDCMember @LavinaJadhwani is a director-playwright and speaks here to her current piece in production with @EWPlayers #BackToW…","created_at":"2021-09-19T22:01:41.000Z","referenced_tweets":[{"type":"retweeted","id":"1438981627330301957"}],"author_id":"629442836","possibly_sensitive":false},{"id":"1439709701118337028","lang":"en","source":"Twitter for iPhone","text":"Sunday nights are always a challenge but Sunday night after a week’s annual leave \uD83E\uDD26\uD83C\uDFFB‍♂️\uD83D\uDE29 #backtowork #sleepdeprived https://t.co/h6jwgIoGd6","created_at":"2021-09-19T21:55:15.000Z","author_id":"1333889009228140545","possibly_sensitive":false},{"id":"1439704165052260359","lang":"en","source":"Twitter for iPhone","text":"Long day travelling, coaches, ferry, plane, car and been up since 04:30am UK time so catching up on #travelswithmyfather in bed before #backtowork in the morning!","created_at":"2021-09-19T21:33:16.000Z","author_id":"22301180","possibly_sensitive":false},{"id":"1439704072127500290","lang":"en","source":"Twitter Web App","text":"RT @thames_travel: Back to the office for a few days a week? \uD83C\uDFE2\uD83D\uDCBB\n\nSave money on your commute with 30% off your 12-trip Oxford Bus Company, T…","created_at":"2021-09-19T21:32:53.000Z","referenced_tweets":[{"type":"retweeted","id":"1434828736554229762"}],"author_id":"2186503904","possibly_sensitive":false},{"id":"1439700459401342980","lang":"en","source":"Twitter for Android","text":"RT @_houseofbb: As most of us slowly get into the #backtowork mode (or not!), the question is: do really want a return to the way things we…","created_at":"2021-09-19T21:18:32.000Z","referenced_tweets":[{"type":"retweeted","id":"1438876610170703876"}],"author_id":"513670445","possibly_sensitive":false},{"id":"1439697184371453961","lang":"en","source":"Twitter for iPhone","text":"RT @Swinger_Sian: \uD83D\uDC8BCan’t keep a good hoe down, unless it’s with 2 \uD83C\uDF46\uD83C\uDF46 \uD83D\uDC8B \n#swinger #swingerscouple \uD83D\uDC8B\n#BackToWork #hotwifeclub \uD83D\uDC8B https://t.co/…","created_at":"2021-09-19T21:05:31.000Z","referenced_tweets":[{"type":"retweeted","id":"1438121690379264005"}],"author_id":"729398734568734722","possibly_sensitive":false},{"id":"1439694727704715273","lang":"en","source":"Publer.io","text":"Employees at Google must now be vaccinated to work on campus. What's your business's policy on vaccines? \n\n#vaccination #Google #BackToWork https://t.co/RuJhgvtprx","created_at":"2021-09-19T20:55:45.000Z","author_id":"13750802","possibly_sensitive":false},{"id":"1439692155526815754","lang":"en","source":"Twitter for iPhone","text":"RT @VictoriaRTPI: #SundayNight #backtowork tomorrow &amp; I couldn't help noticing #MHCLG has a #newlook #newname exciting times - I'm looking…","created_at":"2021-09-19T20:45:32.000Z","referenced_tweets":[{"type":"retweeted","id":"1439666179581349895"}],"author_id":"3367446040","possibly_sensitive":false},{"id":"1439690696013848581","lang":"de","source":"Twitter for Android","text":"...auf in die neue Woche... \n*Symbolbild*\n\n#urlaubsende #backtowork #mondaythoughts https://t.co/3ar7ZiJbOq","created_at":"2021-09-19T20:39:44.000Z","author_id":"193407950","possibly_sensitive":false},{"id":"1439689900383690757","lang":"und","source":"Twitter for iPhone","text":"#backtowork #love #job #hight https://t.co/UiNEyHeFfd","created_at":"2021-09-19T20:36:35.000Z","author_id":"1346877964684820485","possibly_sensitive":false},{"id":"1439687538671865864","lang":"nl","source":"Twitter Web App","text":"Na 2 weken vakantie is het morgen (helaas) weer tijd om aan het werk te gaan. genoten van de vakantie op #bonaire maar nu moet er weer geld verdiend worden. #vakantie #backtowork","created_at":"2021-09-19T20:27:11.000Z","author_id":"167423631","possibly_sensitive":false},{"id":"1439686695042093057","lang":"de","source":"Twitter Web App","text":"Anglistentag morgen ... uiuiuiuiui #BackToWork","created_at":"2021-09-19T20:23:50.000Z","author_id":"121146036","possibly_sensitive":false},{"id":"1439686348827410432","lang":"en","source":"Twitter Web App","text":"Browns look good. Running game is tight. Best 1-2 punch in the NFL. Time to make some dinner then back to work.\n\n#browns #Stocks #backtowork #nickchubb #kareemhunt #bakermayfield https://t.co/CzfB0Hlt9n","created_at":"2021-09-19T20:22:28.000Z","author_id":"1431988948339920909","possibly_sensitive":false},{"id":"1439685434594840582","lang":"en","source":"Twitter Web App","text":"RT @AilsaForshaw: Wow, so handsome! And, #wholesale, baby!\nJacket, Pants + Tie US$139.35 (Was $217.70)\nhttps://t.co/LPx4VGoDKy via @impactp…","created_at":"2021-09-19T20:18:50.000Z","referenced_tweets":[{"type":"retweeted","id":"1424645722884907011"}],"author_id":"832170559","possibly_sensitive":false},{"id":"1439682264997183488","lang":"en","source":"Twitter for iPhone","text":"Back to work tomorrow after a week off and I’ve got the Sunday blues x 100\n#BackToWork","created_at":"2021-09-19T20:06:14.000Z","author_id":"20177191","possibly_sensitive":false},{"id":"1439681912646287364","lang":"en","source":"Twitter for Android","text":"Every person preparing to go back into the office tomorrow #backtowork #blendedworking #returntowork #WorkFromHome #ireland https://t.co/GgToFgN8Ud","created_at":"2021-09-19T20:04:50.000Z","author_id":"186436287","possibly_sensitive":false},{"id":"1439679467228733441","lang":"en","source":"TweetDeck","text":"RT @AAAbbottStories: #BackToWork? Enjoy a new #audiobook on your #commute.\uD83D\uDE89\uD83D\uDE97\uD83D\uDCD6\uD83C\uDFA7\n\nWhat readers are saying about BRIGHT LIES:\n⭐️⭐️⭐️⭐️⭐️\"Inten…","created_at":"2021-09-19T19:55:07.000Z","referenced_tweets":[{"type":"retweeted","id":"1439679372911423489"}],"author_id":"2230327087","possibly_sensitive":false},{"id":"1439679372911423489","lang":"en","source":"Twitter Web App","text":"#BackToWork? Enjoy a new #audiobook on your #commute.\uD83D\uDE89\uD83D\uDE97\uD83D\uDCD6\uD83C\uDFA7\n\nWhat readers are saying about BRIGHT LIES:\n⭐️⭐️⭐️⭐️⭐️\"Intense #PsychologicalThriller\"\n⭐️⭐️⭐️⭐️⭐️\"Compelling\"\n⭐️⭐️⭐️⭐️⭐️\"Speaks to the heart\"\n\nListen to a clip:\nhttps://t.co/U1yAshABBl\n\n #BackToSchool #Audio #BrumHour https://t.co/0RaHyDoHyt","created_at":"2021-09-19T19:54:45.000Z","author_id":"75590015","possibly_sensitive":false},{"id":"1439673470061793293","lang":"en","source":"Twitter Web App","text":"Not looking forward to tomorrow \uD83D\uDE14 #backtowork","created_at":"2021-09-19T19:31:17.000Z","author_id":"567336614","possibly_sensitive":false},{"id":"1439671547585830921","lang":"en","source":"Twitter for iPhone","text":"RT @lillianjones_sb: First game of the Tracy Beard Showcase &amp; the bats were ON FIRE !\uD83D\uDD25\uD83D\uDD25 Leading off went 2-2 at the plate. \uD83D\uDC99\uD83D\uDC9B #BackToWork @…","created_at":"2021-09-19T19:23:39.000Z","referenced_tweets":[{"type":"retweeted","id":"1439258139174522885"}],"author_id":"1207035049771773952","possibly_sensitive":false},{"id":"1439669767686721538","lang":"en","source":"Twitter for iPhone","text":"Office officially reopening is the worst Sunday night fear I’ve had in a long time! \uD83D\uDE05 #StayHome #backtowork #office #WorkFromHome #remoteworking","geo":{"place_id":"1147023b519541b3"},"created_at":"2021-09-19T19:16:35.000Z","author_id":"212701625","possibly_sensitive":false},{"id":"1439666179581349895","lang":"en","source":"Twitter for Android","text":"#SundayNight #backtowork tomorrow &amp; I couldn't help noticing #MHCLG has a #newlook #newname exciting times - I'm looking forward to another interesting week ahead! @luhcgovuk #planning #planningreform https://t.co/7pUd7B3vgV","created_at":"2021-09-19T19:02:19.000Z","author_id":"90837033","possibly_sensitive":false},{"id":"1439663600772304899","lang":"en","source":"Twitter for iPhone","text":"Cherishing little moments like this\uD83D\uDC97\nTomorrow, it’s back to TV news land!\uD83D\uDCFA\uD83D\uDCF9\uD83C\uDFA4\uD83D\uDCE1\n.\n.\n.\n#littlemoments #treasure #backtowork #tvnewsanchor #newslife #maternityleave #backtothegrind #babygirl #workingmomlife #momlife #tvnews #workingmom #motherhood #motheranddaughter #Motivation https://t.co/VKay862qJK","created_at":"2021-09-19T18:52:04.000Z","author_id":"457815104","possibly_sensitive":false},{"id":"1439657323220320259","lang":"en","source":"Twitter for iPhone","text":"RT @SDCweb: #SDCMember @LavinaJadhwani is a director-playwright and speaks here to her current piece in production with @EWPlayers #BackToW…","created_at":"2021-09-19T18:27:08.000Z","referenced_tweets":[{"type":"retweeted","id":"1438981627330301957"}],"author_id":"18472122","possibly_sensitive":false},{"id":"1439654644167360520","lang":"en","in_reply_to_user_id":"464067709","source":"Twitter Web App","text":"@aletweetsnews Anyway, #backtowork, #backtoschool. I'm sure it won't get any worse as #DNC + #capitalism force #backtonormal on us (the 50 million unvaccinated children #backtoschool is especially inhuman).\n\nThe artist has ordered 20k more flags, #BidensAmerica/#DNC ordered 20k more deaths.","created_at":"2021-09-19T18:16:29.000Z","referenced_tweets":[{"type":"replied_to","id":"1439359038073020418"}],"author_id":"39130254","possibly_sensitive":false},{"id":"1439654188733116420","lang":"en","in_reply_to_user_id":"22151476","source":"Twitter Web App","text":"@abmakulec @inamericaflags Turns out gutting #remotelearning and #UBI/#stimulus while forcing 50 million un-#vaccinated children #backtoschool + parents #backtowork, for an illusory #backtonormal, is actually anti-#science.\n\nThe artist has already ordered 20k more flags, #JoeBiden ordered 20k more deaths. https://t.co/buI6BQkEk7","created_at":"2021-09-19T18:14:40.000Z","referenced_tweets":[{"type":"replied_to","id":"1439377303340036098"}],"author_id":"39130254","possibly_sensitive":false},{"id":"1439651805231714312","lang":"en","source":"Sendible","text":"Getting ignored when applying for jobs is the worst! Here are a few tips to make your resume stand out so you don't get ghosted \uD83D\uDC7B\n\n#ExpressPros #JobApplication #ResumeTips #BackToWork #Ghosted https://t.co/6OFQjMhYdk","created_at":"2021-09-19T18:05:12.000Z","author_id":"1128068466257334274","possibly_sensitive":false},{"id":"1439651044594798592","lang":"en","source":"Twitter for iPhone","text":"RT @CoachReisert: Great TEAM win for @TUDragonFB — top 10 opponent on the road… our guys battled for 60 minutes. So proud of their EFFORT a…","created_at":"2021-09-19T18:02:11.000Z","referenced_tweets":[{"type":"retweeted","id":"1439416815814209543"}],"author_id":"1746882624","possibly_sensitive":false},{"id":"1439641072557252618","lang":"en","source":"Twitter for iPhone","text":"RT @CoachReisert: Great TEAM win for @TUDragonFB — top 10 opponent on the road… our guys battled for 60 minutes. So proud of their EFFORT a…","created_at":"2021-09-19T17:22:33.000Z","referenced_tweets":[{"type":"retweeted","id":"1439416815814209543"}],"author_id":"1199163945602494466","possibly_sensitive":false},{"id":"1439639926002364416","lang":"en","source":"Twitter Web App","text":"Apply with Acro Blue today! We have 50+ Production positions available. $14hr with long-term employment potential. #acroblue #backtowork #Back #applynow #Apply #weekendfun #weekendvibes #NOW #jobsearch #weekend #Illinois #mountvernonil #jobhunting #busyday #busylife #tired https://t.co/XCr1GWUNZa","created_at":"2021-09-19T17:18:00.000Z","author_id":"1401955526401998848","possibly_sensitive":false},{"id":"1439638244388376578","lang":"und","source":"Twitter for iPhone","text":"#backtowork #musicstudio https://t.co/ecZyaCfTQv","created_at":"2021-09-19T17:11:19.000Z","author_id":"1048249057238548480","possibly_sensitive":false},{"id":"1439635602366926850","lang":"en","source":"Planable","text":"Are you eyes tired from long days spent in front of a screen? \n\nCheck out our Hyaluronic Eye Serum https://t.co/phNWyq2bwT\n\n#BackToWork #EyeSerum #NaturalEyeSerum #DigitalDetox https://t.co/PvVMssSQG0","created_at":"2021-09-19T17:00:49.000Z","author_id":"918132618138398720","possibly_sensitive":false},{"id":"1439629411146473473","lang":"en","in_reply_to_user_id":"1297309561834082304","source":"Twitter Web App","text":"@elonmusk @jack @MikeJudge @daxshepard @hbomax @SiliconHBO @alwayssunny @TeslaAIBot @lorde #BackToWork #Singing \n\n#Bonjour  \n#Monsour @MarsWrigleyFr \n\n#BuenosDias \n#Muchas @OfficialFritos \n\n#Bongiorno @SnoopDogg \n#Montichorno\n\n#Gutten #Morgen @RSprachrohr \n\n#Blakfish @CaptainMorganUS \n@KrakenRum #Better\n#AcceptDOGE @babbel  \n\n#GoodMorning to you\nhttps://t.co/78XRvrPYpq","created_at":"2021-09-19T16:36:13.000Z","referenced_tweets":[{"type":"quoted","id":"1434110586443472896"},{"type":"replied_to","id":"1438614005829017603"}],"author_id":"1297309561834082304","possibly_sensitive":false},{"id":"1439620448707358722","lang":"fr","source":"Twitter Web App","text":"Faudra penser à mettre cette jeune biographie à jour...\n\n... et revenir physiquement à #Grenoble !\nFini le tour de France, les vacances, la blague, retour au taf!!\n#BackToWork\n#JeVotePiolle https://t.co/iJW3gqpgUj","created_at":"2021-09-19T16:00:36.000Z","author_id":"77283294","possibly_sensitive":false},{"id":"1439615748318564357","lang":"en","source":"Instagram","text":"Happy Sunday \uD83D\uDD76\n\nStep out and make unforgettable impressions. ☀️\n\n#VelvetandWhite #BackToWork #LuxurySocks #MensFashion #OOTD #MensSocks #Socks⁠\n⁠ @ Humber Bay Arch Bridge https://t.co/O8kIuNaPPz","created_at":"2021-09-19T15:41:55.000Z","author_id":"1354796964454555648","possibly_sensitive":false},{"id":"1439608119164866565","lang":"en","source":"Twitter for iPhone","text":"Action precedes motivation. Set yourself up for success. #backtowork #mentalstrength https://t.co/tNPIPUG7sN","geo":{"place_id":"3cdad59a91d99400"},"created_at":"2021-09-19T15:11:36.000Z","author_id":"1216693417796874246","possibly_sensitive":false},{"id":"1439606441782960136","lang":"en","source":"Twitter Web App","text":"Perfect for personal or professional use.\nMore designs at https://t.co/z3ORoFcdxF\n\nhttps://t.co/tG28jvTCgK #notebook #business #freelancers #writing #journalling #workfromhome #backtoschool #backtowork #bloggers #businesswoman #gifts #giftidea #christmasgifts #birthdaygifts","created_at":"2021-09-19T15:04:56.000Z","author_id":"32541867","possibly_sensitive":false},{"id":"1439591573814226945","lang":"en","source":"Twitter for iPhone","text":"I’ve had such a lovely week off…….I reckon I could do my job from home, with a trip in now and then…….no, I couldn’t - wishful thinking \uD83D\uDE02\uD83D\uDE02 Eeeeh I actually love my job and never get tired of saying it ❤️ #backtowork https://t.co/rA7sXcQXRR","created_at":"2021-09-19T14:05:52.000Z","author_id":"2519665894","possibly_sensitive":false},{"id":"1439587560800595969","lang":"en","source":"Twitter for Android","text":"RT @CoachReisert: Great TEAM win for @TUDragonFB — top 10 opponent on the road… our guys battled for 60 minutes. So proud of their EFFORT a…","created_at":"2021-09-19T13:49:55.000Z","referenced_tweets":[{"type":"retweeted","id":"1439416815814209543"}],"author_id":"715667488332234752","possibly_sensitive":false},{"id":"1439585531357241352","lang":"und","source":"code thug","text":"RT @lovemydresses: https://t.co/eLp1GXKiau #bodycare #100DaysOfCode #AffiliateMarketing #backtowork #BacktoSchool2021","created_at":"2021-09-19T13:41:51.000Z","referenced_tweets":[{"type":"retweeted","id":"1439585147146358784"}],"author_id":"1139186989733990401","possibly_sensitive":false},{"id":"1439585168877096966","lang":"und","source":"TheDeveloperBot","text":"RT @lovemydresses: https://t.co/eLp1GXKiau #bodycare #100DaysOfCode #AffiliateMarketing #backtowork #BacktoSchool2021","created_at":"2021-09-19T13:40:25.000Z","referenced_tweets":[{"type":"retweeted","id":"1439585147146358784"}],"author_id":"1250164632968298497","possibly_sensitive":false},{"id":"1439585147146358784","lang":"und","source":"Twitter for iPhone","text":"https://t.co/eLp1GXKiau #bodycare #100DaysOfCode #AffiliateMarketing #backtowork #BacktoSchool2021","created_at":"2021-09-19T13:40:19.000Z","author_id":"1329449437698158595","possibly_sensitive":false},{"id":"1439566707497046016","lang":"es","source":"Twitter Web App","text":"RT @LauraPausini: Non facciamoci perdere d’animo, mani in tasca, sguardo sicuro, cuore che scoppia. \nVoi siete pronti a rientrare al lavoro…","created_at":"2021-09-19T12:27:03.000Z","referenced_tweets":[{"type":"retweeted","id":"1433049440756150280"}],"author_id":"218082921","possibly_sensitive":false},{"id":"1439561674596487175","lang":"en","source":"Twitter for iPhone","text":"RT @CoachReisert: Great TEAM win for @TUDragonFB — top 10 opponent on the road… our guys battled for 60 minutes. So proud of their EFFORT a…","created_at":"2021-09-19T12:07:03.000Z","referenced_tweets":[{"type":"retweeted","id":"1439416815814209543"}],"author_id":"1971533678","possibly_sensitive":false},{"id":"1439561168000098316","lang":"en","source":"Buffer","text":"#Fall Facemask Floral Maroon Cranberry Face Mask - Flowers Beige #Autumn Earth Tones Cotton Adjustable Fitted #Facemask Handmade USA https://t.co/Dgfr69By5c #etsyshop #etsyhandmade #facemasks #Fallfashion #giftideas #backtowork #commuters #Thanksgiving #maskup #gifts https://t.co/vtcqIBhCiG","created_at":"2021-09-19T12:05:02.000Z","author_id":"2312319206","possibly_sensitive":false},{"id":"1439560765757853697","lang":"en","source":"Twitter Web App","text":"RT @sexymilfje: Finally we can go back to work !! \uD83C\uDF7E\uD83E\uDD42\uD83C\uDF89\uD83D\uDC99\uD83D\uDC9A\uD83D\uDC9B\uD83E\uDDE1\uD83D\uDC9C   \n#hoer #hooker #whore #spermwhore #slut #cumslut #teasy #backtowork #milf #fuc…","created_at":"2021-09-19T12:03:26.000Z","referenced_tweets":[{"type":"retweeted","id":"1395351533424885765"}],"author_id":"1373948465034760193","possibly_sensitive":false},{"id":"1439560429605474306","lang":"en","source":"Twitter Web App","text":"RT @sexymilfje: Finally we can go back to work !! \uD83C\uDF7E\uD83E\uDD42\uD83C\uDF89\uD83D\uDC99\uD83D\uDC9A\uD83D\uDC9B\uD83E\uDDE1\uD83D\uDC9C   \n#hoer #hooker #whore #spermwhore #slut #cumslut #teasy #backtowork #milf #fuc…","created_at":"2021-09-19T12:02:06.000Z","referenced_tweets":[{"type":"retweeted","id":"1395351533424885765"}],"author_id":"1193259459688226822","possibly_sensitive":false},{"id":"1439560317596540930","lang":"en","source":"LaterMedia","text":"Ngl, feel like Koppie right now \uD83D\uDE2D\n-\n\nLike, follow, share and comment @howtoeatsnakecomics if you like our content or follow me on TikTok! Would really appreciate it! \uD83D\uDE18\n#memes#backtowork #instacomics #cartoon #worklife #relatable #relatablememes #officehumor #businesshumor https://t.co/kZyOUZtqQ0","created_at":"2021-09-19T12:01:40.000Z","author_id":"1298486955525562372","possibly_sensitive":false},{"id":"1439558415056056320","lang":"en","source":"Instagram","text":"FACE MASKS saves lives and is fun....#facemask #blue #pink #black #game #enjoy #happiness #actitud #attitude #empath #covid_19 #besilly #enjoylife #enjoythemoment #perpective #newreality #work #backtowork https://t.co/3poQpoi9Oz","created_at":"2021-09-19T11:54:06.000Z","author_id":"741841622002982912","possibly_sensitive":false}],"meta":{"newest_id":"1439830515436064772","oldest_id":"1439558415056056320","result_count":100,"next_token":"b26v89c19zqg8o3fpdpa170ksas4udn2ncczzbcr87j3x"}}