{"data":[{"text":"Insider's Guide To College Success: The Underground Playbook For Making Great... https://t.co/EZbsLYdp28 via @amazon #success  #motivation #networking #lifestyle #residualincome #forex #bisnisonline  #business #entrepreneur #money #mlmsuccess #workfromhome #marketing #bitcoin","created_at":"2021-09-20T12:46:16.000Z","author_id":"219401992","lang":"en","possibly_sensitive":false,"source":"IFTTT","id":"1439933931684573186"},{"text":"RT @healthy_forces: Keto Granola Cereal\n\n#reelitfeelit #reelkarofeelkaro #bts #workfromhome #food #ketocommunity #ketosis #ketomeals #ketor…","created_at":"2021-09-20T12:45:35.000Z","author_id":"1419165551679754241","lang":"es","referenced_tweets":[{"type":"retweeted","id":"1438154146675314695"}],"possibly_sensitive":false,"source":"Twitter Web App","id":"1439933757130170372"},{"text":"RT @healthy_forces: Pimento Cheese Dip\n\n#reelitfeelit #reelkarofeelkaro #bts #workfromhome #food #ketocommunity #ketosis #ketomeals #ketore…","created_at":"2021-09-20T12:45:31.000Z","author_id":"1419165551679754241","lang":"en","referenced_tweets":[{"type":"retweeted","id":"1438207752803954695"}],"possibly_sensitive":false,"source":"Twitter Web App","id":"1439933743284752394"},{"text":"RT @healthy_forces: Cold Zucchini Salad\n\n#reelitfeelit #reelkarofeelkaro #bts #workfromhome #food #ketocommunity #ketosis #ketomeals #ketor…","created_at":"2021-09-20T12:45:28.000Z","author_id":"1419165551679754241","lang":"it","referenced_tweets":[{"type":"retweeted","id":"1438288023280566273"}],"possibly_sensitive":false,"source":"Twitter Web App","id":"1439933731347832841"},{"text":"RT @healthy_forces: Keto Spinach Artichoke Stuffed Chicken Breast\n\n#reelitfeelit #reelkarofeelkaro #bts #workfromhome #food #ketocommunity…","created_at":"2021-09-20T12:45:25.000Z","author_id":"1419165551679754241","lang":"en","referenced_tweets":[{"type":"retweeted","id":"1438334074947608579"}],"possibly_sensitive":false,"source":"Twitter Web App","id":"1439933716697079813"},{"text":"RT @healthy_forces: Keto Meal Replacement Shake\n#reelitfeelit #reelkarofeelkaro #bts #workfromhome #food #ketocommunity #ketosis #ketomeals…","created_at":"2021-09-20T12:45:22.000Z","author_id":"1419165551679754241","lang":"en","referenced_tweets":[{"type":"retweeted","id":"1438514775986556930"}],"possibly_sensitive":false,"source":"Twitter Web App","id":"1439933704210681860"},{"text":"RT @healthy_forces: Keto Asparagus, Egg, and Bacon Salad\n\n#reelitfeelit #reelkarofeelkaro #bts #workfromhome #food #ketocommunity #ketosis…","created_at":"2021-09-20T12:45:19.000Z","author_id":"1419165551679754241","lang":"en","referenced_tweets":[{"type":"retweeted","id":"1438657712582180866"}],"possibly_sensitive":false,"source":"Twitter Web App","id":"1439933691757842438"},{"text":"RT @healthy_forces: Keto Grilled Pork Skewers with Zoodle Salad\n\n#reelitfeelit #reelkarofeelkaro #bts #workfromhome #food #ketocommunity #k…","created_at":"2021-09-20T12:45:16.000Z","author_id":"1419165551679754241","lang":"en","referenced_tweets":[{"type":"retweeted","id":"1438697219474006018"}],"possibly_sensitive":false,"source":"Twitter Web App","id":"1439933678759645184"},{"text":"Join the CCS Medical team! We are #hiring for a #WorkFromHome New Customer Enrollment #Specialist. Apply today or share this post. #intake #healthcare https://t.co/4NfzYvp34i https://t.co/5sUcinUJTi","created_at":"2021-09-20T12:45:06.000Z","author_id":"58493082","lang":"en","possibly_sensitive":false,"source":"Hootsuite Inc.","id":"1439933636317532165"},{"text":"RT @healthy_forces: Bacon &amp; Cheese Cauliflower Muffins\n\n#reelitfeelit #reelkarofeelkaro #bts #workfromhome #food #ketocommunity #ketosis #k…","created_at":"2021-09-20T12:45:05.000Z","author_id":"1419165551679754241","lang":"en","referenced_tweets":[{"type":"retweeted","id":"1439304721441906688"}],"possibly_sensitive":false,"source":"Twitter Web App","id":"1439933632202805248"},{"text":"New #remote #job Director, HRBP at @twilio\nhttps://t.co/H6SfgHd6QA\n#remotework #vacancy #remotejob #hiring #workfromhome","created_at":"2021-09-20T12:45:04.000Z","author_id":"890543333386354688","lang":"en","possibly_sensitive":false,"source":"WantRemote","id":"1439933627928915974"},{"text":"RT @healthy_forces: Keto Bacon Wrapped Chicken with Cauliflower Puree\n\n#reelitfeelit #reelkarofeelkaro #bts #workfromhome #food #ketocommun…","created_at":"2021-09-20T12:44:56.000Z","author_id":"1419165551679754241","lang":"en","referenced_tweets":[{"type":"retweeted","id":"1439789917580693509"}],"possibly_sensitive":false,"source":"Twitter Web App","id":"1439933596542898179"},{"text":"RT @ashraf890251: https://t.co/UpJemjCbkG\n#Fiverr #fiverrgigs #Australia #USA #Europe #Japan #DigitalMarketing #DigitalTransformation #Mark…","created_at":"2021-09-20T12:44:33.000Z","author_id":"2320986949","lang":"und","referenced_tweets":[{"type":"retweeted","id":"1439757252047609863"}],"possibly_sensitive":false,"source":"Twitter for Android","id":"1439933499641929728"},{"text":"Whon wants to be a part of Belike Infosys Community?\n\n#JobSearch #WorkFromHome #smallbusinessowner #Entrepreneurs #BusinessOwner","created_at":"2021-09-20T12:44:10.000Z","author_id":"1244836789807747073","lang":"en","possibly_sensitive":false,"source":"Twitter Web App","id":"1439933401788604416"},{"text":"RT @ashraf890251: https://t.co/UpJemjCbkG\n#Fiverr #fiverrgigs #Australia #USA #Europe #Japan #DigitalMarketing #DigitalTransformation #mark…","created_at":"2021-09-20T12:44:07.000Z","author_id":"2320986949","lang":"und","referenced_tweets":[{"type":"retweeted","id":"1439933222616543232"}],"possibly_sensitive":false,"source":"Twitter for Android","id":"1439933391378558977"},{"text":"https://t.co/UpJemjCbkG\n#Fiverr #fiverrgigs #Australia #USA #Europe #Japan #DigitalMarketing #DigitalTransformation #market #Marketing #socialmedia #SriLanka #LinkedIn #Facebook #Twitter #Pinterest #Trending #network #jobsearch #Job #Indeed #freelancers #WorkFromHome #instagram","created_at":"2021-09-20T12:43:27.000Z","author_id":"2320986949","lang":"und","possibly_sensitive":false,"source":"Twitter for Android","id":"1439933222616543232"},{"text":"Comissions open, arte feita em live na twitch https://t.co/U6RmllC2bn\n.\n.\n.\n.\nCola com nois la pra bater um papo e rabiscar \n\n#commissionsopen #Commission #fanart #design \n#freelance #freelacer #work #WorkFromHome https://t.co/5qS8XUgJMH","created_at":"2021-09-20T12:43:06.000Z","author_id":"3228781528","lang":"pt","possibly_sensitive":false,"source":"Twitter Web App","id":"1439933133500129288"},{"text":"ടെക്‌നോപാർക്കിൽ കൂടുതൽ ജീവനക്കാർ മടങ്ങിയെത്താൻ വഴിയൊരുങ്ങുന്നു #covid19 #covid19vaccine #Technopark #workfromhome https://t.co/Wy6IpklNSJ","created_at":"2021-09-20T12:42:42.000Z","author_id":"397077052","lang":"ml","possibly_sensitive":false,"source":"Hocalwire Social Share","id":"1439933031934955527"},{"text":"RT @ashraf890251: https://t.co/tOKkgGeZy6\n#Fiverr #fiverrgigs #Australia #USA #Europe #Japan #DigitalMarketing #DigitalTransformation #mark…","created_at":"2021-09-20T12:42:22.000Z","author_id":"2320986949","lang":"und","referenced_tweets":[{"type":"retweeted","id":"1439756297189175300"}],"possibly_sensitive":false,"source":"Twitter for Android","id":"1439932948757811202"},{"text":"Senior React Developer at Supermetrics Oy () (allows remote) https://t.co/jDkKzW2EEn #remotejobs #jobs #nomad #workfromhome #digitalnomad #newjobs","created_at":"2021-09-20T12:41:29.000Z","author_id":"1195081084230414339","lang":"en","possibly_sensitive":false,"source":"Hootsuite Inc.","id":"1439932727592095745"},{"text":"Instant Remote IT Support For All Businesses\nhttps://t.co/xTA7Nviaj0\n#virtual #support #technology #Microsoft #Apple #virtualsupport #remotework #WorkFromHome #money #BusinessNews #mondaythoughts #CyberSecurity #Cloud #computing #consumer #strategy #reponse #speed #CEO #leaders https://t.co/BkBwXkUKyJ","created_at":"2021-09-20T12:40:51.000Z","author_id":"4873277679","lang":"en","possibly_sensitive":false,"source":"Twitter Web App","id":"1439932569202667529"},{"text":"#TemosVagas na NTT DATA Business Solutions!\n\nVagas WORKFROMHOME, Curitiba, São Paulo e Porto Alegre\nPara mais informações sobre essas e outras oportunidades abertas, acesse e cadastre seu currículo no nosso portal de vagas! https://t.co/25hP2gvnDz\n\n#VagasNTTDATA #VagasSAP #Vagas https://t.co/sJdIw51mhJ","created_at":"2021-09-20T12:40:31.000Z","author_id":"319216768","lang":"pt","possibly_sensitive":false,"source":"HubSpot","id":"1439932484318281733"},{"text":"The one where I commission our kitchen island as my new mega desk #workfromhome kickass work center extraordinaire.\n\nhttps://t.co/GbtPAikqda\n\n#disabledentrepreneur #thedisabledentrepreneur #disabledlife #SSDI #disability #workfromanywhere #makemoneyfromhome #sidehustle","created_at":"2021-09-20T12:40:28.000Z","author_id":"979083720","lang":"en","possibly_sensitive":false,"source":"Twitter Web App","id":"1439932471051702274"},{"text":"RT @BlockditApp: ทำงานอยู่บ้านเพลินๆ กินวันละ 3 แก้วแบบลืมตัว มาเช็กกันหน่อย ในหนึ่งวันโดนกันไปคนละกี่แคลฯ\n\n[อยู่เย็นเป็นสุข]\n\nhttps://t.co…","created_at":"2021-09-20T12:40:16.000Z","author_id":"924847508","lang":"th","referenced_tweets":[{"type":"retweeted","id":"1439880325144793090"}],"possibly_sensitive":false,"source":"Twitter for iPhone","id":"1439932419923013638"},{"text":"Best Monitor Stands for PC and Mac 2021\n.\nFor more: \n.\n#stand #desk #adjustable #mac #pc #adjustablestand #deskstand #high #standing #height #monitorstand #laptopstand #riser #monitorriser #laptopriser #laptop #bestlaptop #work #workfromhome  #pcstand https://t.co/81FxMTKXXO","created_at":"2021-09-20T12:40:05.000Z","author_id":"1343458986100576260","lang":"en","possibly_sensitive":false,"source":"Agorapulse app","id":"1439932374456938501"},{"text":"RT @ukheatingoils: Today's average UK #heatingoil price is 46.80ppl \n\nCheck your #heatingoil tank levels\n\nLess than 25% oil in your tank? L…","created_at":"2021-09-20T12:39:52.000Z","author_id":"709652491","lang":"en","referenced_tweets":[{"type":"retweeted","id":"1439899094009458688"}],"possibly_sensitive":false,"source":"Twitter Web App","id":"1439932321763938307"},{"text":"✅We’re Hiring!\n\uD83D\uDC49Well experienced Math and Science Teachers are required\n\uD83D\uDCB0Earn upto...... 20,000/- to 40,000/-\nApply now - https://t.co/ppHYC7AtHt\n#online #teacher #jobs #application #interview #jobors #WFH #workfromhome #teacherjobs #teaching_vacancy #Registration https://t.co/BGDM36lNSr","created_at":"2021-09-20T12:39:29.000Z","author_id":"880287046287237120","lang":"en","possibly_sensitive":false,"source":"Twitter Web App","id":"1439932222635655177"},{"text":"Chair ELLY - aesthetic and healthy choice\n \n#moderndesign #OfficeSpace #workspace #furnituredesign #officefurniture #manufacturers #chair #officechairs #interiordesign #WorkFromHome #homeoffice #homefurniture #officedesign #Ergonomics https://t.co/IyCiS0yLc6","created_at":"2021-09-20T12:39:22.000Z","author_id":"1321750627441991680","lang":"en","possibly_sensitive":false,"source":"Twitter Web App","id":"1439932193330053124"},{"text":"RT @directnews99: How to find a work without any Experience\nhttps://t.co/blYlYMKqvk\n#job #JobVacancy #JobOpportunity #jobsfortheweekend #Jo…","created_at":"2021-09-20T12:38:59.000Z","author_id":"1407376209097289732","lang":"en","referenced_tweets":[{"type":"retweeted","id":"1439223014915141634"}],"possibly_sensitive":false,"source":"Twitter for Android","id":"1439932096466722817"},{"text":"RT @ukheatingoils: Whilst this is only a prediction of what #heatingoil prices may do in the next 7 days. It bears a strong resemblance to…","created_at":"2021-09-20T12:38:52.000Z","author_id":"709652491","lang":"en","referenced_tweets":[{"type":"retweeted","id":"1439894454442332163"}],"possibly_sensitive":false,"source":"Twitter Web App","id":"1439932070176993281"},{"text":"RT @ukheatingoils: Have you checked your #heatingoil tank level as it could be lower than you think\n\nToday's average UK Distributor price i…","created_at":"2021-09-20T12:38:48.000Z","author_id":"709652491","lang":"en","referenced_tweets":[{"type":"retweeted","id":"1439893309942603789"}],"possibly_sensitive":false,"source":"Twitter Web App","id":"1439932051386519553"},{"text":"RT @directnews99: High-paying employment in India after completing MBA\nhttps://t.co/E2RSpXFMVR\n#MBA #Jobs #JobSearch #JobOpportunity #JobKe…","created_at":"2021-09-20T12:37:47.000Z","author_id":"1407376209097289732","lang":"en","referenced_tweets":[{"type":"retweeted","id":"1438348303914057730"}],"possibly_sensitive":false,"source":"Twitter for Android","id":"1439931795840012294"},{"text":"My Daily Choice Review - My Thoughts After 5 Years as an Affiliate https://t.co/hbiIIR9TmX via @YouTube \n\n#cbd #cbdmlm #cbdoil #mlm #newMLM #MLM2022 #networkmarketing #onlineopportunity #homebusiness #workfromhome #internetmarketing #onlinebusiness","created_at":"2021-09-20T12:37:32.000Z","author_id":"2315770448","lang":"en","possibly_sensitive":false,"source":"Twitter Web App","id":"1439931733047070723"},{"text":"The following is a list of 60 companies that hire work at home general transcriptionists. #workathome #workfromhome #jobs #moms #momlife #workathomejobs #jobsearch #hiring #hiringnow https://t.co/25FNw6aZWV via @WAHMRevolution","created_at":"2021-09-20T12:36:16.000Z","author_id":"23797396","lang":"en","possibly_sensitive":false,"source":"Twitter Web App","id":"1439931416146481155"},{"text":"RT @RealWaystoEarn: The following is a list of 60 companies that hire work at home general transcriptionists. #workathome #workfromhome #jo…","created_at":"2021-09-20T12:36:11.000Z","author_id":"40591485","lang":"en","referenced_tweets":[{"type":"retweeted","id":"1439931372521594886"}],"possibly_sensitive":false,"source":"Twitter","id":"1439931394348785670"},{"text":"The following is a list of 60 companies that hire work at home general transcriptionists. #workathome #workfromhome #jobs #moms #momlife #workathomejobs #jobsearch #hiring #hiringnow https://t.co/SYQ9RVMngr via @WAHMRevolution","created_at":"2021-09-20T12:36:06.000Z","author_id":"34521613","lang":"en","possibly_sensitive":false,"source":"Twitter Web App","id":"1439931372521594886"},{"text":"Real Ways To Make Money Online:\nAffiliate Marketing\nPrint on Demand\nStart YouTube Channel\nStart a Blog\nBecome a Writer\nFreelancing (Recommended to Start)\nBecome a Virtual Assistant (Recommended to Start) Learn Here https://t.co/9KS8Cry0x7\n#WorkFromHome #makemoneyonline","created_at":"2021-09-20T12:36:04.000Z","author_id":"1438254318788939776","lang":"en","possibly_sensitive":false,"source":"Twitter Web App","id":"1439931362375569408"},{"text":"RT @DanielSTigerFip: Starting my work day but not before I get some lovies. Hope you all have a pawtastic day! \uD83E\uDDE1\uD83D\uDC3E #cats #CatsofTwittter #go…","created_at":"2021-09-20T12:35:36.000Z","author_id":"123652647","lang":"en","referenced_tweets":[{"type":"retweeted","id":"1439931174042980358"}],"possibly_sensitive":false,"source":"Twitter Web App","id":"1439931244826009602"},{"text":"Starting my work day but not before I get some lovies. Hope you all have a pawtastic day! \uD83E\uDDE1\uD83D\uDC3E #cats #CatsofTwittter #goodmorning #WorkFromHome #BeKind21 #coffee #work #love #KindnessMatters https://t.co/ZrlixdZwpT","created_at":"2021-09-20T12:35:19.000Z","author_id":"1435771222814609408","lang":"en","possibly_sensitive":false,"source":"Twitter for iPhone","id":"1439931174042980358"},{"text":"$13-$18/hr Administrative Assistant (work from home) https://t.co/xWEAcfRoLJ \nThis position will be responsible for daily administrative tasks, as well as special projects and\n#workfromhome #remotejobs https://t.co/DynktmmjXs","created_at":"2021-09-20T12:35:03.000Z","author_id":"15625178","lang":"en","possibly_sensitive":false,"source":"Buffer","id":"1439931107676463109"},{"text":"One of Ireland's largest law firms will adopt a hybrid working model (up to 50% time in office vs. home) @ArthurCoxLaw #futureofwork #workfromhome  https://t.co/0nVUEe8DBv","created_at":"2021-09-20T12:33:50.000Z","author_id":"806107705991725056","lang":"en","possibly_sensitive":false,"source":"Twitter Web App","id":"1439930801509085190"},{"text":"RT @OnlineLearn_: How are you managing your staff working from home?\n\nRemote People Management eLearning Bundle \nhttps://t.co/tsDuFkvWcP…","created_at":"2021-09-20T12:33:34.000Z","author_id":"1469176626","lang":"en","referenced_tweets":[{"type":"retweeted","id":"1439930567978590210"}],"possibly_sensitive":false,"source":"Twitter Web App","id":"1439930734471417864"},{"text":"RT @OnlineLearn_: How are you managing your staff working from home?\n\nRemote People Management eLearning Bundle \nhttps://t.co/tsDuFkvWcP…","created_at":"2021-09-20T12:33:16.000Z","author_id":"356755652","lang":"en","referenced_tweets":[{"type":"retweeted","id":"1439930567978590210"}],"possibly_sensitive":false,"source":"Twitter Web App","id":"1439930661247279104"},{"text":"How are you managing your staff working from home?\n\nRemote People Management eLearning Bundle \nhttps://t.co/tsDuFkvWcP \n\ninfo@fostermelliar.co.za011 807 9525\n\n#peoplemanagement\n#managingemployees\n#workfromhome\n#remote\n#virtual\n#consulting\n#training\n#skills","created_at":"2021-09-20T12:32:54.000Z","author_id":"1004958031329755136","lang":"en","possibly_sensitive":false,"source":"Twitter Web App","id":"1439930567978590210"},{"text":"Here’s your weekly checklist.\n\nCheck the website:\nhttps://t.co/ymGAlCFqjR\n\nJoin our Facebook community:\nhttps://t.co/jFPiRBPelW\n\nLet's get fit together!\n\n#weeklychecklist #healthylifestyle #fithabits #workfromhome #stayhome #healthyeating #onlinefitness #healthydiet https://t.co/N44SyPkeoi","created_at":"2021-09-20T12:32:04.000Z","author_id":"1001363165312008192","lang":"en","possibly_sensitive":false,"source":"Twitter Web App","id":"1439930358875791364"},{"text":"RT @WantRemoteJob: New #remote #job Software Engineering Manager - Segment - Enterprise CX (M3) at @twilio\nhttps://t.co/YU9MTBOVO2\n#remotew…","created_at":"2021-09-20T12:31:50.000Z","author_id":"1339577052433944577","lang":"en","referenced_tweets":[{"type":"retweeted","id":"1439926074377441281"}],"possibly_sensitive":false,"source":"Twitter","id":"1439930297408176132"},{"text":"The COVID-19 pandemic has shown that a lot of jobs can be done from home. Will returning to the office make you want to retire early? https://t.co/Mq8wcoxj4j #earlyretirement #money #covid #workfromhome #homeworking #retirement","created_at":"2021-09-20T12:31:00.000Z","author_id":"1409948898593021954","lang":"en","possibly_sensitive":false,"source":"Twitter","id":"1439930089450377221"},{"text":"RT @a1truejobs: Post a JOB - Employer Zone\nhttps://t.co/869jM1I7oT\n\n#a1truejobs #job #project #profile #employer #freelancer #jobseeker #bl…","created_at":"2021-09-20T12:30:46.000Z","author_id":"849531190654709761","lang":"en","referenced_tweets":[{"type":"retweeted","id":"1439929963239538700"}],"possibly_sensitive":false,"source":"RockinFreelance","id":"1439930028867915785"},{"text":"Post a JOB - Employer Zone\nhttps://t.co/869jM1I7oT\n\n#a1truejobs #job #project #profile #employer #freelancer #jobseeker #blog #career #opportunity #fulltime #parttime #workfromhome #employment","created_at":"2021-09-20T12:30:30.000Z","author_id":"710857852026400769","lang":"en","possibly_sensitive":false,"source":"Twitter Web App","id":"1439929963239538700"},{"text":"New Decade a New Start - Affiliate Working Online - https://t.co/yR6UJbnIaf Create an exciting future by starting an online business. Work from home, stay safe and enjoy time with your family #StartABusiness #WorkFromHome https://t.co/0RLD3TAalq","created_at":"2021-09-20T12:30:25.000Z","author_id":"1111889691052249088","lang":"en","possibly_sensitive":false,"source":"The Social Jukebox","id":"1439929942922469385"},{"text":"\uD83C\uDFC3ถ้า #ฟิตเนส เปิดแล้วจะมีคนอยากไปอยู่ไหมเพราะเทรนด์การ #ออกกำลัง อยู่บ้านกำลังมาแรงในยุคนี้\n\uD83D\uDCCChttps://t.co/UmiqmP1kZ0\n\n#ลดความอ้วน #สุขภาพกาย #สุขภาพดี  #ลดน้ำหนักด้วยตัวเอง #ลดความอ้วน  #workfromhome #wfh #ฉันจะผอม #กระทู้ #pantip #beautypantip #โต๊ะเครื่องแป้ง https://t.co/FeTZJ6VFM2","created_at":"2021-09-20T12:30:00.000Z","author_id":"1265544391470579713","lang":"th","possibly_sensitive":false,"source":"Twitter Web App","id":"1439929836789583874"},{"text":"RT @eroticgirly: Chaturbate › accounts\nbroadcaster registration - @Chaturbate\nSignup is easy and free, so you can start earning real money.…","created_at":"2021-09-20T12:27:48.000Z","author_id":"1414215499207086095","lang":"en","referenced_tweets":[{"type":"retweeted","id":"1439682159086800900"}],"possibly_sensitive":false,"source":"Twitter for Android","id":"1439929283015856132"},{"text":"Take this info instantly prior to it all goes away because of the fact that it most certainly change the way you construct your online business https://t.co/ROp56kQQK9 #Motivation #WorkFromHome #VideoMarketing https://t.co/s5NqIJVj0M","created_at":"2021-09-20T12:25:55.000Z","author_id":"975613713158983681","lang":"en","possibly_sensitive":false,"source":"GetandStayLean App","id":"1439928811261513730"},{"text":"Need of E-Learning Developer *Just Work From Home AND Earn Money. Earn More Than 60k OR 350$ MONTHLY. Inbox for details or Contact us on whatsapp \n+923231577542\n#workfromhome #onlineearning #money #learning #freelance #joinourteam #limited time https://t.co/S1EjHWUc6G","created_at":"2021-09-20T12:25:12.000Z","author_id":"1243918961395318784","lang":"en","possibly_sensitive":false,"source":"Twitter for Android","id":"1439928629107040263"},{"text":"RT @Ortansx: Become A @Chaturbate Model and Make Money From Live Camming\nSignup is easy and free, so you can start earning real money. Here…","created_at":"2021-09-20T12:24:05.000Z","author_id":"1347675018893910026","lang":"en","referenced_tweets":[{"type":"retweeted","id":"1439680840670367745"}],"possibly_sensitive":false,"source":"Twitter for Android","id":"1439928350122954752"},{"text":"Remote work seems like it's here to stay. A study by @LinkedIn shows that a whopping 30% of job applications are for remote work. @CNBC has the details behind the study and looks at the cities with the most remote workers. #workfromhome https://t.co/48ENeTDJP5 https://t.co/yBTkkeu1kG","created_at":"2021-09-20T12:24:03.000Z","author_id":"321975308","lang":"en","possibly_sensitive":false,"source":"Buffer","id":"1439928340585013249"},{"text":"RT @Ortansx: Register for the @Chaturbate affiliate program and start making money promoting one of the best adult camming sites. https://t…","created_at":"2021-09-20T12:24:01.000Z","author_id":"1347675018893910026","lang":"en","referenced_tweets":[{"type":"retweeted","id":"1439663310421495811"}],"possibly_sensitive":false,"source":"Twitter for Android","id":"1439928332750032897"},{"text":"RT @some1elsescloud: Whether you’re a manager, a PM, an engineer, a business owner, or a marketing specialist, you can apply pieces of DevO…","created_at":"2021-09-20T12:23:15.000Z","author_id":"1428769242673913861","lang":"en","referenced_tweets":[{"type":"retweeted","id":"1439927803533684741"}],"possibly_sensitive":false,"source":"Twitter","id":"1439928136850837511"},{"text":"Whether you’re a manager, a PM, an engineer, a business owner, or a marketing specialist, you can apply pieces of DevOps to improve your workflow.\nhttps://t.co/mfcCZsnthc #devops #WorkFromHome","geo":{"place_id":"01864a8a64df9dc4"},"created_at":"2021-09-20T12:21:55.000Z","author_id":"1386818467655929856","lang":"en","possibly_sensitive":false,"source":"Twitter for Android","id":"1439927803533684741"},{"text":"Read our review of Remeet - a total game changer for remote work. Not just a software application -a new way of addressing meetings. https://t.co/91nEorPt2b @RemeetHQ #remotework #remotejobs #wfh #workfromhome #remoteworking #digitalnomad #homeoffice #meetings #business https://t.co/3LdVwDckTu","created_at":"2021-09-20T12:19:46.000Z","author_id":"2546330804","lang":"en","possibly_sensitive":false,"source":"Publer.io","id":"1439927263370387457"},{"text":"Make #passiveincome from Home (with #Laptop or #smartphone)\n\nhttps://t.co/nv9HFyv0pX\n\n#sidehustle #entrepreneur #workfromhome #hustle #smallbusiness #financialfreedom #money  #debtfreecommunity #entrepreneurlife #motivation #onlinebusiness #beyourownboss #earnpassiveincome #MONEY","created_at":"2021-09-20T12:19:07.000Z","author_id":"4224577880","lang":"en","possibly_sensitive":false,"source":"Twitter for Android","id":"1439927096646660101"},{"text":"Work with our company \nWe are hiring Campus Ambassador intern for 1month \nIt's a work from home internship.\n\nIt's a great opportunity to all.this internship helps you to learn marketing skills and knowledge of various.\n\n#internship #WorkFromHome  #JobSeekers #job #unpaid","created_at":"2021-09-20T12:18:45.000Z","author_id":"1263901209230036993","lang":"en","possibly_sensitive":false,"source":"Twitter for Android","id":"1439927005961617408"},{"text":"RT @remote_workx: Ucon welcomes Ms. Hana Abu Kharmeh as a Speaker for #RemoteWorkx Saudi Arabia.\n\nMs. Hana is the Regional Human Resources…","created_at":"2021-09-20T12:18:18.000Z","author_id":"361188343","lang":"en","referenced_tweets":[{"type":"retweeted","id":"1439924133618278402"}],"possibly_sensitive":false,"source":"Twitter Web App","id":"1439926892530962432"},{"text":"RT @DennisStemmle: Insider's Guide To College Success: The Underground Playbook For Making Great... https://t.co/EZbsLYdp28 via @amazon #bu…","created_at":"2021-09-20T12:17:51.000Z","author_id":"948068359698108416","lang":"en","referenced_tweets":[{"type":"retweeted","id":"1439926133093457926"}],"possibly_sensitive":false,"source":"Kyle2USuccess","id":"1439926778894639104"},{"text":"\uD83D\uDD37 Best Work At Home 2021 \uD83D\uDDA5\n\n✔️ Get Paid \uD83D\uDCB5 Watching Video Ads ❤️ \n\n\uD83D\uDCF8 Watch More Details Here:https://t.co/ROPT69BunR\n\n#workathome #onlinejobs #getpaid #videoads #watchvideoads #makemoney #makemoneyonline #makemoneyonlinefree #workfromhome #workathome2021 #workathome2022 https://t.co/jFdUqahlKC","created_at":"2021-09-20T12:17:44.000Z","author_id":"770466819983413248","lang":"en","possibly_sensitive":false,"source":"Twitter Web App","id":"1439926748699709441"},{"text":"RT @remote_workx: #RemoteWorkX Saudi Arabia is proud to present TECHx as a Media Partner!\n\nTECHx is an exclusive media platform for technol…","created_at":"2021-09-20T12:17:32.000Z","author_id":"361188343","lang":"en","referenced_tweets":[{"type":"retweeted","id":"1439925244202917893"}],"possibly_sensitive":false,"source":"Twitter Web App","id":"1439926700037623809"},{"text":"Insider's Guide To College Success: The Underground Playbook For Making Great... https://t.co/EZbsLYdp28 via @amazon #business #entrepreneur #money #workfromhome #marketing #bitcoin #success  #motivation #networking #lifestyle #residualincome","created_at":"2021-09-20T12:15:17.000Z","author_id":"219401992","lang":"en","possibly_sensitive":false,"source":"IFTTT","id":"1439926133093457926"},{"text":"CCS Medical is #hiring for a #WorkFromHome #CustomerService Rep in the Central or Eastern time zone. Apply today or share this post. https://t.co/hCXstFYAyg https://t.co/oORQ4UkyIT","created_at":"2021-09-20T12:15:06.000Z","author_id":"58493082","lang":"en","possibly_sensitive":false,"source":"Hootsuite Inc.","id":"1439926087933386754"},{"text":"New #remote #job Software Engineering Manager - Segment - Enterprise CX (M3) at @twilio\nhttps://t.co/YU9MTBOVO2\n#remotework #vacancy #remotejob #hiring #workfromhome","created_at":"2021-09-20T12:15:03.000Z","author_id":"890543333386354688","lang":"en","possibly_sensitive":false,"source":"WantRemote","id":"1439926074377441281"},{"text":"#เลย์ #รสฟักทอง 1 กระป๋อง 90 กรัม \n\nกระป๋องละ 120 บาท \nค่าส่ง : 1 - 3 กระป๋อง  = 50 บาท\n\n#ของพร้อมส่ง #กรอบๆ #เคี้ยวเพลิน #wfh #workfromhome #ถูกและดี #ขนม #ขนมดี #อร่อยไปแดก #อร่อยบอกต่อ\n#ถูกและดี #ตลาดของกิน \n\n#สินค้าอาจมีแตกหักได้จากการขนส่ง\nแต่ทางร้านพยายามห่อให้อย่างดีค่ะ https://t.co/uvU5EDeEC9","created_at":"2021-09-20T12:14:06.000Z","author_id":"396605848","lang":"th","possibly_sensitive":false,"source":"Twitter for Android","id":"1439925834073010184"},{"text":"RT @remote_workx: Ucon welcomes Ms. Hana Abu Kharmeh as a Speaker for #RemoteWorkx Saudi Arabia.\n\nMs. Hana is the Regional Human Resources…","created_at":"2021-09-20T12:14:02.000Z","author_id":"1434076029954441217","lang":"en","referenced_tweets":[{"type":"retweeted","id":"1439924133618278402"}],"possibly_sensitive":false,"source":"Twitter Web App","id":"1439925818239688708"},{"text":"@xijingping\nMr President\n\"Kabul=RespectTalibanShariaLaw=WomenCan'tWorkWithMen=COVID19=Proven=RemoteWork=CellPhone+Notebook+Batteries=Women=WorkFromHome=Help=HRHKarimAgaKhanIV*\"\nhttps://t.co/oMyjSVDy7V\n*https://t.co/ohUmtTuFrQ\n*https://t.co/IdOhZy2aNp\n*https://t.co/ZeW7akMDpi https://t.co/EyjJAzrYrA","created_at":"2021-09-20T12:13:53.000Z","author_id":"1125743583926132736","lang":"en","in_reply_to_user_id":"25266286","possibly_sensitive":false,"source":"Twitter for Android","id":"1439925780751032320"},{"text":"RT @remote_workx: #RemoteWorkX Saudi Arabia is proud to present TECHx as a Media Partner!\n\nTECHx is an exclusive media platform for technol…","created_at":"2021-09-20T12:13:26.000Z","author_id":"1434076029954441217","lang":"en","referenced_tweets":[{"type":"retweeted","id":"1439925244202917893"}],"possibly_sensitive":false,"source":"Twitter Web App","id":"1439925667102183428"},{"text":"Barilliance: Customer Support Specialist (Oceania daytime) https://t.co/Rw5YAkOE1W #remotejobs #jobs #nomad #workfromhome #digitalnomad #newjobs","created_at":"2021-09-20T12:13:16.000Z","author_id":"1195081084230414339","lang":"en","possibly_sensitive":false,"source":"Hootsuite Inc.","id":"1439925626853634048"},{"text":"Barilliance: Customer Support Specialist (Oceania time zone) https://t.co/Uenn69CHTI #remotejobs #jobs #nomad #workfromhome #digitalnomad #newjobs","created_at":"2021-09-20T12:13:14.000Z","author_id":"1195081084230414339","lang":"en","possibly_sensitive":false,"source":"Hootsuite Inc.","id":"1439925618301362181"},{"text":"Sorry guys, my phone wasn't working. Neither was my internet. Nor was my brain. #boringvsboing\n#WFH #work #memes #Hack #workfromhome #MondayBlues https://t.co/tfoSdzhJGv","created_at":"2021-09-20T12:13:11.000Z","author_id":"47698869","lang":"en","possibly_sensitive":false,"source":"Twitter Media Studio","id":"1439925603596062723"},{"text":"HIRING: Responsible Data &amp; AI Specialist / Remote, AU - https://t.co/iPucLiOLtn #FRW #remote #remotework #remoteworking #remotejobs #workanywhere #wfh #workfromhome #hiringnow #jobsearch #jobhunt #goremote #AI #Banking #CPA #Data #Risk #SOC2","created_at":"2021-09-20T12:12:51.000Z","author_id":"1202221488","lang":"ro","possibly_sensitive":false,"source":"FRW bot","id":"1439925522927075329"},{"text":"@ElizabethUKRPG\nYour Majesty\n\"Kabul=RespectTalibanShariaLaw=WomenCan'tWorkWithMen=COVID19=Proven=RemoteWork=CellPhone+Notebook+Batteries=Women=WorkFromHome=Help=HRHKarimAgaKhanIV*\"\nhttps://t.co/oMyjSVDy7V\n*https://t.co/ohUmtTuFrQ\n*https://t.co/IdOhZy2aNp\n*https://t.co/ZeW7akMDpi https://t.co/BRvhvHgFMX","created_at":"2021-09-20T12:12:47.000Z","author_id":"1125743583926132736","lang":"en","in_reply_to_user_id":"3031157088","possibly_sensitive":false,"source":"Twitter for Android","id":"1439925503973105666"},{"text":"@KremlinRussia_E\nMr President\n\"Kabul=RespectTalibanShariaLaw=WomenCan'tWorkWithMen=COVID19=Proven=RemoteWork=CellPhone+Notebook+Batteries=Women=WorkFromHome=Help=HRHKarimAgaKhanIV*\"\nhttps://t.co/oMyjSVDy7V\n*https://t.co/ohUmtTuFrQ\n*https://t.co/IdOhZy2aNp\n*https://t.co/ZeW7akMDpi https://t.co/LhEyivLPrV","created_at":"2021-09-20T12:11:45.000Z","author_id":"1125743583926132736","lang":"en","in_reply_to_user_id":"205622130","possibly_sensitive":false,"source":"Twitter for Android","id":"1439925244572094467"},{"text":"#RemoteWorkX Saudi Arabia is proud to present TECHx as a Media Partner!\n\nTECHx is an exclusive media platform for technology affairs. \n\n#RemoteWorkx #remoteworking #wfh #remoteworks #WorkFromHome #RemoteMovement #virtualevent #remotework #KSA https://t.co/iyj5IG1ime","created_at":"2021-09-20T12:11:45.000Z","author_id":"1321710696535449600","lang":"en","possibly_sensitive":false,"source":"Twitter Web App","id":"1439925244202917893"},{"text":"HIRING: Director of Architecture - Data and Analytics / Remote, US - https://t.co/mh2YKNKssZ #FRW #remote #remotework #remoteworking #remotejobs #workanywhere #wfh #workfromhome #hiringnow #jobsearch #jobhunt #goremote #Data","created_at":"2021-09-20T12:11:23.000Z","author_id":"1202221488","lang":"en","possibly_sensitive":false,"source":"FRW bot","id":"1439925151991271434"},{"text":"Back-End Developer at Jibble () (allows remote) https://t.co/CHWbqRrCpa #remotejobs #jobs #nomad #workfromhome #digitalnomad #newjobs","created_at":"2021-09-20T12:11:17.000Z","author_id":"1195081084230414339","lang":"en","possibly_sensitive":false,"source":"Hootsuite Inc.","id":"1439925125680439300"},{"text":"@CardinalBertone\nYourEminence\n\"Kabul=RespectTalibanShariaLaw=WomenCan'tWorkWithMen=COVID19=Proven=RemoteWork=CellPhone+Notebook+Batteries=Women=WorkFromHome=Help=HRHKarimAgaKhanIV*\"\nhttps://t.co/oMyjSVDy7V\n*https://t.co/ohUmtTuFrQ\n*https://t.co/IdOhZy2aNp\n*https://t.co/ZeW7akMDpi https://t.co/K0cakUwWoa","created_at":"2021-09-20T12:10:38.000Z","author_id":"1125743583926132736","lang":"en","in_reply_to_user_id":"4289789130","possibly_sensitive":false,"source":"Twitter for Android","id":"1439924963654389762"},{"text":"RT @NST_Online: #NSTnation Work from home arrangements are gradually being abolished, resulting in families having urgent needs of domestic…","created_at":"2021-09-20T12:10:25.000Z","author_id":"247263351","lang":"en","referenced_tweets":[{"type":"retweeted","id":"1439887395587956740"}],"possibly_sensitive":true,"source":"Twitter for iPhone","id":"1439924907215757326"},{"text":"RT @WantRemoteJob: New #remote #job Principal Backend Engineer - Personas, Compute (L5) - Segment at @twilio\nhttps://t.co/sJGtDqtTRf\n#remot…","created_at":"2021-09-20T12:09:35.000Z","author_id":"1437460018928832513","lang":"en","referenced_tweets":[{"type":"retweeted","id":"1439910980847292416"}],"possibly_sensitive":false,"source":"Twitter","id":"1439924698322718723"},{"text":"RT @Officechairs6: Chair ELLY - aesthetic and healthy choice\n \n#moderndesign #OfficeSpace #workspace #furnituredesign #officefurniture #man…","created_at":"2021-09-20T12:09:28.000Z","author_id":"951943786065776645","lang":"en","referenced_tweets":[{"type":"retweeted","id":"1439919858477584390"}],"possibly_sensitive":false,"source":"Modern Design Bot","id":"1439924670128607233"},{"text":"RT @BlockditApp: รู้จัก Burnout Boreout Brownout ภาวะเบื่องาน ที่คนยุคนี้กำลังเผชิญ\n\n[THE BRIEFCASE]\n\nhttps://t.co/SMrzCrObUg\n\n#WorkFromHom…","created_at":"2021-09-20T12:08:28.000Z","author_id":"65040440","lang":"und","referenced_tweets":[{"type":"retweeted","id":"1439608024369303553"}],"possibly_sensitive":true,"source":"Twitter for iPhone","id":"1439924416482136068"},{"text":"Ucon welcomes Ms. Hana Abu Kharmeh as a Speaker for #RemoteWorkx Saudi Arabia.\n\nMs. Hana is the Regional Human Resources Director at Serco Middle East. \n#RemoteWorkx #remoteworking #wfh #remoteworks #WorkFromHome #RemoteMovement #virtualevent #remotework #KSA https://t.co/V4uZ8nj4Db","created_at":"2021-09-20T12:07:20.000Z","author_id":"1321710696535449600","lang":"en","possibly_sensitive":false,"source":"Twitter Web App","id":"1439924133618278402"},{"text":"#socialmediaguru #socialmediahelp #socialmediacontent #smallbusinessowner #digital #design #follow #social #socialmediatip #facebookads #socialmediainfluencer #socialmediaforbusiness #freelancer #WorkFromHome \nFollow me on Fiverr Or Dm Me Here\nhttps://t.co/1jKKnEjkI5 https://t.co/FI0Zvz9gia","created_at":"2021-09-20T12:07:06.000Z","author_id":"1357894902344912900","lang":"en","possibly_sensitive":false,"source":"Twitter Web App","id":"1439924073870462978"},{"text":"RT @BlockditApp: ทำงานอยู่บ้านเพลินๆ กินวันละ 3 แก้วแบบลืมตัว มาเช็กกันหน่อย ในหนึ่งวันโดนกันไปคนละกี่แคลฯ\n\n[อยู่เย็นเป็นสุข]\n\nhttps://t.co…","created_at":"2021-09-20T12:05:45.000Z","author_id":"1227930334949339136","lang":"th","referenced_tweets":[{"type":"retweeted","id":"1439880325144793090"}],"possibly_sensitive":false,"source":"Twitter for Android","id":"1439923733410443266"},{"text":"All endings are also beginnings. We just don't know it at the time.\n\nMitch Albom\n\n#humanresources #personaldevelopment #whatinspiresme #managementconsulting #management #happiness #mentalhealth #covid19 #hr #insurance #workfromhome #financialservices #wellbeing https://t.co/tke2SJjH8d","created_at":"2021-09-20T12:05:06.000Z","author_id":"1067428110201540609","lang":"en","possibly_sensitive":false,"source":"Hootsuite Inc.","id":"1439923572592594950"},{"text":"https://t.co/XT74vzvLyN\n\nTsunami Axis are now bringing offices to the home with Du Foyer For Businesses with special company discounts!\n\nGet in touch for more information.\n\n#WorkFromHome #WFH #HomeOffice https://t.co/NM5AeINKmL","created_at":"2021-09-20T12:05:05.000Z","author_id":"908698111182348288","lang":"en","possibly_sensitive":false,"source":"Hootsuite Inc.","id":"1439923568897314826"},{"text":"RT @StudyWithMusic1: This our brand new video in the Study With Background Music playlist. #WorkFromHome should be fun. Just follow the lin…","created_at":"2021-09-20T12:04:52.000Z","author_id":"1428289624342925318","lang":"en","referenced_tweets":[{"type":"retweeted","id":"1439922191571865603"}],"possibly_sensitive":false,"source":"Twitter for iPhone","id":"1439923512299360256"},{"text":"RT @NST_Online: #NSTnation Work from home arrangements are gradually being abolished, resulting in families having urgent needs of domestic…","created_at":"2021-09-20T12:04:43.000Z","author_id":"1390614455327723531","lang":"en","referenced_tweets":[{"type":"retweeted","id":"1439887395587956740"}],"possibly_sensitive":false,"source":"Twitter for Android","id":"1439923473317392384"},{"text":"RT @StudyWithMusic1: This our brand new video in the Study With Background Music playlist. #WorkFromHome should be fun. Just follow the lin…","created_at":"2021-09-20T12:04:37.000Z","author_id":"3102095619","lang":"en","referenced_tweets":[{"type":"retweeted","id":"1439922191571865603"}],"possibly_sensitive":false,"source":"Twitter for iPhone","id":"1439923447719682056"},{"text":"RT @Officechairs6: Chair ELLY - aesthetic and healthy choice\n \n#moderndesign #OfficeSpace #workspace #furnituredesign #officefurniture #man…","created_at":"2021-09-20T12:04:26.000Z","author_id":"1318429401562963968","lang":"en","referenced_tweets":[{"type":"retweeted","id":"1439919858477584390"}],"possibly_sensitive":false,"source":"Twitter","id":"1439923403545268227"},{"text":"Are you well-equipped to #WorkFromHome? \uD83D\uDDA5️\uD83D\uDDB1️\uD83D\uDDC3️ We put together a list of all the tools and apps to make #WFH as efficient and effective as possible: https://t.co/xf8TQu7yCi #RemoteWork","created_at":"2021-09-20T12:02:12.000Z","author_id":"989788712","lang":"en","possibly_sensitive":false,"source":"Hootsuite Inc.","id":"1439922841248489472"},{"text":"First day back in the office since March 2020. Don't let this calm photo fool you.  It's been a manic morning sorting out things! #WorkFromHome #firstdayback https://t.co/FfujQA1fOi","created_at":"2021-09-20T12:02:08.000Z","author_id":"484732886","lang":"en","possibly_sensitive":false,"source":"Twitter for Android","id":"1439922823766630404"},{"text":"How Alex Stewart Went From $25,000/Year - $30,000/Month In Just 5 Months  https://t.co/ezSqnL9EHs\n\n#entrepreneur #workfromhome","created_at":"2021-09-20T12:01:22.000Z","author_id":"1243746097329307648","lang":"en","possibly_sensitive":false,"source":"The Social Jukebox","id":"1439922631998853120"},{"text":"Where are you from and type \"work\" in your language.\n\n#workfromhome #success #entrepreneurlife #smallbusiness #businessowner #successquotes #setupinspiration #socialmediamarketing #onlinebusiness #financialfreedom https://t.co/eUOzqLPzO9","created_at":"2021-09-20T12:00:59.000Z","author_id":"1266843845435822085","lang":"en","possibly_sensitive":false,"source":"Hootsuite Inc.","id":"1439922536104529920"}],"meta":{"newest_id":"1439933931684573186","oldest_id":"1439922536104529920","result_count":100,"next_token":"b26v89c19zqg8o3fpdpa1fikr8zalr7c5tlpni51d501p"}}