{"data":[{"text":"RT @scarfqueens: Scarf Queen Roxy M - Rocking a black and gold silk scarf in her self shoot.  #glamourmodel #fetishmodel #silkfetish #satin…","referenced_tweets":[{"type":"retweeted","id":"1438858809733226496"}],"source":"Twitter for iPhone","lang":"en","possibly_sensitive":false,"author_id":"1099992057211346945","id":"1439903351076900868","created_at":"2021-09-20T10:44:45.000Z"},{"text":"RT @BlockditApp: ทำงานอยู่บ้านเพลินๆ กินวันละ 3 แก้วแบบลืมตัว มาเช็กกันหน่อย ในหนึ่งวันโดนกันไปคนละกี่แคลฯ\n\n[อยู่เย็นเป็นสุข]\n\nhttps://t.co…","referenced_tweets":[{"type":"retweeted","id":"1439880325144793090"}],"source":"Twitter for iPhone","lang":"th","possibly_sensitive":false,"author_id":"1395562653003571205","id":"1439903347004239876","created_at":"2021-09-20T10:44:44.000Z"},{"text":"RT @BlockditApp: ทำงานอยู่บ้านเพลินๆ กินวันละ 3 แก้วแบบลืมตัว มาเช็กกันหน่อย ในหนึ่งวันโดนกันไปคนละกี่แคลฯ\n\n[อยู่เย็นเป็นสุข]\n\nhttps://t.co…","referenced_tweets":[{"type":"retweeted","id":"1439880325144793090"}],"source":"Twitter for iPhone","lang":"th","possibly_sensitive":false,"author_id":"2192551021","id":"1439903283699613700","created_at":"2021-09-20T10:44:29.000Z"},{"text":"RT @BlockditApp: ทำงานอยู่บ้านเพลินๆ กินวันละ 3 แก้วแบบลืมตัว มาเช็กกันหน่อย ในหนึ่งวันโดนกันไปคนละกี่แคลฯ\n\n[อยู่เย็นเป็นสุข]\n\nhttps://t.co…","referenced_tweets":[{"type":"retweeted","id":"1439880325144793090"}],"source":"Twitter for Android","lang":"th","possibly_sensitive":false,"author_id":"1194128085274116096","id":"1439903232717819904","created_at":"2021-09-20T10:44:17.000Z"},{"text":"RT @BlockditApp: ทำงานอยู่บ้านเพลินๆ กินวันละ 3 แก้วแบบลืมตัว มาเช็กกันหน่อย ในหนึ่งวันโดนกันไปคนละกี่แคลฯ\n\n[อยู่เย็นเป็นสุข]\n\nhttps://t.co…","referenced_tweets":[{"type":"retweeted","id":"1439880325144793090"}],"source":"Twitter for Android","lang":"th","possibly_sensitive":false,"author_id":"971604230770278400","id":"1439903217618276357","created_at":"2021-09-20T10:44:13.000Z"},{"text":"Never be anyone but yourself \n#poshmark #resellercommunity #reseller #workfromhome https://t.co/Qr4OuAGJeG","source":"Hookle App","lang":"en","possibly_sensitive":false,"author_id":"65497673","id":"1439903171829190657","created_at":"2021-09-20T10:44:02.000Z"},{"text":"RT @BlockditApp: ทำงานอยู่บ้านเพลินๆ กินวันละ 3 แก้วแบบลืมตัว มาเช็กกันหน่อย ในหนึ่งวันโดนกันไปคนละกี่แคลฯ\n\n[อยู่เย็นเป็นสุข]\n\nhttps://t.co…","referenced_tweets":[{"type":"retweeted","id":"1439880325144793090"}],"source":"Twitter for iPhone","lang":"th","possibly_sensitive":false,"author_id":"185747014","id":"1439903031802273792","created_at":"2021-09-20T10:43:29.000Z"},{"text":"RT @BlockditApp: ทำงานอยู่บ้านเพลินๆ กินวันละ 3 แก้วแบบลืมตัว มาเช็กกันหน่อย ในหนึ่งวันโดนกันไปคนละกี่แคลฯ\n\n[อยู่เย็นเป็นสุข]\n\nhttps://t.co…","referenced_tweets":[{"type":"retweeted","id":"1439880325144793090"}],"source":"Twitter for Android","lang":"th","possibly_sensitive":false,"author_id":"846380702274764800","id":"1439902989448142848","created_at":"2021-09-20T10:43:19.000Z"},{"text":"RT @BlockditApp: ทำงานอยู่บ้านเพลินๆ กินวันละ 3 แก้วแบบลืมตัว มาเช็กกันหน่อย ในหนึ่งวันโดนกันไปคนละกี่แคลฯ\n\n[อยู่เย็นเป็นสุข]\n\nhttps://t.co…","referenced_tweets":[{"type":"retweeted","id":"1439880325144793090"}],"source":"Twitter for Android","lang":"th","possibly_sensitive":false,"author_id":"1374426818522980353","id":"1439902908040970244","created_at":"2021-09-20T10:43:00.000Z"},{"text":"RT @BlockditApp: ทำงานอยู่บ้านเพลินๆ กินวันละ 3 แก้วแบบลืมตัว มาเช็กกันหน่อย ในหนึ่งวันโดนกันไปคนละกี่แคลฯ\n\n[อยู่เย็นเป็นสุข]\n\nhttps://t.co…","referenced_tweets":[{"type":"retweeted","id":"1439880325144793090"}],"source":"Twitter for Android","lang":"th","possibly_sensitive":false,"author_id":"1219191148003987457","id":"1439902863220563969","created_at":"2021-09-20T10:42:49.000Z"},{"text":"RT @BlockditApp: ทำงานอยู่บ้านเพลินๆ กินวันละ 3 แก้วแบบลืมตัว มาเช็กกันหน่อย ในหนึ่งวันโดนกันไปคนละกี่แคลฯ\n\n[อยู่เย็นเป็นสุข]\n\nhttps://t.co…","referenced_tweets":[{"type":"retweeted","id":"1439880325144793090"}],"source":"Twitter for iPad","lang":"th","possibly_sensitive":false,"author_id":"1124999616141750277","id":"1439902856115417094","created_at":"2021-09-20T10:42:47.000Z"},{"text":"RT @BlockditApp: ทำงานอยู่บ้านเพลินๆ กินวันละ 3 แก้วแบบลืมตัว มาเช็กกันหน่อย ในหนึ่งวันโดนกันไปคนละกี่แคลฯ\n\n[อยู่เย็นเป็นสุข]\n\nhttps://t.co…","referenced_tweets":[{"type":"retweeted","id":"1439880325144793090"}],"source":"Twitter for iPhone","lang":"th","possibly_sensitive":false,"author_id":"1085935020227751936","id":"1439902821290110977","created_at":"2021-09-20T10:42:39.000Z"},{"text":"RT @danielmelbou: 頭好壯壯 #melbourne  #CBD #Taiwanese #hairdresser #WorkFromHome https://t.co/hpEQfno0vN","referenced_tweets":[{"type":"retweeted","id":"1428325406420078592"}],"source":"Twitter for iPhone","lang":"ja","possibly_sensitive":true,"author_id":"1300840486752583680","id":"1439902818719043587","created_at":"2021-09-20T10:42:38.000Z"},{"text":"RT @BlockditApp: ทำงานอยู่บ้านเพลินๆ กินวันละ 3 แก้วแบบลืมตัว มาเช็กกันหน่อย ในหนึ่งวันโดนกันไปคนละกี่แคลฯ\n\n[อยู่เย็นเป็นสุข]\n\nhttps://t.co…","referenced_tweets":[{"type":"retweeted","id":"1439880325144793090"}],"source":"Twitter for iPhone","lang":"th","possibly_sensitive":false,"author_id":"104104490","id":"1439902766235750400","created_at":"2021-09-20T10:42:26.000Z"},{"text":"\uD83D\uDC4F Awesome Motive is hiring a remote Product Developer (PHP/JS) #AwesomeMotive #remotework #remotejob #workfromhome #Redux #CSS #HTML #ES6 #JQuery #MySQL #Zapier #Drip https://t.co/fdJDZAlVi8","source":"Twitter","lang":"en","possibly_sensitive":false,"author_id":"1255452976673697797","id":"1439901940901498887","created_at":"2021-09-20T10:39:09.000Z"},{"text":"سواء اختار موظفوك العمل من المكتب، أو انتقلوا إلى ترتيبات العمل المرنة والهجينة، أو حتى العمل عن بُعد؛ فإن كيسنجن هو الحل الرقمي المضمون\n\nhttps://t.co/ZC2y4REo0M\n\n#legaltech #lawfirms #remoteworking #workfromhome #workfromanywhere #flexibleworking","source":"Twitter Web App","lang":"ar","possibly_sensitive":false,"author_id":"995161565140832256","id":"1439901909452828678","created_at":"2021-09-20T10:39:01.000Z"},{"text":"Whether your employees choose to work from office, or go for flexible work arrangements or remote work – Casengine is your guaranteed digital solution.\n\nhttps://t.co/CfSFWRRAZu\n\n#legaltech #lawfirms \n#remoteworking #workfromhome #workfromanywhere \n#flexibleworking","source":"Twitter Web App","lang":"en","possibly_sensitive":false,"author_id":"995161565140832256","id":"1439901699263586306","created_at":"2021-09-20T10:38:11.000Z"},{"text":"RT @BlockditApp: ทำงานอยู่บ้านเพลินๆ กินวันละ 3 แก้วแบบลืมตัว มาเช็กกันหน่อย ในหนึ่งวันโดนกันไปคนละกี่แคลฯ\n\n[อยู่เย็นเป็นสุข]\n\nhttps://t.co…","referenced_tweets":[{"type":"retweeted","id":"1439880325144793090"}],"source":"Twitter for Android","lang":"th","possibly_sensitive":false,"author_id":"909102079091761154","id":"1439901591557967878","created_at":"2021-09-20T10:37:46.000Z"},{"text":"RT @BlockditApp: ทำงานอยู่บ้านเพลินๆ กินวันละ 3 แก้วแบบลืมตัว มาเช็กกันหน่อย ในหนึ่งวันโดนกันไปคนละกี่แคลฯ\n\n[อยู่เย็นเป็นสุข]\n\nhttps://t.co…","referenced_tweets":[{"type":"retweeted","id":"1439880325144793090"}],"source":"Twitter for iPhone","lang":"th","possibly_sensitive":false,"author_id":"233859055","id":"1439901460590780418","created_at":"2021-09-20T10:37:14.000Z"},{"text":"RT @BlockditApp: ทำงานอยู่บ้านเพลินๆ กินวันละ 3 แก้วแบบลืมตัว มาเช็กกันหน่อย ในหนึ่งวันโดนกันไปคนละกี่แคลฯ\n\n[อยู่เย็นเป็นสุข]\n\nhttps://t.co…","referenced_tweets":[{"type":"retweeted","id":"1439880325144793090"}],"source":"Twitter Web App","lang":"th","possibly_sensitive":false,"author_id":"1396706417046786050","id":"1439901326993813504","created_at":"2021-09-20T10:36:43.000Z"},{"text":"RT @BlockditApp: ทำงานอยู่บ้านเพลินๆ กินวันละ 3 แก้วแบบลืมตัว มาเช็กกันหน่อย ในหนึ่งวันโดนกันไปคนละกี่แคลฯ\n\n[อยู่เย็นเป็นสุข]\n\nhttps://t.co…","referenced_tweets":[{"type":"retweeted","id":"1439880325144793090"}],"source":"Twitter for iPad","lang":"th","possibly_sensitive":false,"author_id":"546969568","id":"1439901067047698434","created_at":"2021-09-20T10:35:41.000Z"},{"text":"RT @BlockditApp: ทำงานอยู่บ้านเพลินๆ กินวันละ 3 แก้วแบบลืมตัว มาเช็กกันหน่อย ในหนึ่งวันโดนกันไปคนละกี่แคลฯ\n\n[อยู่เย็นเป็นสุข]\n\nhttps://t.co…","referenced_tweets":[{"type":"retweeted","id":"1439880325144793090"}],"source":"Twitter for iPhone","lang":"th","possibly_sensitive":false,"author_id":"706679799226339329","id":"1439900970301878279","created_at":"2021-09-20T10:35:18.000Z"},{"text":"RT @BlockditApp: ทำงานอยู่บ้านเพลินๆ กินวันละ 3 แก้วแบบลืมตัว มาเช็กกันหน่อย ในหนึ่งวันโดนกันไปคนละกี่แคลฯ\n\n[อยู่เย็นเป็นสุข]\n\nhttps://t.co…","referenced_tweets":[{"type":"retweeted","id":"1439880325144793090"}],"source":"Twitter for Android","lang":"th","possibly_sensitive":false,"author_id":"1094166212005658626","id":"1439900733827018753","created_at":"2021-09-20T10:34:21.000Z"},{"text":"RT @BlockditApp: ทำงานอยู่บ้านเพลินๆ กินวันละ 3 แก้วแบบลืมตัว มาเช็กกันหน่อย ในหนึ่งวันโดนกันไปคนละกี่แคลฯ\n\n[อยู่เย็นเป็นสุข]\n\nhttps://t.co…","referenced_tweets":[{"type":"retweeted","id":"1439880325144793090"}],"source":"TweetDeck","lang":"th","possibly_sensitive":false,"author_id":"965801281813069824","id":"1439900441572089860","created_at":"2021-09-20T10:33:11.000Z"},{"text":"NEW BUZZ: The Compelling Economics of Working From Home\n\nOur latest #Research finds that #FlexibleWorking is here to stay! Employees want flexitime and to #WorkFromHome 3 days a week.\n\nHow do you feel about the #HomeOffice?\n\nhttps://t.co/k0O2S1gxhs\n\n#HR #Recruitment #DectechBuzz https://t.co/RONeLaLBdO","source":"Twitter Web App","lang":"en","possibly_sensitive":false,"author_id":"828883470","id":"1439900368385810432","created_at":"2021-09-20T10:32:54.000Z"},{"text":"RT @WantRemoteJob: New #remote #job Legal Fellow Spring '22 at @wikipedia\nhttps://t.co/vfwEUAQpiX\n#vacancy #remotejob #workfromhome","referenced_tweets":[{"type":"retweeted","id":"1439895874050699265"}],"source":"Twitter","lang":"en","possibly_sensitive":false,"author_id":"1339577052433944577","id":"1439900187317710848","created_at":"2021-09-20T10:32:11.000Z"},{"text":"RT @JobTripper: \uD83C\uDF0DMagic, Inc. are hiring a Content Writer\n\nFully remote! Based in \uD83C\uDDF5\uD83C\uDDED Philippines\n\nhttps://t.co/P5aQyrMnT8\n\n#remote #Writing…","referenced_tweets":[{"type":"retweeted","id":"1439894659703066629"}],"source":"Twitter","lang":"en","possibly_sensitive":false,"author_id":"1339577052433944577","id":"1439900127439818754","created_at":"2021-09-20T10:31:57.000Z"},{"text":"RT @BrixxywapsXD: Finally!\n\nWorking from home starting tomorrow + I'm going to be waitlisted as a #LSGG Scholar in 2 days!\n\nI'm so excited…","referenced_tweets":[{"type":"retweeted","id":"1426920738733187077"}],"source":"Twitter for Android","lang":"en","possibly_sensitive":false,"author_id":"1427048585774780420","id":"1439900120158400516","created_at":"2021-09-20T10:31:55.000Z"},{"text":"RT @BanfieldNikita: To all female entrepreneurs \nyou are Amazing \n\n.\n.\n.\n.\n#virtualassistant #entrepreneur #workfromhome #elijensva #workin…","referenced_tweets":[{"type":"retweeted","id":"1439900051439034369"}],"source":"Twitter","lang":"en","possibly_sensitive":false,"author_id":"1308040042724519939","id":"1439900073492615169","created_at":"2021-09-20T10:31:44.000Z"},{"text":"To all female entrepreneurs \nyou are Amazing \n\n.\n.\n.\n.\n#virtualassistant #entrepreneur #workfromhome #elijensva #workingmom #supportsmallbusiness #virtualassistantservices #motivation #womeninbusiness #inspiration #blackownedbusiness  #mompreneur #womensupportingwomen https://t.co/26aFpzfSev","source":"Twitter for Android","lang":"en","possibly_sensitive":false,"author_id":"1310937664170926091","id":"1439900051439034369","created_at":"2021-09-20T10:31:38.000Z"},{"text":"Remember if you're heading back to the office part-time you can still claim remote working relief on the remaining days from home! #WorkFromHome \nhttps://t.co/HinaG6DB6k","source":"Twitter Web App","lang":"en","possibly_sensitive":false,"author_id":"16042865","id":"1439899892701347843","created_at":"2021-09-20T10:31:01.000Z"},{"text":"Quickly learn how to construct a really good cta, if you want to receive extra potential clients in your venture https://t.co/1v9xsfUKo6 #WorkFromHome #OnlineSales #QuotesToLiveBy https://t.co/Vr3KkExKx5","source":"FitLean4Life Tweet App","lang":"en","possibly_sensitive":false,"author_id":"975630225819230208","id":"1439899833331032066","created_at":"2021-09-20T10:30:46.000Z"},{"text":"Hello Monday,it's still sprin\uD83C\uDF3Chave courage &amp; continue with that spring in your step! \n.\n.\n.\nhttps://t.co/Za6HqyLn68\n.\n.\n.\n#COVID19 #September2021 #pharmaceutical #healthcare #workfromhome #recruitment #PSMPersonnel #mondaymotivation #wearamask #jobsearch #medical #hiring #spring https://t.co/iHwlHHs4Io","source":"Twitter Web App","lang":"en","possibly_sensitive":false,"author_id":"274926492","id":"1439899765605605377","created_at":"2021-09-20T10:30:30.000Z"},{"text":"Who is a full-stack developer? | Explained for #recruiters in #IT\n\nhttps://t.co/qhrFGVrID1\n\n#FailSafeHiring #humanresources #Recruiter #WorkFromHome #TalentAcquisition #TA #HR #Recruitment #Job #Career #learnnew #management #Lockdown #Learnings #wfh #Technologylearning","source":"Hootsuite Inc.","lang":"en","possibly_sensitive":false,"author_id":"10490012","id":"1439899704184250368","created_at":"2021-09-20T10:30:16.000Z"},{"text":"The power of patience right here. Do you agree? Believing it before seeing it. If you have this mindset, you are one step ahead for those who don't have. :D #makemoneyonline #makemoneyonlinefree #makemoneyonlinenow #makemoneyfromhome #workfromhome #onlinebusiness #entrepreneur https://t.co/2yOZZW7CU9","source":"Post Planner Inc.","lang":"en","possibly_sensitive":true,"author_id":"3104626855","id":"1439899643496652801","created_at":"2021-09-20T10:30:01.000Z"},{"text":"Work from home might be silently taking a toll on your health. Take a day off and check your health status with the Executive Package. ​\n​\nCall us at 0484 4277111 to book your test.​​\n\n#ddrcsrldiagnostics #srldiagnostics #mentalhealth #healthfirst #healthforall #workfromhome https://t.co/QO0mZ1B8BC","source":"Twitter Web App","lang":"en","possibly_sensitive":false,"author_id":"1056120505978122240","id":"1439899637175898116","created_at":"2021-09-20T10:30:00.000Z"},{"text":"Need a Vacation\n\n#uiuxdesign #productdesigner #figjam #userexperience #workfromhome #vacation https://t.co/5JwSwuNZmN","source":"Twitter for Android","lang":"en","possibly_sensitive":false,"author_id":"4564956619","id":"1439899300432007170","created_at":"2021-09-20T10:28:39.000Z"},{"text":"Considering a Civil Service job ?\nWell look no further  @JCPinNthLondon will host an hour filled with exciting Jobs and opportunities in and around your local area, avoid the commute and join us this Friday.\n\nThis event is not to be missed!\n\n#WorkFromHome https://t.co/qKPbd3NBJx","source":"Hootsuite Inc.","lang":"en","possibly_sensitive":false,"author_id":"534375084","id":"1439899189979275264","created_at":"2021-09-20T10:28:13.000Z"},{"text":"Today's average UK #heatingoil price is 46.80ppl \n\nCheck your #heatingoil tank levels\n\nLess than 25% oil in your tank? Look at getting multiple oil quotes from us https://t.co/urxB7bi1WG\n\n#WorkFromHome #heatingoilprices #heatingoilsuppliers #cheapheatingoil https://t.co/te9HkIgDCm","source":"Twitter Web App","lang":"en","possibly_sensitive":false,"author_id":"709652491","id":"1439899094009458688","created_at":"2021-09-20T10:27:50.000Z"},{"text":"Your parents might be advising you to create assets.\nBuy a land or a house but one thing that you can create today is your Digital Assets.\nCreate Digital Assets which will get you the revenue regularly.\nFollow me @kuku.10x\n#digital #digitalmarketing #makemoneyonline #workfromhome https://t.co/xdiwyhw08N","source":"Publer.io","lang":"en","possibly_sensitive":false,"author_id":"1439543039077224452","id":"1439898758364467202","created_at":"2021-09-20T10:26:30.000Z"},{"text":"Who wants to start receiving $100 payments daily?\n(Start HERE): https://t.co/Rsb4h3JP2k &lt;--- #makemoneyonline #makemoneyonlinefree #makemoneyonlinenow #makemoneyfromhome #workfromhome #onlinebusiness #entrepreneur #affiliatemarketing #residualincome #money  #makemoneyonlinefast https://t.co/hQPCKUnUTk","source":"Post Planner Inc.","lang":"en","possibly_sensitive":true,"author_id":"3104626855","id":"1439898395271839750","created_at":"2021-09-20T10:25:04.000Z"},{"text":"Work from home kar k gand fat raha hai BC... \n\nYaha JD kuch aur hai or job kuch aur... \n\nYaha sab saale milke hume chutiya banaya jaraha hai... \n\n#WorkFromHome #WFH","source":"Twitter for Android","lang":"hi","possibly_sensitive":false,"author_id":"721244035675983873","id":"1439898347251191808","created_at":"2021-09-20T10:24:52.000Z"},{"text":"\uD83D\uDE42 Bugcrowd is hiring a remote Senior Manager, Security Solutions Architecture #Bugcrowd #remotework #remotejob #workfromhome #ProgramManagement #Security https://t.co/F6V8L2k7mt","source":"Twitter","lang":"en","possibly_sensitive":false,"author_id":"1255452976673697797","id":"1439897747075653638","created_at":"2021-09-20T10:22:29.000Z"},{"text":"RT @BSNL_RJ: Bring Data's mega highway to your doorstep.\nOpt for  #BSNL #Bharat_Fiber #Plan #SuperStar1\n#WorkFromHome \n#OnlineClasses \n#Bus…","referenced_tweets":[{"type":"retweeted","id":"1439778842521001987"}],"source":"Twitter for Android","lang":"en","possibly_sensitive":false,"author_id":"3093822282","id":"1439897570281619459","created_at":"2021-09-20T10:21:47.000Z"},{"text":"RT @himalayasapp: \uD83D\uDE01 Bugcrowd is hiring a remote Researcher Growth Manager #Bugcrowd #remotework #remotejob #workfromhome #Cybersecurity #In…","referenced_tweets":[{"type":"retweeted","id":"1439897323299954688"}],"source":"forRetweeting","lang":"en","possibly_sensitive":false,"author_id":"1142424032794406912","id":"1439897527399059456","created_at":"2021-09-20T10:21:37.000Z"},{"text":"Small businesses are the backbone of the economy. Do you know that you can begin one from your laptop? Learn my FAVORITE method here. Join https://t.co/Cz82tQAe0y #makemoneyonline #workfromhome #earnonline #internetmarketing #usa https://t.co/7wfZJj77rz","source":"IFTTT","lang":"en","possibly_sensitive":false,"author_id":"1417402360268156931","id":"1439897362206502912","created_at":"2021-09-20T10:20:57.000Z"},{"text":"RT @QAValley: Future Focused: The 2021 Cybersecurity Landscape\nhttps://t.co/fEcw0aZUMc   #CyberSecurity #COVID19 #WorkFromHome #CyberAttack…","referenced_tweets":[{"type":"retweeted","id":"1439869438409551875"}],"source":"feedr_mjf","lang":"en","possibly_sensitive":false,"author_id":"3607691962","id":"1439897324810027016","created_at":"2021-09-20T10:20:48.000Z"},{"text":"\uD83D\uDE01 Bugcrowd is hiring a remote Researcher Growth Manager #Bugcrowd #remotework #remotejob #workfromhome #Cybersecurity #InformationSecurity #PeopleManagement #Growth https://t.co/N0WJdbaFM8","source":"Twitter","lang":"en","possibly_sensitive":false,"author_id":"1255452976673697797","id":"1439897323299954688","created_at":"2021-09-20T10:20:48.000Z"},{"text":"RT @AppsUnify: Future Focused: The 2021 Cybersecurity Landscape\nhttps://t.co/PcUkTGoRg4   #CyberSecurity #COVID19 #WorkFromHome #CyberAttac…","referenced_tweets":[{"type":"retweeted","id":"1439897120631365637"}],"source":"Twitter","lang":"en","possibly_sensitive":false,"author_id":"1238709740777037824","id":"1439897205544980481","created_at":"2021-09-20T10:20:20.000Z"},{"text":"Future Focused: The 2021 Cybersecurity Landscape\nhttps://t.co/PcUkTGoRg4   #CyberSecurity #COVID19 #WorkFromHome #CyberAttack #Phishing #Ransomware #Data #ArtificialIntelligence #MachineLearning #Analytics #Cybercriminal #Databreaches #Cloud #AppsUnify https://t.co/eDDWC3TbiO","source":"Twitter Web App","lang":"en","possibly_sensitive":false,"author_id":"3116934326","id":"1439897120631365637","created_at":"2021-09-20T10:20:00.000Z"},{"text":"Just another day in the office #WorkFromHome https://t.co/mwBw35dO8g","source":"Twitter for Android","lang":"en","possibly_sensitive":false,"author_id":"3368179138","id":"1439896956441088005","created_at":"2021-09-20T10:19:21.000Z"},{"text":"Offer : Buy Study table starting from Rs.499\nValid till : 25-09-2021\nBuy Now: https://t.co/vjvFITzY5k\n#studytable #interiordesign #furniture #wardrobe #homedecor #studytables #kitchencabinet #tvcabinet  #study #workfromhome #table #kidsfurniture  #studywithme #india https://t.co/7z0oNHVHp7","source":"Twitter Web App","lang":"en","possibly_sensitive":false,"author_id":"1416380875424473096","id":"1439896865575608325","created_at":"2021-09-20T10:18:59.000Z"},{"text":"\uD83D\uDC4F Canva is hiring a remote Technical Program Manager- Engineering #Canva #remotework #remotejob #workfromhome #Agile #SaaS #ProgramManagement #ProgramManager https://t.co/BwYeVuYErp","source":"Twitter","lang":"en","possibly_sensitive":false,"author_id":"1255452976673697797","id":"1439896855282786311","created_at":"2021-09-20T10:18:56.000Z"},{"text":"#JimRohn -Don't waste your energy and enthusiasm on those who won't be helped. \n\n#workfromhome #makemoneyfromhome #networkmarketing https://t.co/HqaiAG54FX","source":"SocialOomph","lang":"en","possibly_sensitive":false,"author_id":"23340858","id":"1439896708729671682","created_at":"2021-09-20T10:18:22.000Z"},{"text":"Manage Your Mobile App Development Project Remotely?\n\nhttps://t.co/sJpB9hhSyC\n.\n.\n.\n.\n.\n#postoftheday #softwaredevelopment #appprojects #workremotely  #importantfactors #mobileappdevelopment #workfromhome #businessideas #appsdesign #thingsyoumustknow  #technology #AppsforEarth","source":"Twitter Web App","lang":"en","possibly_sensitive":false,"author_id":"986292041628860416","id":"1439896450150764548","created_at":"2021-09-20T10:17:20.000Z"},{"text":"\uD83E\uDD20 Canva is hiring a remote Technical Program Manager- Teams Product #Canva #remotework #remotejob #workfromhome #Agile #SaaS #ProgramManagement #ProgramManager https://t.co/LNzA6Iukqq","source":"Twitter","lang":"en","possibly_sensitive":false,"author_id":"1255452976673697797","id":"1439896424989138945","created_at":"2021-09-20T10:17:14.000Z"},{"text":"RT @himalayasapp: \uD83D\uDE0A Canva is hiring a remote Senior Frontend Engineer - Pexels Team #Canva #remotework #remotejob #workfromhome #SASS #HTML…","referenced_tweets":[{"type":"retweeted","id":"1439894670746603522"}],"source":"HTMLv2","lang":"en","possibly_sensitive":false,"author_id":"769629395262771200","id":"1439896236774117377","created_at":"2021-09-20T10:16:29.000Z"},{"text":"\uD83D\uDE00 Canva is hiring a remote Product Designer - Internal Tools (Infrastructure) #Canva #remotework #remotejob #workfromhome #DesignSystems #Prototyping #UX https://t.co/g6CjUrMtqn","source":"Twitter","lang":"en","possibly_sensitive":false,"author_id":"1255452976673697797","id":"1439895938705756166","created_at":"2021-09-20T10:15:18.000Z"},{"text":"(Start HERE): https://t.co/eBsU2zhcuj &lt;---- #makemoneyonline #makemoneyonlinefree #makemoneyonlinenow #makemoneyfromhome #workfromhome #onlinebusiness #entrepreneur #affiliatemarketing #residualincome #money #businessopportunity #homebusiness  #makemoneyonlinefast #love https://t.co/WKbTkugRsY","source":"Post Planner Inc.","lang":"en","possibly_sensitive":true,"author_id":"3104626855","id":"1439895897635131392","created_at":"2021-09-20T10:15:08.000Z"},{"text":"Senior DevOps Engineer at Ascensus (Remote, OR) (allows remote) https://t.co/RDzaTh4LQt #remotejobs #jobs #nomad #workfromhome #digitalnomad #newjobs","source":"Hootsuite Inc.","lang":"en","possibly_sensitive":false,"author_id":"1195081084230414339","id":"1439895884490235904","created_at":"2021-09-20T10:15:05.000Z"},{"text":"New #remote #job Legal Fellow Spring '22 at @wikipedia\nhttps://t.co/vfwEUAQpiX\n#vacancy #remotejob #workfromhome","source":"WantRemote","lang":"en","possibly_sensitive":false,"author_id":"890543333386354688","id":"1439895874050699265","created_at":"2021-09-20T10:15:03.000Z"},{"text":"\uD83D\uDE00 Canva is hiring a remote Product Designer - Design Experience #Canva #remotework #remotejob #workfromhome #Prototyping #Wireframing #UX #UIDesign #ProductDesign https://t.co/ofvWAGkAtw","source":"Twitter","lang":"en","possibly_sensitive":false,"author_id":"1255452976673697797","id":"1439895344456765444","created_at":"2021-09-20T10:12:56.000Z"},{"text":"Have a look FREE EARN $695 TODAY https://t.co/EjMQZLbt3U #workathome #workfromhome #homebusiness #internetmarketing #onlinejobs #makemoneyonline","source":"Drone 2","lang":"en","possibly_sensitive":false,"author_id":"858300921570263040","id":"1439894946421555202","created_at":"2021-09-20T10:11:21.000Z"},{"text":"RT @himalayasapp: \uD83D\uDE0A Canva is hiring a remote Senior Frontend Engineer - Pexels Team #Canva #remotework #remotejob #workfromhome #SASS #HTML…","referenced_tweets":[{"type":"retweeted","id":"1439894670746603522"}],"source":"ThreeJ","lang":"en","possibly_sensitive":false,"author_id":"1434012322217922561","id":"1439894800589803521","created_at":"2021-09-20T10:10:47.000Z"},{"text":"#BreakingNews #PakistanZindabad #lifestyle #WorkFromHome https://t.co/Ds2ZozX9ha","source":"Twitter for Android","lang":"und","possibly_sensitive":false,"author_id":"1519885610","id":"1439894733506101248","created_at":"2021-09-20T10:10:31.000Z"},{"text":"RT @himalayasapp: \uD83D\uDE0A Canva is hiring a remote Senior Frontend Engineer - Pexels Team #Canva #remotework #remotejob #workfromhome #SASS #HTML…","referenced_tweets":[{"type":"retweeted","id":"1439894670746603522"}],"source":"Twitter","lang":"en","possibly_sensitive":false,"author_id":"1355691489561600001","id":"1439894718452805632","created_at":"2021-09-20T10:10:27.000Z"},{"text":"RT @himalayasapp: \uD83D\uDE0A Canva is hiring a remote Senior Frontend Engineer - Pexels Team #Canva #remotework #remotejob #workfromhome #SASS #HTML…","referenced_tweets":[{"type":"retweeted","id":"1439894670746603522"}],"source":"Twitter","lang":"en","possibly_sensitive":false,"author_id":"955443550048608257","id":"1439894690908753920","created_at":"2021-09-20T10:10:20.000Z"},{"text":"\uD83D\uDE0A Canva is hiring a remote Senior Frontend Engineer - Pexels Team #Canva #remotework #remotejob #workfromhome #SASS #HTML #CSS #React #JavaScript #TypeScript #Next https://t.co/Xoccqzjc5g","source":"Twitter","lang":"en","possibly_sensitive":false,"author_id":"1255452976673697797","id":"1439894670746603522","created_at":"2021-09-20T10:10:16.000Z"},{"text":"\uD83C\uDF0DMagic, Inc. are hiring a Content Writer\n\nFully remote! Based in \uD83C\uDDF5\uD83C\uDDED Philippines\n\nhttps://t.co/P5aQyrMnT8\n\n#remote #Writing #SocialMedia #Workfromhome #Marketing #job #remotework #remotejobs","source":"Twitter Web App","lang":"en","possibly_sensitive":false,"author_id":"1100703099222540288","id":"1439894659703066629","created_at":"2021-09-20T10:10:13.000Z"},{"text":"Whilst this is only a prediction of what #heatingoil prices may do in the next 7 days. It bears a strong resemblance to 2017 &amp; 2019  prcing graphs\n\nGet your multiple #heatingoilquotes from https://t.co/urxB7bi1WG\n\nToday's avge UK price is 46.80ppl\n#WorkFromHome #cheapheatingoil https://t.co/Fdlk5XJaVo","source":"Twitter Web App","lang":"en","possibly_sensitive":false,"author_id":"709652491","id":"1439894454442332163","created_at":"2021-09-20T10:09:24.000Z"},{"text":"Businesses pay people to do the posting on #socialmedia for them https://t.co/fIn2YxZv6L #workathome #workfromhome","source":"Twitter Web App","lang":"en","possibly_sensitive":false,"author_id":"1138858705418641409","id":"1439894434833997825","created_at":"2021-09-20T10:09:19.000Z"},{"text":"RT @addy_fu: Chair ELLY - new design full mesh chair\n \n#moderndesign #OfficeSpace #workspace #furnituredesign #officefurniture #manufacture…","referenced_tweets":[{"type":"retweeted","id":"1439881694127984640"}],"source":"Modern Design Bot","lang":"en","possibly_sensitive":false,"author_id":"951943786065776645","id":"1439894422100004868","created_at":"2021-09-20T10:09:16.000Z"},{"text":"\uD83E\uDD20 Canva is hiring a remote Technical Program Manager - Data Platform #Canva #remotework #remotejob #workfromhome #SaaS #ProgramManagement #ProgramManager https://t.co/KeQIK7G2bv","source":"Twitter","lang":"en","possibly_sensitive":false,"author_id":"1255452976673697797","id":"1439894381981417475","created_at":"2021-09-20T10:09:07.000Z"},{"text":"If you are ready to adopt future-ready flexible work policies, get connected with our team at flexworklife@talentcorp.com.my.\n\nRead: https://t.co/VWEYSlurQ4. \n\n#flexibleworkarrangements #workfromhome","in_reply_to_user_id":"300794100","referenced_tweets":[{"type":"replied_to","id":"1439894094323470336"}],"source":"Twitter for iPhone","lang":"en","possibly_sensitive":false,"author_id":"300794100","id":"1439894123452911616","created_at":"2021-09-20T10:08:05.000Z"},{"text":"Good Morning Everyone\nLet me help you with your foodstuffs shopping and deliver to your doorstep. Please contact me, Lagos #Food #lagos #ikeja #mom #WorkFromHome #workingmom #busy #busymom #Entrepreneur #delivery #errand https://t.co/MpNfITPKA4","source":"Twitter for Android","lang":"en","possibly_sensitive":false,"author_id":"1859832709","id":"1439893458773291009","created_at":"2021-09-20T10:05:27.000Z"},{"text":"Discover how you can make a full-time income from the comfort of your own home and never\nworry about money again...  HERE: https://t.co/dOiX0kQj9m &lt;---- #makemoneyonline #makemoneyonlinefree #makemoneyonlinenow #makemoneyfromhome #workfromhome #onlinebusiness #entrepreneur https://t.co/Nj4xDf0f0S","source":"Post Planner Inc.","lang":"en","possibly_sensitive":true,"author_id":"3104626855","id":"1439893378490011650","created_at":"2021-09-20T10:05:08.000Z"},{"text":"Have you checked your #heatingoil tank level as it could be lower than you think\n\nToday's average UK Distributor price is 46.80ppl (after adj) average broker price is 47.99ppl\n\n#heatingoilquotes from https://t.co/urxB7bi1WG compare \nthen order\n\n#WorkFromHome #cheapheatingoil https://t.co/FYWzBQi81O","source":"Twitter Web App","lang":"en","possibly_sensitive":false,"author_id":"709652491","id":"1439893309942603789","created_at":"2021-09-20T10:04:51.000Z"},{"text":"RT @PlanndesignInfo: Comfortable seating while working from home is the topmost priority. Well, If you are on the hunt for these #ergonomic…","referenced_tweets":[{"type":"retweeted","id":"1439892263014907905"}],"source":"Twitter Web App","lang":"en","possibly_sensitive":false,"author_id":"1362654582690648065","id":"1439893228635844612","created_at":"2021-09-20T10:04:32.000Z"},{"text":"Comfortable seating while working from home is the topmost priority. Well, If you are on the hunt for these #ergonomic #chairs, you must read this #article right away!!\n#workfromhome #homeoffice #workingfromhome #workfromhomelife #workplace \nhttps://t.co/2oXMFQ9wvk https://t.co/ehH0pY02F3","source":"Buffer","lang":"en","possibly_sensitive":false,"author_id":"2431651411","id":"1439892263014907905","created_at":"2021-09-20T10:00:42.000Z"},{"text":"✅Claves para el Éxito del #Teletrabajo a Largo Plazo\uD83D\uDC69‍\uD83D\uDCBB\n#digitalnomad #freelancer #coworking #workfromhome #workfromanywhere #yomequedoencasa #quedateencasa #design #webdesign #freelance #remotework #freelancelife #programming https://t.co/Czr0l5Avx2","source":"BlogsterApp","lang":"es","possibly_sensitive":false,"author_id":"936235920","id":"1439892172724129792","created_at":"2021-09-20T10:00:20.000Z"},{"text":"Get ready for #remote #job as PYTHON DEVELOPER for SpotOn Connections. https://t.co/b459z9SfTS #workfromhome #hiring #remotejob #remotework #it #security","source":"Remote Jobs Vault","lang":"en","possibly_sensitive":false,"author_id":"1101143848397418496","id":"1439892098686324743","created_at":"2021-09-20T10:00:02.000Z"},{"text":"How To Make Money With Affiliate Marketing For Beginners\nHERE: https://t.co/YS0nwGxEd9 &lt;--- #makemoneyonline #makemoneyonlinefree #makemoneyonlinenow #makemoneyfromhome #workfromhome #onlinebusiness #entrepreneur #affiliatemarketing #residualincome #money #businessopportunity https://t.co/j3ucazSYOa","source":"Post Planner Inc.","lang":"en","possibly_sensitive":true,"author_id":"3104626855","id":"1439892093585944579","created_at":"2021-09-20T10:00:01.000Z"},{"text":"RT @QAValley: Future Focused: The 2021 Cybersecurity Landscape\nhttps://t.co/fEcw0aZUMc   #CyberSecurity #COVID19 #WorkFromHome #CyberAttack…","referenced_tweets":[{"type":"retweeted","id":"1439869438409551875"}],"source":"Cyber Security Feed","lang":"en","possibly_sensitive":false,"author_id":"1131854274223366144","id":"1439891739473547264","created_at":"2021-09-20T09:58:37.000Z"},{"text":"Disconnect from the people who are holding you back, telling you that you can't do it.\n#bitcoin #investment #crypto #workfromhome #money #makingmoney #cryptotrading https://t.co/Y2ZUU3Ji46","source":"Twitter for Android","lang":"en","possibly_sensitive":false,"author_id":"1177981410231164931","id":"1439891497155956738","created_at":"2021-09-20T09:57:39.000Z"},{"text":"Tips for those who are looking to build their own little creative haven https://t.co/cN0TOLYH4R #office freelance workfromhome #desk","source":"SocialOomph","lang":"en","possibly_sensitive":false,"author_id":"903212286260760576","id":"1439891340763049985","created_at":"2021-09-20T09:57:02.000Z"},{"text":"This is amazing, first payment of the week, congratulations Mr maxwell for trusting my mentorship Process and also for sending me your successful feedback..\n#bitcoin #investment #crypto #workfromhome #money #makingmoney #cryptotrading https://t.co/Ol14yyu5fQ","source":"Twitter for Android","lang":"en","possibly_sensitive":false,"author_id":"1177981410231164931","id":"1439891199758938113","created_at":"2021-09-20T09:56:28.000Z"},{"text":"RT @noeynoey3659: สายช็อกโกแลต ต้องไม่พลาด อันละ 35฿ เท่านั้น !! อยู่บ้าน #WorkFromHome ช่วง #โควิด บางคนอยู่บ้านลุ้น #หวยรัฐบาลไทย หรือจะ…","referenced_tweets":[{"type":"retweeted","id":"1438339979927638022"}],"source":"Twitter for Android","lang":"th","possibly_sensitive":false,"author_id":"855115965306085377","id":"1439891187171663874","created_at":"2021-09-20T09:56:25.000Z"},{"text":"With #remoteworking as the norm, corporations need to make #workfromhome accessible and #inclusive. How can #remotework be achieved for employees with impairments? Advancing #technologies may be the answer. #inclusivity #inclusion #technology #tech \n\nhttps://t.co/Q0wOq22Spy","source":"Twitter Web App","lang":"en","possibly_sensitive":false,"author_id":"144494566","id":"1439890955121807364","created_at":"2021-09-20T09:55:30.000Z"},{"text":"How are we all this Monday morning? Summarise your mood in a gif!\n\n#MondayMorning #beforecoffee #Mondayvibes #MondayMood #Mondayblues #HorrorCommunity #HorrorFan @PromoteHorror @PromotionHorror #morningvibes #morningcoffee #WorkFromHome #WorkLifeBalance #moodoftheday https://t.co/oFVfscHHaQ","source":"Twitter for iPhone","lang":"en","possibly_sensitive":false,"author_id":"1408457448034344962","id":"1439890855163318272","created_at":"2021-09-20T09:55:06.000Z"},{"text":"(Start HERE): https://t.co/Rsb4h3JP2k &lt;--- #makemoneyonline #makemoneyonlinefree #makemoneyonlinenow #makemoneyfromhome #workfromhome #onlinebusiness #entrepreneur #affiliatemarketing #residualincome #money #businessopportunity #homebusiness  #makemoneyonlinefast #love https://t.co/vQPPvYssh6","source":"Post Planner Inc.","lang":"en","possibly_sensitive":true,"author_id":"3104626855","id":"1439890847512678400","created_at":"2021-09-20T09:55:04.000Z"},{"text":"Learn one beautiful new international word today! Follow for a daily inspirational word.\nhttps://t.co/LMCCIChFWK \n#words #indianwriters #workfromhome #quotes #wordsofwisdom #quotestagram #quotesaboutlife #talent #writerscommunity #instagood #daily #poetrycommunity #LifeLessons https://t.co/IWOSw9thuv","source":"TweetDeck","lang":"en","possibly_sensitive":false,"author_id":"1405209435782324224","id":"1439890829326360579","created_at":"2021-09-20T09:55:00.000Z"},{"text":"ડેડ બટ સિન્ડ્રોમ : વર્ક ફ્રોમ હોમમાં એકની એક જગ્યાએ ચોંટીને કામ કરતા હો તો ચેતી જજો, આ બીમારીનો બનશો ભોગ, જાણો તેનાથી બચવા શું કરવું?\nhttps://t.co/kvfCNYsxjj\n\n#Health | #LifeStyle | #WorkFromHome","source":"Twitter Web App","lang":"gu","possibly_sensitive":false,"author_id":"104521047","id":"1439890258296860672","created_at":"2021-09-20T09:52:44.000Z"},{"text":"Ini nih salah satu kuncinya kenapa Kerjoo bisa diakses secara fleksibel tanpa terhalang oleh batasan ruang dan waktu. \n\nSegera dapatkan aplikasi Kerjoo dengan klik link yang ada di bio ya!\n\n#WorkFromHome\n#Apresiasi\n#AplikasiKerjoo\n#AmazonWebServices https://t.co/Ul2kdlRUYX","source":"Twitter Web App","lang":"in","possibly_sensitive":false,"author_id":"1349758542421450754","id":"1439889490332438547","created_at":"2021-09-20T09:49:41.000Z"},{"text":"RT @BlockditApp: รู้จัก Burnout Boreout Brownout ภาวะเบื่องาน ที่คนยุคนี้กำลังเผชิญ\n\n[THE BRIEFCASE]\n\nhttps://t.co/SMrzCrObUg\n\n#WorkFromHom…","referenced_tweets":[{"type":"retweeted","id":"1439608024369303553"}],"source":"Twitter for iPhone","lang":"und","possibly_sensitive":false,"author_id":"144767286","id":"1439889472473030657","created_at":"2021-09-20T09:49:36.000Z"},{"text":"Who Else Wants FREE Cash-Generating Websites Every Month, That (Each! ) Pay Up To $100 Daily? Join https://t.co/FILsolugNI #workfromhome #earnonline #makemoneyonline #usa https://t.co/5naYLxQiSV","source":"IFTTT","lang":"en","possibly_sensitive":false,"author_id":"883522079101902850","id":"1439889467683246080","created_at":"2021-09-20T09:49:35.000Z"},{"text":"RT @MC11RTA: 8  : 8 : 8 คืออะไร? \n\nที่มา : #NTplc\n#WorkFromHome #ไทยรู้สู้โควิด https://t.co/KfMPnFewqB","referenced_tweets":[{"type":"retweeted","id":"1439250837193166848"}],"source":"Twitter for Android","lang":"th","possibly_sensitive":false,"author_id":"1398242390649970689","id":"1439889460989104135","created_at":"2021-09-20T09:49:34.000Z"},{"text":"Senior Full Stack PHP/JS Developer for open source web analytics platform Matomo at InnoCraft () (allows remote) https://t.co/sJQ81RELH0 #remotejobs #jobs #nomad #workfromhome #digitalnomad #newjobs","source":"Hootsuite Inc.","lang":"en","possibly_sensitive":false,"author_id":"1195081084230414339","id":"1439888810083594242","created_at":"2021-09-20T09:46:58.000Z"},{"text":"New #remote #job Community Facilitator, Movement Strategy and Governance - Japanese Language (Contractor, 20 hrs/week) at @wikipedia\nhttps://t.co/QAa0XZx7Il\n#remotework #vacancy #remotejob #hiring #workfromhome","source":"WantRemote","lang":"en","possibly_sensitive":false,"author_id":"890543333386354688","id":"1439888324383100936","created_at":"2021-09-20T09:45:03.000Z"},{"text":"RT @CoolMustHaves: How To Make Money Blogging From Home - Affiliate Working Online - https://t.co/Gqb38eCj7K Got a blog and want to make mo…","referenced_tweets":[{"type":"retweeted","id":"1438519939556540420"}],"source":"Twitter Web App","lang":"en","possibly_sensitive":false,"author_id":"2836703082","id":"1439888241876865031","created_at":"2021-09-20T09:44:43.000Z"},{"text":"RT @IDCMEA: #Reskilling, #upskilling or letting go off the employees #workfromhome #workfromanywhere #online | Dr. Jihad Mohaidat, @HCT_UAE…","referenced_tweets":[{"type":"retweeted","id":"1439886916183379969"}],"source":"Twitter Web App","lang":"en","possibly_sensitive":false,"author_id":"329579489","id":"1439887588198920196","created_at":"2021-09-20T09:42:07.000Z"}],"meta":{"newest_id":"1439903351076900868","oldest_id":"1439887588198920196","result_count":100,"next_token":"b26v89c19zqg8o3fpdpa1dfnk2dvmq0moc8tqt74m8ltp"}}