{"data":[{"text":"How We helped tailors during pandemic by leveraging  #WorkFromHome opportunities to our all #tailors in #COVID19 to #covid2021 #pandemic #startups #Jobs https://t.co/n6d56TNZVc","source":"Twitter for iPhone","lang":"en","possibly_sensitive":false,"author_id":"1129284603003334656","id":"1439950345715683328","created_at":"2021-09-20T13:51:30.000Z"},{"text":"RT @BlockditApp: ทำงานอยู่บ้านเพลินๆ กินวันละ 3 แก้วแบบลืมตัว มาเช็กกันหน่อย ในหนึ่งวันโดนกันไปคนละกี่แคลฯ\n\n[อยู่เย็นเป็นสุข]\n\nhttps://t.co…","referenced_tweets":[{"type":"retweeted","id":"1439880325144793090"}],"source":"Twitter for Android","lang":"th","possibly_sensitive":false,"author_id":"1185600964297773058","id":"1439950299976777729","created_at":"2021-09-20T13:51:19.000Z"},{"text":"#networkmarketers#nonlinebusiness#networkmarketing#workfromhome#mlm#workonline#homebusiness#businessowner#parttime https://t.co/GMDPCBsJrW","source":"Greatly Social","lang":"en","possibly_sensitive":false,"author_id":"1109554750851293184","id":"1439949967393574921","created_at":"2021-09-20T13:49:59.000Z"},{"text":"Discover 7 Ways To Create A Passive Income for Life: Work Less, Earn More, And Escape The Rat Race!  Join https://t.co/vJjLYaE3oo #workfromhome #earnonline #makemoneyonline #usa https://t.co/Sw0B9QEAB5","source":"IFTTT","lang":"en","possibly_sensitive":false,"author_id":"883522079101902850","id":"1439949846950068227","created_at":"2021-09-20T13:49:31.000Z"},{"text":"Daily coworker photo: election day disapproval face \n#WorkFromHome #cats https://t.co/POe89vdI8p","in_reply_to_user_id":"70798741","referenced_tweets":[{"type":"replied_to","id":"1438879572188037127"}],"source":"Twitter for iPhone","lang":"en","possibly_sensitive":false,"author_id":"70798741","id":"1439949744621580294","created_at":"2021-09-20T13:49:06.000Z"},{"text":"RT @WestechConnect: Speak Tech with the experts\nhttps://t.co/xJFPguPm2q\n#support #technology #Microsoft #Apple #remotework #WorkFromHome #m…","referenced_tweets":[{"type":"retweeted","id":"1439948711124246534"}],"source":"Twitter","lang":"en","possibly_sensitive":false,"author_id":"1306247109423792135","id":"1439948908860485636","created_at":"2021-09-20T13:45:47.000Z"},{"text":"Speak Tech with the experts\nhttps://t.co/xJFPguPm2q\n#support #technology #Microsoft #Apple #remotework #WorkFromHome #money #BusinessNews #mondaythought #CyberSecurity #Cloud #computing #consumer #strategy #reponse #leaders #experts  #azure #security #cloudsecurity #TechnoSupport https://t.co/iRJ8r5JN9Y","source":"Twitter Web App","lang":"en","possibly_sensitive":false,"author_id":"4873277679","id":"1439948711124246534","created_at":"2021-09-20T13:45:00.000Z"},{"text":"Don't just learn to learn. Take what you've learned and implement something. - https://t.co/nRvdG9lFEI #workfromhome https://t.co/O0Nb3O25r8","source":"The Social Jukebox","lang":"en","possibly_sensitive":false,"author_id":"2302029086","id":"1439948003163398155","created_at":"2021-09-20T13:42:11.000Z"},{"text":"RT @CoolMustHaves: New Decade a New Start - Affiliate Working Online - https://t.co/yR6UJbnIaf Create an exciting future by starting an onl…","referenced_tweets":[{"type":"retweeted","id":"1439929942922469385"}],"source":"Twitter Web App","lang":"en","possibly_sensitive":false,"author_id":"310646942","id":"1439947861697961984","created_at":"2021-09-20T13:41:37.000Z"},{"text":"Everyone has different workspace preferences, which is why we design office spaces that are unique to you and your business. \uD83D\uDE04 What's your office must have? \n\n#officedesign #officefurniture #knoxvillebusiness #workplacedesign #workfromhome https://t.co/K799kZfRii","source":"ContentCal Studio","lang":"en","possibly_sensitive":false,"author_id":"1294308338570854406","id":"1439947713194479617","created_at":"2021-09-20T13:41:02.000Z"},{"text":"Make every day feel like #TGIF with this https://t.co/ECh4XT1ApT #BeYourOwnBoss #WorkFromHome","source":"SocialPilot.co","lang":"en","possibly_sensitive":false,"author_id":"21051643","id":"1439947635650138119","created_at":"2021-09-20T13:40:43.000Z"},{"text":"No matter whether your business is planning to fully transition to remote operations or you are blending remote work &amp; in-office, setting up remote operations strategically is the key to your success. \n\nhttps://t.co/rEQv6ATJfJ\n\n#remoteaccess #workfromhome #remotework https://t.co/sOBpNZY0JS","source":"Semrush Social Media Tool","lang":"en","possibly_sensitive":false,"author_id":"1176250250","id":"1439947451788636166","created_at":"2021-09-20T13:40:00.000Z"},{"text":"The New Security Demands Of A Hybrid Work Environment #HybridWorkEnvironment #TeamMembers #Covid19 #Telecommuting #WorkFromHome #VPN #DataPrivacyRisk \nhttps://t.co/fKUzC35xC0","source":"Twitter Web App","lang":"en","possibly_sensitive":false,"author_id":"415820814","id":"1439947343680446475","created_at":"2021-09-20T13:39:34.000Z"},{"text":"Contact me on WhatsApp to get more information by clicking the link in the bio\n\nhttps://t.co/iLRViCY12t\n\n#TheRisingMagnates #workfromhome #covid #w #entrepreneur #staysafe #business #lockdown #success #work #homeoffice #newnormal #onlinebusiness #smallbusiness #workfromhomelife https://t.co/ciXyJbrNx4","source":"Twitter for Android","lang":"en","possibly_sensitive":false,"author_id":"37464480","id":"1439946967686074373","created_at":"2021-09-20T13:38:04.000Z"},{"text":"New Microsoft Study of 60000 Employees: Remote Work Threatens Long-Term Innovation\n\n#wfh #workfromhome #remotework #office #officespace #business #backtowork #thenewnormal #newnormal https://t.co/1QH3ICIscA","source":"Buffer","lang":"en","possibly_sensitive":false,"author_id":"2279552623","id":"1439946798068649988","created_at":"2021-09-20T13:37:24.000Z"},{"text":"RT @BlockditApp: ทำงานอยู่บ้านเพลินๆ กินวันละ 3 แก้วแบบลืมตัว มาเช็กกันหน่อย ในหนึ่งวันโดนกันไปคนละกี่แคลฯ\n\n[อยู่เย็นเป็นสุข]\n\nhttps://t.co…","referenced_tweets":[{"type":"retweeted","id":"1439880325144793090"}],"source":"Twitter for iPhone","lang":"th","possibly_sensitive":false,"author_id":"1290681956","id":"1439946717571338242","created_at":"2021-09-20T13:37:05.000Z"},{"text":"I’m not vibing with USB-C. #technologyissues #iPadPro #WorkFromHome","source":"Twitter for iPhone","lang":"en","possibly_sensitive":false,"author_id":"89489823","id":"1439946668229763080","created_at":"2021-09-20T13:36:53.000Z"},{"text":"@Fortinet and @Linksys today announced a new joint solution to enable enterprise organisations to support and secure #WorkFromHome networks.\nRead more: https://t.co/szphliwemH\n.","in_reply_to_user_id":"13967482","source":"Twitter Web App","lang":"en","possibly_sensitive":false,"author_id":"37404393","id":"1439946375362334720","created_at":"2021-09-20T13:35:43.000Z"},{"text":"Style for new moms. Javnet Group https://t.co/5AVmq43XzO #bags #business #fashion #moms #shapewear #wallets #womenaccessories #workfromanywhere #workfromhome https://t.co/wajrNNzIEf","source":"SocialRabbit Plugin","lang":"en","possibly_sensitive":false,"author_id":"1102828327683964928","id":"1439946230096924677","created_at":"2021-09-20T13:35:08.000Z"},{"text":"RT @WAHMRevolution: I've found numerous ways to bring in extra cash and save money, as well as a number of home business opportunities that…","referenced_tweets":[{"type":"retweeted","id":"1439810106443640837"}],"source":"Twitter for iPhone","lang":"en","possibly_sensitive":false,"author_id":"1415096137451704324","id":"1439946221024595970","created_at":"2021-09-20T13:35:06.000Z"},{"text":"RT @DublinLive: Thousands of workers in Dublin city are returning to offices from today as #COVID19 restrictions are eased\n\n#covid19ireland…","referenced_tweets":[{"type":"retweeted","id":"1439937390228000781"}],"source":"Retweet Bot McBotson","lang":"en","possibly_sensitive":false,"author_id":"1237302774477529088","id":"1439946106742480898","created_at":"2021-09-20T13:34:39.000Z"},{"text":"For Anyone Who Wants To Start A Profitable Online Business But Doesn’t Know Where To Begin! ~ https://t.co/70n3NhtLpG  #WorkFromHome https://t.co/lzbL5ad0L4","source":"The Social Jukebox","lang":"en","possibly_sensitive":false,"author_id":"39485323","id":"1439945827041021954","created_at":"2021-09-20T13:33:32.000Z"},{"text":"(Senior) Full Stack Engineer (f/m/d) at CoachHub GmbH () (allows remote) https://t.co/jUeIcEOzYo #remotejobs #jobs #nomad #workfromhome #digitalnomad #newjobs","source":"Hootsuite Inc.","lang":"en","possibly_sensitive":false,"author_id":"1195081084230414339","id":"1439945394235056128","created_at":"2021-09-20T13:31:49.000Z"},{"text":"Zoom is one of the most popular video conferencing applications. Learn how to host user conferences, executive briefing centers, customer and prospect events, webinars, training sessions virtually over Zoom  #workfromhome\nhttps://t.co/zQJp1QUJnL\n-\n#technology #covid19 https://t.co/D9nFZvllJz","source":"Constant Contact - Social Posts","lang":"en","possibly_sensitive":false,"author_id":"102807989","id":"1439945031943589892","created_at":"2021-09-20T13:30:23.000Z"},{"text":"Click the link and connect with me on \n\nWhatsApp. https://t.co/w83YtMIbkG\n\n#TheRisingMagnates #businessopportunity #businessowner #workfromhome #money #success #businessowner #financialfreedom #makemoney #entrepreneurlifestyle #onlinebusiness #beyourownboss #extraincome https://t.co/BE2bFI52DG","source":"Hootsuite Inc.","lang":"en","possibly_sensitive":false,"author_id":"487082465","id":"1439944961156341766","created_at":"2021-09-20T13:30:06.000Z"},{"text":"New day, new week, new opportunity to crush those goals. Have a great week everyone!! \n\n#virtualassistant #virtualassistantservices #va #entrepreneur #smallbusiness #workfromhome #business #womeninbusiness #administrativeassistant #virtualassistantforhire #virtualassistants","source":"Twitter Web App","lang":"en","possibly_sensitive":false,"author_id":"1417918823198609410","id":"1439944938179874817","created_at":"2021-09-20T13:30:00.000Z"},{"text":"Piper seems to think she always needs to watch over me while I work. #cat #workfromhome https://t.co/cj5M35H7d7","source":"Twitter for iPhone","lang":"en","possibly_sensitive":false,"author_id":"1192450400949088257","id":"1439944696340619264","created_at":"2021-09-20T13:29:03.000Z"},{"text":"Our team is always growing! We love taking on placement students!\n\nNext up on Meet the team Monday's is Joshua ...\n\nSwipe to read about him and his fun facts!\n\n#stopscrolling #workfromhome #digitalbreak #screentimelimits #educational #sleepwellness #unplug #facts #meettheteam https://t.co/V3idCMehen","source":"Twitter for iPhone","lang":"en","possibly_sensitive":false,"author_id":"1182765340746498050","id":"1439944543772758018","created_at":"2021-09-20T13:28:26.000Z"},{"text":"Orbit Youtube Training https://t.co/bxzjRLpSA5 #videomarketing #youtube #marketing #emailmarketing  #socialmediamarketing #makemoneyonline #entrepreneur #success #WorkFromHome #videoreviews https://t.co/Fi9iK7PhIT","source":"Social Post Magic, GoJeo Pty Ltd","lang":"en","possibly_sensitive":false,"author_id":"23340858","id":"1439944451833712640","created_at":"2021-09-20T13:28:04.000Z"},{"text":"Vendimet e marra me nxitim nuk sjellin asnjehere gjera pozitive. \n\nPo ju cfare do te shtonit ne liste?\n- Komentoni me poshte \uD83E\uDD70 \n\n.\n.\n.\n#vendimet #decisionmaking #decisions #takedecision #changelife #takeaction #workhard #opportunity #workfromhome #motivation #workingwoman https://t.co/H1FgcIJJb2","source":"PromoRepublic","lang":"und","possibly_sensitive":false,"author_id":"4820891447","id":"1439944437698809861","created_at":"2021-09-20T13:28:01.000Z"},{"text":"Less than £10.00 per week, our virtual tenancy packages are the best, call us on 01603 - 358245 for more info.\n#virtualtenancy #workfromhome #selfemployed #smallbusinessowners https://t.co/Umw7uV9D5u","source":"Twitter Web App","lang":"en","possibly_sensitive":false,"author_id":"1329376905393557504","id":"1439943833484201985","created_at":"2021-09-20T13:25:37.000Z"},{"text":"COVID-19 has been a game-changer for workplaces across the globe and the way we work. But what will the future workplace look like – back to the office, home office, hybrid or work-from-anywhere? \uD83D\uDC49https://t.co/G6Fnnoxpqn #WorkFromHome https://t.co/VeGzpZM8cn","source":"Hootsuite Inc.","lang":"en","possibly_sensitive":false,"author_id":"955472167797436416","id":"1439943302971854848","created_at":"2021-09-20T13:23:30.000Z"},{"text":"The following is a list of 60 companies that hire work at home general transcriptionists. #workathome #workfromhome #jobs #moms #momlife #workathomejobs #jobsearch #hiring #hiringnow https://t.co/1tJ983KYEf via @WAHMRevolution","source":"IFTTT","lang":"en","possibly_sensitive":false,"author_id":"802537708052738048","id":"1439942884648759300","created_at":"2021-09-20T13:21:51.000Z"},{"text":"Earn Money Online Staring Your personal Online Business Partenering With Anthony Join https://t.co/Cz82tQAe0y #makemoneyonline #workfromhome #earnonline #internetmarketing #usa https://t.co/VbrpShuRLi","source":"IFTTT","lang":"en","possibly_sensitive":false,"author_id":"1417402360268156931","id":"1439942609129119745","created_at":"2021-09-20T13:20:45.000Z"},{"text":"WorkAnswers has put together some helpful content on designing a remote worker policy to help you move into the new era of work, with the peace of mind that you have everything covered.\n\nFind out more here: https://t.co/HnX15IrGdY \n\n#WorkFromHome #RemoteWorker #Policy","source":"Hootsuite Inc.","lang":"en","possibly_sensitive":false,"author_id":"61231517","id":"1439942443961667590","created_at":"2021-09-20T13:20:06.000Z"},{"text":"Leidinggevenden zijn, nog meer dan anders, sleutelfiguren in een hybride werkorganisatie. De experts in onze Acerta Podcast geven nuttige tips voor geslaagd flexwerken. \n#telewerk #workfromhome #flexibelwerk https://t.co/rWOTXKMoTG","source":"Twitter Web App","lang":"nl","possibly_sensitive":false,"author_id":"835893850136850432","id":"1439942235961937929","created_at":"2021-09-20T13:19:16.000Z"},{"text":"RT @QAValley: Future Focused: The 2021 Cybersecurity Landscape\nhttps://t.co/fEcw0aZUMc   #CyberSecurity #COVID19 #WorkFromHome #CyberAttack…","referenced_tweets":[{"type":"retweeted","id":"1439869438409551875"}],"source":"jayeshthakur","lang":"en","possibly_sensitive":false,"author_id":"190097582","id":"1439942099588190215","created_at":"2021-09-20T13:18:44.000Z"},{"text":"@mannedear @VijayGopal_ @jayesh_ranjan https://t.co/ump8bXcVu5\n\nKnow the truth #WuhanVirus #WuhanLabLeak \n\nRequesting to the people of #India, Don't underestimate #Covid_19 #COVID19 #COVID at any cost. #WorkFromHome\n\n#AndhraPradesh #Bengaluru #Chennai #Delhi #Hyderabad #Kolkata #Mumbai #Secunderabad #Telangana","in_reply_to_user_id":"162308278","referenced_tweets":[{"type":"replied_to","id":"1439880812288118794"}],"source":"Twitter for Android","lang":"en","possibly_sensitive":false,"author_id":"1289190227827802116","id":"1439942026129141764","created_at":"2021-09-20T13:18:26.000Z"},{"text":"2.38 TB of data used .. and it's 20th of September #internet #WorkFromHome https://t.co/rg6sjd7SNx","source":"Twitter for iPhone","lang":"en","possibly_sensitive":false,"author_id":"808688597708718080","id":"1439941980117737475","created_at":"2021-09-20T13:18:15.000Z"},{"text":"In 2021 all people and places need access to telework.\n\n@SaNebular \n\n#telework #accessibility #remotework #WorkFromHome #2021 #explorepage","source":"Twitter Web App","lang":"en","possibly_sensitive":false,"author_id":"1428337774885842948","id":"1439941635316518914","created_at":"2021-09-20T13:16:53.000Z"},{"text":"Making $100 multiple times daily has never been this easy!!\uD83D\uDC49\uD83C\uDFFC https://t.co/jHl24kjdW2 #workfromhome #dailyincome","source":"IFTTT","lang":"en","possibly_sensitive":false,"author_id":"519927539","id":"1439941435457998853","created_at":"2021-09-20T13:16:05.000Z"},{"text":"New #remote #job Sales Enablement Manager at @AirbaseHQ\nhttps://t.co/zqWdJxnYCP\n#vacancy #remotejob #workfromhome","source":"WantRemote","lang":"fr","possibly_sensitive":false,"author_id":"890543333386354688","id":"1439941178460418050","created_at":"2021-09-20T13:15:04.000Z"},{"text":"Mobile Developer (Kotlin/Android) at Hubstaff () (allows remote) https://t.co/pNiIn4ADUF #remotejobs #jobs #nomad #workfromhome #digitalnomad #newjobs","source":"Hootsuite Inc.","lang":"en","possibly_sensitive":false,"author_id":"1195081084230414339","id":"1439941091860561925","created_at":"2021-09-20T13:14:43.000Z"},{"text":"RT @hanluthfyy: Prudential telah sediakan pelan mampu milik sempena RMO \uD83C\uDFE5,\n\nDisamping itu, FREE pampasan RM5,000 TANPA TEMPOH menunggu seki…","referenced_tweets":[{"type":"retweeted","id":"1244533116623974400"}],"source":"Twitter for iPhone","lang":"in","possibly_sensitive":false,"author_id":"1974332910","id":"1439941090002432011","created_at":"2021-09-20T13:14:43.000Z"},{"text":"Get amazing deals &amp; offers on Brand Refurbished Dell laptops only at Electronics Bazaar. Visit our website: https://t.co/xn5TxrThgS\n\n#brand #refurbished #workfromhome #costeffective #dell #laptops #electronicsbazaar #computerscience #sale #offers https://t.co/9FNoja5TbS","source":"Twitter for Android","lang":"en","possibly_sensitive":false,"author_id":"2783907475","id":"1439941078258315272","created_at":"2021-09-20T13:14:40.000Z"},{"text":"Mobile Developer (iOS/Swift) at Hubstaff () (allows remote) https://t.co/vJTR3MDMCn #remotejobs #jobs #nomad #workfromhome #digitalnomad #newjobs","source":"Hootsuite Inc.","lang":"en","possibly_sensitive":false,"author_id":"1195081084230414339","id":"1439940810527723522","created_at":"2021-09-20T13:13:36.000Z"},{"text":"RT @GlenGilmore: On average, people want to #workfromhome 2.5 days a week. \n\nDiscover the full findings here: https://t.co/F0smiXDGIx @wef…","referenced_tweets":[{"type":"retweeted","id":"1439678819133181958"}],"source":"Twitter Web App","lang":"en","possibly_sensitive":false,"author_id":"768923983563591680","id":"1439940787026993154","created_at":"2021-09-20T13:13:31.000Z"},{"text":"RT @ashraf890251: https://t.co/UpJemjCbkG\n#Fiverr #fiverrgigs #Australia #USA #Europe #Japan #DigitalMarketing #DigitalTransformation #mark…","referenced_tweets":[{"type":"retweeted","id":"1439940479303536643"}],"source":"Twitter for Android","lang":"und","possibly_sensitive":false,"author_id":"2320986949","id":"1439940634073346050","created_at":"2021-09-20T13:12:54.000Z"},{"text":"https://t.co/UpJemjCbkG\n#Fiverr #fiverrgigs #Australia #USA #Europe #Japan #DigitalMarketing #DigitalTransformation #market #Marketing #socialmedia #SriLanka #LinkedIn #Facebook #Twitter #Pinterest #Trending #jobsearch #Job #Indeed #freelancers #WorkFromHome #instagram","source":"Twitter for Android","lang":"und","possibly_sensitive":false,"author_id":"2320986949","id":"1439940479303536643","created_at":"2021-09-20T13:12:17.000Z"},{"text":"For more information:\n\uD83D\uDCDECall 800-INDUS (46387)\n✅Whatsapp https://t.co/3uu5pWSysR\n\uD83C\uDF0EVisit https://t.co/Z3kCohx39o\n\n#Damac #DUO #villas #townhouses #luxury #2in1 #workfromhome #newhome #home #enquirenow #callus #indus #indusrealestate #Dubai #UAE \n\n(RPN: 42949)","in_reply_to_user_id":"975428113","referenced_tweets":[{"type":"replied_to","id":"1439940355516997637"}],"source":"Twitter Web App","lang":"en","possibly_sensitive":false,"author_id":"975428113","id":"1439940373984522249","created_at":"2021-09-20T13:11:52.000Z"},{"text":"Make Extra Money | Make Money Online. Learn To Make Money Online With Our List Of Legit Ways You Can Start Earning Today. \nClick Here For More Info:\nhttps://t.co/SdiO1Ldfge\n#MakeExtraMoney #WorkFromHome #MakeMoneyOnline\n#RealEstate #Sales #Business #Marketing","source":"SocialPilot.co","lang":"en","possibly_sensitive":false,"author_id":"17282261","id":"1439939995893121033","created_at":"2021-09-20T13:10:22.000Z"},{"text":"RT @addy_fu: Chair ELLY - aesthetic and healthy choice\n \n#moderndesign #OfficeSpace #workspace #furnituredesign #officefurniture #manufactu…","referenced_tweets":[{"type":"retweeted","id":"1439932193330053124"}],"source":"Modern Design Bot","lang":"en","possibly_sensitive":false,"author_id":"951943786065776645","id":"1439939778158415884","created_at":"2021-09-20T13:09:30.000Z"},{"text":"RT @AppsUnify: Future Focused: The 2021 Cybersecurity Landscape\nhttps://t.co/PcUkTGoRg4   #CyberSecurity #COVID19 #WorkFromHome #CyberAttac…","referenced_tweets":[{"type":"retweeted","id":"1439897120631365637"}],"source":"Twitter","lang":"en","possibly_sensitive":false,"author_id":"3064146644","id":"1439939444065415171","created_at":"2021-09-20T13:08:10.000Z"},{"text":"RT @AppsUnify: Future Focused: The 2021 Cybersecurity Landscape\nhttps://t.co/PcUkTGoRg4   #CyberSecurity #COVID19 #WorkFromHome #CyberAttac…","referenced_tweets":[{"type":"retweeted","id":"1439897120631365637"}],"source":"jayeshthakur","lang":"en","possibly_sensitive":false,"author_id":"190097582","id":"1439939419339837440","created_at":"2021-09-20T13:08:05.000Z"},{"text":"I am also typing from my new mechanical keyboard! They are so loud and I love them! #workfromhome","in_reply_to_user_id":"58420925","referenced_tweets":[{"type":"replied_to","id":"1439935385589588013"}],"source":"Twitter Web App","lang":"en","possibly_sensitive":false,"author_id":"58420925","id":"1439939355884195840","created_at":"2021-09-20T13:07:49.000Z"},{"text":"RT @trynoice: Find your inner peace by creating ambient sound environments. Get Noice from the Play Store for free!\n\n#calm #chaos #peace #f…","referenced_tweets":[{"type":"retweeted","id":"1439938596987805698"}],"source":"Twitter Web App","lang":"en","possibly_sensitive":false,"author_id":"1091001162247983109","id":"1439938887997030402","created_at":"2021-09-20T13:05:58.000Z"},{"text":"RT @CoolMustHaves: How To Make Money Blogging From Home - Affiliate Working Online - https://t.co/Gqb38eCj7K Got a blog and want to make mo…","referenced_tweets":[{"type":"retweeted","id":"1438519939556540420"}],"source":"Twitter for iPhone","lang":"en","possibly_sensitive":false,"author_id":"3349748933","id":"1439938713656741889","created_at":"2021-09-20T13:05:16.000Z"},{"text":"12 Critical eBooks That are The Keys to Success When Working As a #Freelancer to Rebuild Your Finances Post CV19 Pandemic.\nReview &amp; purchase here: https://t.co/uAqWrJFb9D \n#FreelanceTraining #AdditionalIncome #Freelancing #SkillsTraining #Budgeting #WorkFromHome @FrelanceWkGuide https://t.co/qXcoMqoXXa","source":"Sendible","lang":"en","possibly_sensitive":false,"author_id":"287285192","id":"1439938705481945088","created_at":"2021-09-20T13:05:14.000Z"},{"text":"How to Get the Most out of a Professional Conference or Seminar \n\nhttps://t.co/Po1Ry2jApF \n #TimeManagement #Productivity, #Organization #VirtualLearning #WorkFromHome #QualityOfLife #WorkLifeBalance #TakeBackControl   #Mindset #Productive #Workspace","source":"Hootsuite Inc.","lang":"en","possibly_sensitive":false,"author_id":"37756723","id":"1439938675677224961","created_at":"2021-09-20T13:05:07.000Z"},{"text":"RT @remotetopc: #RemoteToPC's fast peer-to-peer connection ensures #remotework is done on time and without worries for only $99 per year.…","referenced_tweets":[{"type":"retweeted","id":"1439937398381506560"}],"source":"Twitter Web App","lang":"en","possibly_sensitive":false,"author_id":"1263060270001172480","id":"1439938617246244864","created_at":"2021-09-20T13:04:53.000Z"},{"text":"Find your inner peace by creating ambient sound environments. Get Noice from the Play Store for free!\n\n#calm #chaos #peace #focus #relax #workfromhome #ambience #foss #noice #android #app https://t.co/hvZxhtQUSY","source":"Twitter for Android","lang":"en","possibly_sensitive":false,"author_id":"1439892242269802500","id":"1439938596987805698","created_at":"2021-09-20T13:04:48.000Z"},{"text":"RT @CoolMustHaves: New Decade a New Start - Affiliate Working Online - https://t.co/yR6UJbnIaf Create an exciting future by starting an onl…","referenced_tweets":[{"type":"retweeted","id":"1439929942922469385"}],"source":"Twitter for Android","lang":"en","possibly_sensitive":false,"author_id":"2823696242","id":"1439938545259409410","created_at":"2021-09-20T13:04:36.000Z"},{"text":"SEO Software Unlocks Google Page 1Ranking, Free Buyer Traffic &amp; More SALES For Your Business\nRankr: https://t.co/wHsB3fncw2\n#ramkr #seosoftware #1ranking #WordPress #WorkFromHome #rankrreview #freebuyertraffic #VastInfoHub #google #bing #seo","source":"Twitter Web App","lang":"en","possibly_sensitive":false,"author_id":"1395609340493504512","id":"1439938515811196929","created_at":"2021-09-20T13:04:29.000Z"},{"text":"RT @TechjobApp: \uD83D\uDCE3 #JobAlert\n\n\uD83E\uDDD1‍\uD83D\uDCBB Senior in #dotnet and #csharp\n\uD83C\uDFD9️ Agile Content\n\uD83E\uDE99 $1,493 / m\n\uD83C\uDFE0 #WorkFromHome – Remote\n\nApply now! https://t…","referenced_tweets":[{"type":"retweeted","id":"1439938219039023110"}],"source":"twitter-bot-fab","lang":"en","possibly_sensitive":false,"author_id":"1051649960","id":"1439938435452637186","created_at":"2021-09-20T13:04:10.000Z"},{"text":"RT @Outdefine: Create a checklist of your home office essentials, and remove everything that won't help you become more productive when wor…","referenced_tweets":[{"type":"retweeted","id":"1439938003628007427"}],"source":"twitter-bot-fab","lang":"en","possibly_sensitive":false,"author_id":"1051649960","id":"1439938435444248576","created_at":"2021-09-20T13:04:10.000Z"},{"text":"Actions speak louder than words! Drop a ❤️ in the comments if you agree!\n.\n#atbcenter #allthingsbusinesscenter #freelancer #smallbusiness #workfromhome #freelancejobs #smallbusinessowners #freelancetofreedom #contentwriting #digitalmarketing #contentcreator #saletips #webdesigner https://t.co/7ExHstWRdS","source":"Twitter Web App","lang":"en","possibly_sensitive":false,"author_id":"1169259574790107137","id":"1439938370688409605","created_at":"2021-09-20T13:03:54.000Z"},{"text":"The power of 'power naps' is truly underrated!! \uD83D\uDE34\nThey should be normalized at work. \n\nWhat's say?\n\n#MondayMotivation #MondayBlues #WorkFromHome","source":"Twitter Web App","lang":"en","possibly_sensitive":false,"author_id":"1254272440219230208","id":"1439938272973639682","created_at":"2021-09-20T13:03:31.000Z"},{"text":"RT @Outdefine: Create a checklist of your home office essentials, and remove everything that won't help you become more productive when wor…","referenced_tweets":[{"type":"retweeted","id":"1439938003628007427"}],"source":"Twitter","lang":"en","possibly_sensitive":false,"author_id":"955443550048608257","id":"1439938260537647107","created_at":"2021-09-20T13:03:28.000Z"},{"text":"\uD83D\uDCE3 #JobAlert\n\n\uD83E\uDDD1‍\uD83D\uDCBB Senior in #dotnet and #csharp\n\uD83C\uDFD9️ Agile Content\n\uD83E\uDE99 $1,493 / m\n\uD83C\uDFE0 #WorkFromHome – Remote\n\nApply now! https://t.co/YWpFFPO3qe\n\n#hiring #jobs #technology #software","source":"Twitter","lang":"en","possibly_sensitive":false,"author_id":"1387132635613433857","id":"1439938219039023110","created_at":"2021-09-20T13:03:18.000Z"},{"text":"#influencers #celebrities #contentcreators #workfromhome #makemoneyfromhome #affiliate #affiliatemarketing Check my website for #affiliate #referral #cashback #crypto #shopping #travel #business #dogecoin #bitcoin https://t.co/vBHLD11zwQ","source":"ContentStudio.io","lang":"en","possibly_sensitive":false,"author_id":"617853906","id":"1439938180464136197","created_at":"2021-09-20T13:03:09.000Z"},{"text":"Get out of your comfort zone #workfromhome.\n#marketingdigital #smallbusiness #entrepreneur #linkedin #careers #sales #innovation #business #marketing #leadership #socialmedia #success #india #homeoffice\n\nhttps://t.co/UJCdpwoZhA https://t.co/tLdFUa8RAx","source":"Blog2Social APP","lang":"en","possibly_sensitive":false,"author_id":"1366739219222265859","id":"1439938095596679175","created_at":"2021-09-20T13:02:49.000Z"},{"text":"Create a checklist of your home office essentials, and remove everything that won't help you become more productive when working remotely.\n#WorkFromHome #javascript https://t.co/U3c0MkT0Qg","source":"Twitter Web App","lang":"en","possibly_sensitive":false,"author_id":"1165870356357189633","id":"1439938003628007427","created_at":"2021-09-20T13:02:27.000Z"},{"text":"RT @GlenGilmore: On average, people want to #workfromhome 2.5 days a week. \n\nDiscover the full findings here: https://t.co/F0smiXDGIx @wef…","referenced_tweets":[{"type":"retweeted","id":"1439678819133181958"}],"source":"Twitter for iPhone","lang":"en","possibly_sensitive":false,"author_id":"17463660","id":"1439937891178893314","created_at":"2021-09-20T13:02:00.000Z"},{"text":"RT @BlockditApp: ทำงานอยู่บ้านเพลินๆ กินวันละ 3 แก้วแบบลืมตัว มาเช็กกันหน่อย ในหนึ่งวันโดนกันไปคนละกี่แคลฯ\n\n[อยู่เย็นเป็นสุข]\n\nhttps://t.co…","referenced_tweets":[{"type":"retweeted","id":"1439880325144793090"}],"source":"Twitter for iPad","lang":"th","possibly_sensitive":false,"author_id":"1345760777072857088","id":"1439937812187340800","created_at":"2021-09-20T13:01:41.000Z"},{"text":"RT @CoolMustHaves: New Decade a New Start - Affiliate Working Online - https://t.co/yR6UJbnIaf Create an exciting future by starting an onl…","referenced_tweets":[{"type":"retweeted","id":"1439929942922469385"}],"source":"Twitter Web App","lang":"en","possibly_sensitive":false,"author_id":"762020443373133826","id":"1439937764582203402","created_at":"2021-09-20T13:01:30.000Z"},{"text":"RT @CoolMustHaves: How To Make Money Blogging From Home - Affiliate Working Online - https://t.co/Gqb38eCj7K Got a blog and want to make mo…","referenced_tweets":[{"type":"retweeted","id":"1438519939556540420"}],"source":"Twitter Web App","lang":"en","possibly_sensitive":false,"author_id":"762020443373133826","id":"1439937752485801991","created_at":"2021-09-20T13:01:27.000Z"},{"text":"RT @Ortansx: Register for the @Chaturbate affiliate program and start making money promoting one of the best adult camming sites. https://t…","referenced_tweets":[{"type":"retweeted","id":"1439663310421495811"}],"source":"Twitter for Android","lang":"en","possibly_sensitive":false,"author_id":"1419249558337507330","id":"1439937689755729922","created_at":"2021-09-20T13:01:12.000Z"},{"text":"RT @CoolMustHaves: New Decade a New Start - Affiliate Working Online - https://t.co/yR6UJbnIaf Create an exciting future by starting an onl…","referenced_tweets":[{"type":"retweeted","id":"1439929942922469385"}],"source":"Twitter for Android","lang":"en","possibly_sensitive":false,"author_id":"215686876","id":"1439937678104006659","created_at":"2021-09-20T13:01:09.000Z"},{"text":"How To Dropship And Strengthen Your Brand.\nhttps://t.co/xM3t6mingg\n\n#onlinebusiness #makemoneyonline #homebusiness #workfromhome #shopify #ecommerce","source":"Buffer","lang":"en","possibly_sensitive":false,"author_id":"1974549468","id":"1439937462315462657","created_at":"2021-09-20T13:00:18.000Z"},{"text":"$23/HR Seasonal Production Assistant (Work from Home) https://t.co/LJ1Pn6Sxv5 \nWe are looking for a Seasonal Production Assistant to join our team. In this role,\n#workfromhome #remotejobs https://t.co/sxqjuCMWAl","source":"Buffer","lang":"en","possibly_sensitive":false,"author_id":"15625178","id":"1439937414638841862","created_at":"2021-09-20T13:00:07.000Z"},{"text":"RT @VACafeOnline: You Are Such A Fraud! https://t.co/TjNGwCn4Gi\n\n#virtualassistant #virtuallifestyle #workfromhome #VACafeOnline #mompreneu…","referenced_tweets":[{"type":"retweeted","id":"1085251780513021952"}],"source":"SocialBee.io v2","lang":"en","possibly_sensitive":false,"author_id":"934159163306807296","id":"1439937399417671686","created_at":"2021-09-20T13:00:03.000Z"},{"text":"#RemoteToPC's fast peer-to-peer connection ensures #remotework is done on time and without worries for only $99 per year.\n https://t.co/AlQwr48oTJ  \n#remoteaccesssoftware   #remoteconnection #remoteaccess  #remotetopclogin  #remotedesktop #workfromhome #workanywhere #itservices https://t.co/NkcuCe0Xqh","source":"TweetDeck","lang":"en","possibly_sensitive":false,"author_id":"2802169693","id":"1439937398381506560","created_at":"2021-09-20T13:00:03.000Z"},{"text":"Thousands of workers in Dublin city are returning to offices from today as #COVID19 restrictions are eased\n\n#covid19ireland #WorkFromHome\n\nhttps://t.co/B4fVKlFKg1","source":"TweetDeck","lang":"en","possibly_sensitive":false,"author_id":"4555772415","id":"1439937390228000781","created_at":"2021-09-20T13:00:01.000Z"},{"text":"Get paid $5 per view | No Video Creation needed | View To Profit Bonus\nhttps://t.co/7f85BMvokH\n#viewtoprofit #warriorplus #viewtoprofitbonus #viewtoprofitreview #ihelpyoumakemoneyonline #workfromhome #howtomakemoneyonline #specialoffers #valueformoney #VastInfoHub","source":"Twitter Web App","lang":"en","possibly_sensitive":false,"author_id":"1395609340493504512","id":"1439937381122002945","created_at":"2021-09-20T12:59:59.000Z"},{"text":"Learn one beautiful new international word today! Follow for a daily inspirational word.\nhttps://t.co/LMCCIC04ya \n#words #indianwriters #workfromhome #quotes #wordsofwisdom #quotestagram #quotesaboutlife #talent #writerscommunity #instagood #daily #poetrycommunity #LifeLessons https://t.co/H7MAxJckfx","source":"TweetDeck","lang":"en","possibly_sensitive":false,"author_id":"1405209435782324224","id":"1439937134366900228","created_at":"2021-09-20T12:59:00.000Z"},{"text":"RT @eroticgirly: Chaturbate › accounts\nbroadcaster registration - @Chaturbate\nSignup is easy and free, so you can start earning real money.…","referenced_tweets":[{"type":"retweeted","id":"1439682159086800900"}],"source":"Twitter for Android","lang":"en","possibly_sensitive":false,"author_id":"1419249558337507330","id":"1439937077471240192","created_at":"2021-09-20T12:58:46.000Z"},{"text":"https://t.co/D0ARMCrMFl says many in Wilmington want to work remotely – WHYY https://t.co/JGloahJZty #workfromhome #gigeconomy #freelancing #jobs","source":"IFTTT","lang":"en","possibly_sensitive":false,"author_id":"1329115441260847108","id":"1439936559227228164","created_at":"2021-09-20T12:56:43.000Z"},{"text":"https://t.co/2e4BsQyvqS Proven Ways to Make Money on Facebook – https://t.co/DXO4Uj8lOE https://t.co/pymr8NtOQR #workfromhome #gigeconomy #freelancing #jobs","source":"IFTTT","lang":"en","possibly_sensitive":false,"author_id":"1329115441260847108","id":"1439936551727816709","created_at":"2021-09-20T12:56:41.000Z"},{"text":"Another day, another dollar \uD83E\uDD11 #HappyMonday #WorkFromHome #LetsDoThis \uD83D\uDCAA https://t.co/L2kMBbspta","source":"Twitter for iPhone","lang":"en","possibly_sensitive":false,"author_id":"3275678736","id":"1439936548896641029","created_at":"2021-09-20T12:56:40.000Z"},{"text":"A Monday morning with no Internet, when one works from their home office, is not a stellar way to start off a Monday. #MondayMood #techsupport #WorkFromHome","source":"Twitter for iPhone","lang":"en","possibly_sensitive":false,"author_id":"487984707","id":"1439936408601436168","created_at":"2021-09-20T12:56:07.000Z"},{"text":"RT @_remotejobs_: Are you looking opportunities as #manager? Visit our website https://t.co/hGgaB67mOj\n#Emmys #20settembre #Covid_19 #COVID…","referenced_tweets":[{"type":"retweeted","id":"1439914597876740101"}],"source":"Twitter for iPhone","lang":"en","possibly_sensitive":false,"author_id":"14763855","id":"1439936080464203782","created_at":"2021-09-20T12:54:48.000Z"},{"text":"RT @ChooseBrand: Online Business Ideas You Can Start TODAY\nhttps://t.co/pG0ySAJ5IH\n#Makemoneyonline #BusinessIdeas #EmailMarketing #digital…","referenced_tweets":[{"type":"retweeted","id":"1439935271563313153"}],"source":"VikramBot","lang":"en","possibly_sensitive":false,"author_id":"1271830941258756096","id":"1439935513788571649","created_at":"2021-09-20T12:52:33.000Z"},{"text":"I am tweeting on a 27-inch monitor. My less than perfect eyes are happy. #workfromhome","source":"Twitter Web App","lang":"en","possibly_sensitive":false,"author_id":"58420925","id":"1439935385589588013","created_at":"2021-09-20T12:52:03.000Z"},{"text":"Online Business Ideas You Can Start TODAY\nhttps://t.co/pG0ySAJ5IH\n#Makemoneyonline #BusinessIdeas #EmailMarketing #digitalmarketing #makemoneyfromhome #workfromhome","source":"Tweepsmap","lang":"en","possibly_sensitive":false,"author_id":"1219615601405988864","id":"1439935271563313153","created_at":"2021-09-20T12:51:36.000Z"},{"text":"Reality of every dreamer \uD83C\uDF31\uD83D\uDCAF#the_entrepreneurvibe #success #affiliatemarketing #networkmarketing #india #earnmoney #workfromhome #business #motivation #quotesaboutlife #quoteoftheday #quotes #quote #mondaythoughts #MONSTAX #fridaynightfunkin #SundayMotivation #ThursdayThoughts https://t.co/NLZc2NLCA8","source":"Twitter for Android","lang":"en","possibly_sensitive":false,"author_id":"1260434537403887618","id":"1439935109830905866","created_at":"2021-09-20T12:50:57.000Z"},{"text":"Grab Instant Access To The \"Super Internet marketer Swipe File\" That Generates Commissions Of Up To $737 DAILY...  Join https://t.co/20abUt0lYI #workfromhome #earnonline #makemoneyonline #usa https://t.co/PbCLdhfc8M","source":"IFTTT","lang":"en","possibly_sensitive":false,"author_id":"883522079101902850","id":"1439934760353157121","created_at":"2021-09-20T12:49:34.000Z"},{"text":"RT @BlockditApp: ทำงานอยู่บ้านเพลินๆ กินวันละ 3 แก้วแบบลืมตัว มาเช็กกันหน่อย ในหนึ่งวันโดนกันไปคนละกี่แคลฯ\n\n[อยู่เย็นเป็นสุข]\n\nhttps://t.co…","referenced_tweets":[{"type":"retweeted","id":"1439880325144793090"}],"source":"Twitter for Android","lang":"th","possibly_sensitive":false,"author_id":"1253599389597097984","id":"1439934670804639744","created_at":"2021-09-20T12:49:12.000Z"},{"text":"HISKIA logo design\n#logo #logoinspirations #logonew #logopassion #minimal #flatdesign #lineart #behance #dribble #logodesigner #minimaldesign #black #abstractart #simple #luxry #cool #style #conceptart #creative #workfromhome #stayhome #sing #illustration #brand #logotype #letter https://t.co/Gkg2btUs7x","source":"Twitter Web App","lang":"es","possibly_sensitive":false,"author_id":"1303856089083990016","id":"1439934607357480966","created_at":"2021-09-20T12:48:57.000Z"},{"text":"Backend Engineer at alfaview GmbH () (allows remote) https://t.co/tUfX9E9lSP #remotejobs #jobs #nomad #workfromhome #digitalnomad #newjobs","source":"Hootsuite Inc.","lang":"en","possibly_sensitive":false,"author_id":"1195081084230414339","id":"1439934541913894913","created_at":"2021-09-20T12:48:42.000Z"},{"text":"Trust is a feeling that somebody or something can be relied upon, or will turn out to be good. It is the feeling of being sure about something, even if it cannot be proved. \n#the_entrepreneurvibe #success #affiliatemarketing #networkmarketing #india #earnmoney #workfromhome https://t.co/oJsxgBmRfO","source":"Twitter for Android","lang":"en","possibly_sensitive":false,"author_id":"1260434537403887618","id":"1439934508430548998","created_at":"2021-09-20T12:48:34.000Z"}],"meta":{"newest_id":"1439950345715683328","oldest_id":"1439934508430548998","result_count":100,"next_token":"b26v89c19zqg8o3fpdpa1fivmpliuewbdh4aio0f8ho59"}}