{"data":[{"text":"Get ready for #remote #job as \"QA ENGINEER\" for SpotOn Connections. https://t.co/2Ia9JIuuIE #workfromhome #hiring #remotejob #remotework #it #security","author_id":"1101143848397418496","id":"1439922297029201928","possibly_sensitive":false,"source":"Remote Jobs Vault","lang":"en","created_at":"2021-09-20T12:00:02.000Z"},{"text":"RT @StudyWithMusic1: This our brand new video in the Study With Background Music playlist. #WorkFromHome should be fun. Just follow the lin…","referenced_tweets":[{"type":"retweeted","id":"1439922191571865603"}],"author_id":"1297692149597851650","id":"1439922255572656134","possibly_sensitive":false,"source":"Twitter","lang":"en","created_at":"2021-09-20T11:59:52.000Z"},{"text":"This our brand new video in the Study With Background Music playlist. #WorkFromHome should be fun. Just follow the link and give it a try\nhttps://t.co/0uHb4rVSjN\n\n#Motivation #success #music #successful #PositiveEnergy #studytwt #studying #Trending #meditation https://t.co/GUN5s7fwX3","author_id":"1296505985142587393","id":"1439922191571865603","possibly_sensitive":false,"source":"Twitter Web App","lang":"en","created_at":"2021-09-20T11:59:37.000Z"},{"text":"Oh, it's Monday\uD83D\uDE2D #mondaythoughts #dailymotivation #Sad #WorkFromHome #studytwt #Students https://t.co/cNVvQuzd2O","author_id":"1426165697042735104","id":"1439921889195950083","possibly_sensitive":false,"source":"Twitter Web App","lang":"en","created_at":"2021-09-20T11:58:25.000Z"},{"text":"RT @VACafeOnline: We've all been given a finite amount of time - use it wisely! (Image by Amanda Witte https://t.co/WlPJoSYlhG)\n\n#virtualas…","referenced_tweets":[{"type":"retweeted","id":"1086820630081798145"}],"author_id":"934159163306807296","id":"1439921536136253443","possibly_sensitive":false,"source":"SocialBee.io v2","lang":"en","created_at":"2021-09-20T11:57:01.000Z"},{"text":"Learn one beautiful new international word today! Follow for a daily inspirational word.\nhttps://t.co/LMCCIChFWK \n#words #indianwriters #workfromhome #quotes #wordsofwisdom #quotestagram #quotesaboutlife #talent #writerscommunity #instagood #daily #poetrycommunity #LifeLessons https://t.co/F2jLmGEi08","author_id":"1405209435782324224","id":"1439921531577114627","possibly_sensitive":false,"source":"TweetDeck","lang":"en","created_at":"2021-09-20T11:57:00.000Z"},{"text":"Vandaag is het nationale telewerkdag! Is jouw organisatie voorstander van hybride werken? In deze editie van de Acerta Podcast geven onze experten nuttige tips om van het hybride werken een succesverhaal te maken.\n\n#telewerk #workfromhome #flexibelwerk\nhttps://t.co/9XtdLvJshA https://t.co/gh5t4UVDHr","author_id":"1010396275","id":"1439920472058220545","possibly_sensitive":false,"source":"Sprout Social","lang":"nl","created_at":"2021-09-20T11:52:47.000Z"},{"text":"RT @WaiganjoJoe: #entrepreneurship #bitcoin #success #forex #motivation #investment #makemoneyonline #wealth #stocks #realestate #investor…","referenced_tweets":[{"type":"retweeted","id":"1439920143094665217"}],"author_id":"1350172734207102976","id":"1439920316667478019","possibly_sensitive":false,"source":"Twitter","lang":"en","created_at":"2021-09-20T11:52:10.000Z"},{"text":"Want to be more productive working from home? \n\nTry these tips: https://t.co/VmR69dSpCK \n\n#WFH #workfromhome #productivity","author_id":"744697586","id":"1439920257968353286","possibly_sensitive":false,"source":"Twitter Web App","lang":"en","created_at":"2021-09-20T11:51:56.000Z"},{"text":"RT @WeAreSparklin: Join us in wishing our in-house tech and personal finance guru, Dushyant Sherman, very happy four years at Sparklin! \uD83E\uDD29…","referenced_tweets":[{"type":"retweeted","id":"1439559528853344260"}],"author_id":"99709086","id":"1439920240452800517","possibly_sensitive":false,"source":"Qlabe","lang":"en","created_at":"2021-09-20T11:51:52.000Z"},{"text":"#entrepreneurship #bitcoin #success #forex #motivation #investment #makemoneyonline #wealth #stocks #realestate #investor #finance #workfromhome\nCheck out my Gig on Fiverr: create a monetized automatic stock news website https://t.co/kucPRVFgVi","author_id":"1028368726016634880","id":"1439920143094665217","possibly_sensitive":false,"source":"Twitter Web App","lang":"en","created_at":"2021-09-20T11:51:29.000Z"},{"text":"RT @ChonkerKeys: ChonkerKeys is a unique LED Mechanical Keypad for Video Calls &amp; Online Meetings https://t.co/YMsXgEiALb Functions include…","referenced_tweets":[{"type":"retweeted","id":"1433015873493733380"}],"author_id":"1316322280461545473","id":"1439920085922193410","possibly_sensitive":false,"source":"Twitter Web App","lang":"en","created_at":"2021-09-20T11:51:15.000Z"},{"text":"#entrepreneurship #bitcoin #success #forex #motivation #investment #makemoneyonline #wealth #stocks #realestate #investor #finance #workfromhome\nCheck out my Gig on Fiverr: create a monetized autoposting news website on blogger https://t.co/Mu9Jsu7ELu","author_id":"1028368726016634880","id":"1439920032939655174","possibly_sensitive":false,"source":"Twitter Web App","lang":"en","created_at":"2021-09-20T11:51:02.000Z"},{"text":"Chair ELLY - aesthetic and healthy choice\n \n#moderndesign #OfficeSpace #workspace #furnituredesign #officefurniture #manufacturers #chair #officechairs #interiordesign #WorkFromHome #homeoffice #homefurniture #officedesign #Ergonomics https://t.co/f3ikdzeX0L","author_id":"1333329994500562944","id":"1439919858477584390","possibly_sensitive":false,"source":"Twitter Web App","lang":"en","created_at":"2021-09-20T11:50:21.000Z"},{"text":"Work remotely as a Experienced Rails and or Mobile Software Engineer at MyHealthTeams #WorkFromHome #FullStackProgramming\n\nhttps://t.co/JWwbz9n28M","author_id":"1856583224","id":"1439919704173383685","possibly_sensitive":false,"source":"Blog2Social APP","lang":"en","created_at":"2021-09-20T11:49:44.000Z"},{"text":"RT @MichaelleElla: https://t.co/upbK6DGoY1\nInvolve Asia is a performance-based marketing company preferred and trusted by global brands for…","referenced_tweets":[{"type":"retweeted","id":"1430428156129804291"}],"author_id":"1425421556814016513","id":"1439919326883057667","possibly_sensitive":false,"source":"Twitter for Android","lang":"en","created_at":"2021-09-20T11:48:14.000Z"},{"text":"You've got the power to stop paper waste and it starts with SMART GOVERNANCE.\n\nLearn more and request your demo at https://t.co/IFBOAUIUzR\n\n#smartgovernance #agile #modern #corpgov #chainofcommand #enterprise #enterprisegovernance #workfromhome https://t.co/Bmc9cKaZ6D","author_id":"1712368682","id":"1439919220662341636","possibly_sensitive":false,"source":"Twitter for Android","lang":"en","created_at":"2021-09-20T11:47:49.000Z"},{"text":"RT @NVISHSolutions: Work from Home or Work from Office?\n\nAnyone who benefits from either of the situations is perplexed by the value of the…","referenced_tweets":[{"type":"retweeted","id":"1428714364400332802"}],"author_id":"1371423893387276289","id":"1439918973936562176","possibly_sensitive":false,"source":"Twitter Web App","lang":"en","created_at":"2021-09-20T11:46:50.000Z"},{"text":"RT @BlockditApp: ทำงานอยู่บ้านเพลินๆ กินวันละ 3 แก้วแบบลืมตัว มาเช็กกันหน่อย ในหนึ่งวันโดนกันไปคนละกี่แคลฯ\n\n[อยู่เย็นเป็นสุข]\n\nhttps://t.co…","referenced_tweets":[{"type":"retweeted","id":"1439880325144793090"}],"author_id":"3725415612","id":"1439918848426201090","possibly_sensitive":false,"source":"Twitter for iPhone","lang":"th","created_at":"2021-09-20T11:46:20.000Z"},{"text":"RT @GlenGilmore: On average, people want to #workfromhome 2.5 days a week. \n\nDiscover the full findings here: https://t.co/F0smiXDGIx @wef…","referenced_tweets":[{"type":"retweeted","id":"1439678819133181958"}],"author_id":"2543755974","id":"1439918672189984771","possibly_sensitive":false,"source":"Twitter for iPhone","lang":"en","created_at":"2021-09-20T11:45:38.000Z"},{"text":"The best printers for home use in 2021\n.\nFor more details: \n\n#printer #bestprinter #bestprinterin2021 #workfromhome #bestprinterforworkfromhome #printerforworkfromhome #hpprinter #epsonprinter #brotherprinter #canonprinter #workfromhomejobs #printercano https://t.co/jfS7xmNn4L","author_id":"1343458986100576260","id":"1439918528396677124","possibly_sensitive":false,"source":"Agorapulse app","lang":"en","created_at":"2021-09-20T11:45:04.000Z"},{"text":"RT @WeSabio: You don't need a computer science background to get a great job in #tech. Anna went from long hours and low pay to a high paid…","referenced_tweets":[{"type":"retweeted","id":"1439917767864500228"}],"author_id":"1358707397825417220","id":"1439918347538284555","possibly_sensitive":false,"source":"Insane Dev Bot","lang":"en","created_at":"2021-09-20T11:44:21.000Z"},{"text":"@pinkykhoabane @Madichaba @Vodacom111 There's significant shortage of laptops worldwide due to CoViD pandemic demand for #onlinelearning #WorkFromHome also because #China produces the microchips, factories have been closed resulting in worldwide #chipshortage","referenced_tweets":[{"type":"replied_to","id":"1439885747927007234"}],"author_id":"59137975","id":"1439918217112268804","in_reply_to_user_id":"23050150","possibly_sensitive":false,"source":"Twitter for Android","lang":"en","created_at":"2021-09-20T11:43:50.000Z"},{"text":"RT @MichaelleElla: Click here: https://t.co/fS8HbPz6D8\nSell High Paying Products &amp; Gigs From Home #WorkFromHome #homework https://t.co/Wmud…","referenced_tweets":[{"type":"retweeted","id":"1438842421102579712"}],"author_id":"1425421556814016513","id":"1439918006037934083","possibly_sensitive":false,"source":"Twitter for Android","lang":"en","created_at":"2021-09-20T11:42:59.000Z"},{"text":"RT @MichaelleElla: WriteAppReviews is a brand new 'Get Paid To Test Apps' https://t.co/UOFNNZmEJU via @YouTube \n#jobhunting #JobSearch #job…","referenced_tweets":[{"type":"retweeted","id":"1439084975282786307"}],"author_id":"1425421556814016513","id":"1439917980251422722","possibly_sensitive":false,"source":"Twitter for Android","lang":"en","created_at":"2021-09-20T11:42:53.000Z"},{"text":"RT @WeSabio: You don't need a computer science background to get a great job in #tech. Anna went from long hours and low pay to a high paid…","referenced_tweets":[{"type":"retweeted","id":"1439917767864500228"}],"author_id":"1327935633445199874","id":"1439917858658586625","possibly_sensitive":false,"source":"Twitter","lang":"en","created_at":"2021-09-20T11:42:24.000Z"},{"text":"RT @WeSabio: You don't need a computer science background to get a great job in #tech. Anna went from long hours and low pay to a high paid…","referenced_tweets":[{"type":"retweeted","id":"1439917767864500228"}],"author_id":"1281253609988997120","id":"1439917815465660421","possibly_sensitive":false,"source":"#100DaysOf2020","lang":"en","created_at":"2021-09-20T11:42:14.000Z"},{"text":"RT @WeSabio: You don't need a computer science background to get a great job in #tech. Anna went from long hours and low pay to a high paid…","referenced_tweets":[{"type":"retweeted","id":"1439917767864500228"}],"author_id":"1092753985679835136","id":"1439917790086012930","possibly_sensitive":false,"source":"Javascript bot test","lang":"en","created_at":"2021-09-20T11:42:08.000Z"},{"text":"You don't need a computer science background to get a great job in #tech. Anna went from long hours and low pay to a high paid C# #developer with Sabio's help. You can too.\n\nhttps://t.co/9uXlZmNc2a\n\n#WomenInTech #LearntoCode #Tech #Home #Work #WorkFromHome #Coding #100DaysOfCode https://t.co/DsedgcTPdb","author_id":"874394695","id":"1439917767864500228","possibly_sensitive":false,"source":"Buffer","lang":"en","created_at":"2021-09-20T11:42:02.000Z"},{"text":"RT @CoolMustHaves: How To Make Money Blogging From Home - Affiliate Working Online - https://t.co/Gqb38eCj7K Got a blog and want to make mo…","referenced_tweets":[{"type":"retweeted","id":"1438519939556540420"}],"author_id":"4175845635","id":"1439916643510104072","possibly_sensitive":false,"source":"Twitter Web App","lang":"en","created_at":"2021-09-20T11:37:34.000Z"},{"text":"We are looking for a #remote Critical Access Hospital Coding Specialist to join our team! Check out this opportunity and apply today: \nhttps://t.co/yuRlZniXus\n#JobOpening #RevenueCycle #Expert #RemoteJobs #WorkFromHome https://t.co/ZP3UnykbVq","author_id":"748983422052216836","id":"1439916341423755265","possibly_sensitive":false,"source":"SocialPilot.co","lang":"en","created_at":"2021-09-20T11:36:22.000Z"},{"text":"RT @EclaroPh: ** CAREERS AT ECLARO **\nSend your resume to recruitment@eclaro.com or fill out Eclaro Online Form through this link -- https:…","referenced_tweets":[{"type":"retweeted","id":"1439916197974355974"}],"author_id":"710123736175783938","id":"1439916283261173760","possibly_sensitive":false,"source":"auto is the only way it can be ","lang":"en","created_at":"2021-09-20T11:36:08.000Z"},{"text":"RT @EclaroPh: ** CAREERS AT ECLARO **\nSend your resume to recruitment@eclaro.com or fill out Eclaro Online Form through this link -- https:…","referenced_tweets":[{"type":"retweeted","id":"1439916197974355974"}],"author_id":"1142424032794406912","id":"1439916247693422592","possibly_sensitive":false,"source":"forRetweeting","lang":"en","created_at":"2021-09-20T11:36:00.000Z"},{"text":"** CAREERS AT ECLARO **\nSend your resume to recruitment@eclaro.com or fill out Eclaro Online Form through this link -- https://t.co/ISBTDfJmhs. #EclaroPhilippines #EclaroPH #Hiring #IT #Careers #Technology #Jobs #Recruitment #HR #WorkFromHome #Job #Jobstreet https://t.co/1VlNnvQhZj","author_id":"717697276546850817","id":"1439916197974355974","possibly_sensitive":false,"source":"HubSpot","lang":"en","created_at":"2021-09-20T11:35:48.000Z"},{"text":"Embrace your free time by #workingfromhome. Is 9-5 not suiting you? Shake up your life.\uD83C\uDFE1\n\n https://t.co/VJ21nJWDBK\n\n#FBO #ForeverBusinessOwner #WorkFromHome https://t.co/M8jBHubxgz","author_id":"712005319","id":"1439916049756004357","possibly_sensitive":false,"source":"SocialMediaServer","lang":"en","created_at":"2021-09-20T11:35:13.000Z"},{"text":"RT @WantRemoteJob: New #remote #job Principal Backend Engineer - Personas, Compute (L5) - Segment at @twilio\nhttps://t.co/sJGtDqtTRf\n#remot…","referenced_tweets":[{"type":"retweeted","id":"1439910980847292416"}],"author_id":"1339577052433944577","id":"1439915236832825345","possibly_sensitive":false,"source":"Twitter","lang":"en","created_at":"2021-09-20T11:31:59.000Z"},{"text":"Procrastination Solutions For College Students: The Underground Playbook For ... https://t.co/SsJj09xLP9 via @amazon #success  #motivation #networking #lifestyle #residualincome #forex #bisnisonline  #business #entrepreneur #money #mlmsuccess #workfromhome #marketing #bitcoin","author_id":"219401992","id":"1439915123016142858","possibly_sensitive":false,"source":"IFTTT","lang":"en","created_at":"2021-09-20T11:31:32.000Z"},{"text":"Bringing the wife home. A real WA success story \uD83E\uDD17 https://t.co/H5XkZaDlEv #laptoplifestyle #travel #ownboss #onlinebusiness #affiliatemarketing #learntoearn #workfromhome #workfromanywhere #OnlineMarketing #success #money #makemoneyonline #entrepreneur https://t.co/rPLEc0aMcW","author_id":"1065743378111852546","id":"1439914779053789188","possibly_sensitive":false,"source":"SocialChamp IO ","lang":"en","created_at":"2021-09-20T11:30:10.000Z"},{"text":"Top 6 work from home ideas for stay at home moms!\n\nPandemic made us all stay at home. This not only help us realize that work from home is a permanent option, but also opened a new work opportunities for all of us. \n\nhttps://t.co/YfEuWby5jI\n\n#Workfromhome #TheChampaTree #Momslife","author_id":"2889872480","id":"1439914740080275466","possibly_sensitive":false,"source":"Twitter Web App","lang":"en","created_at":"2021-09-20T11:30:01.000Z"},{"text":"Are you looking opportunities as #manager? Visit our website https://t.co/hGgaB67mOj\n#Emmys #20settembre #Covid_19 #COVID19 #quote #world #WorkFromHome #work #remotejobs #hiring #Motivation #MondayMotivaton #jobsearch #JobAlert #Help #Website #like #rt #jobopportunity #week #new https://t.co/5GYHy7PTei","referenced_tweets":[{"type":"quoted","id":"1354118012589240322"}],"author_id":"3217412999","id":"1439914597876740101","possibly_sensitive":false,"source":"Twitter for Android","lang":"en","created_at":"2021-09-20T11:29:27.000Z"},{"text":"RT @BlockditApp: ทำงานอยู่บ้านเพลินๆ กินวันละ 3 แก้วแบบลืมตัว มาเช็กกันหน่อย ในหนึ่งวันโดนกันไปคนละกี่แคลฯ\n\n[อยู่เย็นเป็นสุข]\n\nhttps://t.co…","referenced_tweets":[{"type":"retweeted","id":"1439880325144793090"}],"author_id":"738226099","id":"1439912665804017664","possibly_sensitive":false,"source":"Twitter for iPhone","lang":"th","created_at":"2021-09-20T11:21:46.000Z"},{"text":"New #remote #job Principal Backend Engineer - Personas, Compute (L5) - Segment at @twilio\nhttps://t.co/sJGtDqtTRf\n#remotework #vacancy #remotejob #hiring #workfromhome","author_id":"890543333386354688","id":"1439910980847292416","possibly_sensitive":false,"source":"WantRemote","lang":"en","created_at":"2021-09-20T11:15:04.000Z"},{"text":"RT @WoodsandLights: #workfromhome #wfh #homeinteriors #homedecor #interiors #workspace #virtualworkbox","referenced_tweets":[{"type":"retweeted","id":"1439910385209856003"}],"author_id":"783669346467913728","id":"1439910594010771456","possibly_sensitive":false,"source":"Twitter for Android","lang":"und","created_at":"2021-09-20T11:13:32.000Z"},{"text":"#workfromhome #wfh #homeinteriors #homedecor #interiors #workspace #virtualworkbox","referenced_tweets":[{"type":"replied_to","id":"1439910382932410373"}],"author_id":"1389844131308990466","id":"1439910385209856003","in_reply_to_user_id":"1389844131308990466","possibly_sensitive":false,"source":"Twitter for Android","lang":"und","created_at":"2021-09-20T11:12:42.000Z"},{"text":"#influencers #celebrities #contentcreators #workfromhome #startyourownbusiness #makemoneyfromhome #affiliate #affiliatemarketing Check my website for #affiliate #referral #cashback #crypto #shopping #travel #business #dogecoin #bitcoin https://t.co/vBHLD11zwQ","author_id":"617853906","id":"1439910270999142401","possibly_sensitive":false,"source":"ContentStudio.io","lang":"en","created_at":"2021-09-20T11:12:15.000Z"},{"text":"RT @BlockditApp: ทำงานอยู่บ้านเพลินๆ กินวันละ 3 แก้วแบบลืมตัว มาเช็กกันหน่อย ในหนึ่งวันโดนกันไปคนละกี่แคลฯ\n\n[อยู่เย็นเป็นสุข]\n\nhttps://t.co…","referenced_tweets":[{"type":"retweeted","id":"1439880325144793090"}],"author_id":"1029596113513283584","id":"1439910205236469760","possibly_sensitive":false,"source":"Twitter for Android","lang":"th","created_at":"2021-09-20T11:11:59.000Z"},{"text":"RT @Hornylockdown: Quick sneaky wank during a #workfromhome break. #melbournelockdown #gaynude https://t.co/8Ez5kT4Egq","referenced_tweets":[{"type":"retweeted","id":"1416972282329591813"}],"author_id":"1076830294555090944","id":"1439910079721967625","possibly_sensitive":true,"source":"Twitter Web App","lang":"en","created_at":"2021-09-20T11:11:29.000Z"},{"text":"What working from home looks like.haven't moved my old desk in the living room https://t.co/LBNc6E4YCm either am on the dinner table or on the sofa or even on my yoga mat.with a total No look\uD83E\uDD23.who cares!as long as I am efficient.\n #nolook #WorkFromHome #homeoffice https://t.co/TWGhTJADod","author_id":"1948642992","id":"1439910063993405443","possibly_sensitive":false,"source":"Twitter Web App","lang":"en","created_at":"2021-09-20T11:11:26.000Z"},{"text":"Welcoming #Mondays with a smile! Our team in Bengaluru recently caught up, after more than a year and a half of working virtually. We're hoping the meetings and laughter continue, as we move towards going back to the office soon! \n.\n.\n#TheMavericks #WorkFromHome #WorkFromOffice https://t.co/cy3GsB84bT","author_id":"977461765872132096","id":"1439909827740725248","possibly_sensitive":false,"source":"Twitter Web App","lang":"en","created_at":"2021-09-20T11:10:29.000Z"},{"text":"RT @BookTeasers: 12 Critical eBooks That are The Keys to Success When Working As a #Freelancer to Rebuild Your Finances Post CV19 Pandemic.…","referenced_tweets":[{"type":"retweeted","id":"1439908528488075266"}],"author_id":"286512571","id":"1439909821134876673","possibly_sensitive":false,"source":"Twitter for iPhone","lang":"en","created_at":"2021-09-20T11:10:28.000Z"},{"text":"RT @Ofon_id: Come and Join!!\nWebinar “Stay Connected With Microsoft Teams Phone”\nLink Register : https://t.co/5UNJnCdhBY\n\n#newnormal2021 #w…","referenced_tweets":[{"type":"retweeted","id":"1439904026871562245"}],"author_id":"1321177467030155264","id":"1439909668533456901","possibly_sensitive":false,"source":"Twitter","lang":"en","created_at":"2021-09-20T11:09:51.000Z"},{"text":"New Revolutionary Sleep-Sales-Technology Makes it Possible to Earn Lots of Money While You Sleep! Visit Our Website to Learn More! https://t.co/QhBTgyMyVu #affiliatemarketing #income #makemoney #makemoneyonline #marketing #money #online #passiveincome #sales #workfromhome https://t.co/La6xMmVIGR","author_id":"873540769","id":"1439909378862235652","possibly_sensitive":false,"source":"FPTraffic","lang":"en","created_at":"2021-09-20T11:08:42.000Z"},{"text":"RT @ChonkerKeys: ChonkerKeys is a unique LED Mechanical Keypad for Video Calls &amp; Online Meetings https://t.co/YMsXgEiALb Functions include…","referenced_tweets":[{"type":"retweeted","id":"1433015873493733380"}],"author_id":"1167076700758392835","id":"1439908973608640524","possibly_sensitive":false,"source":"Twitter Web App","lang":"en","created_at":"2021-09-20T11:07:06.000Z"},{"text":"Plan it with a Tree is looking for BUSINESS DEVELOPMENT EXECUTIVE. \nFreshers with architecture and civil engineering backgrounds preferred\n\n #Btech  #jobopening #jobvacancy #jobseekers #job #sales #bde #remotework #remote #WorkFromHome #saleshire\n\nhttps://t.co/TTo6Sz0PEf","author_id":"1236900656721457153","id":"1439908959654068237","possibly_sensitive":false,"source":"Twitter for Android","lang":"en","created_at":"2021-09-20T11:07:02.000Z"},{"text":"Remote work to stay permanent; 74 percent of IT professionals prefer working remotely. https://t.co/IC6eYQl4ER via @indianitblog #remotework #WorkFromHome #WFH","author_id":"349998193","id":"1439908751650304001","possibly_sensitive":false,"source":"Twitter Web App","lang":"en","created_at":"2021-09-20T11:06:13.000Z"},{"text":"RT @BlockditApp: ทำงานอยู่บ้านเพลินๆ กินวันละ 3 แก้วแบบลืมตัว มาเช็กกันหน่อย ในหนึ่งวันโดนกันไปคนละกี่แคลฯ\n\n[อยู่เย็นเป็นสุข]\n\nhttps://t.co…","referenced_tweets":[{"type":"retweeted","id":"1439880325144793090"}],"author_id":"1303294134715707393","id":"1439908688232259595","possibly_sensitive":false,"source":"Twitter for iPad","lang":"th","created_at":"2021-09-20T11:05:58.000Z"},{"text":"12 Critical eBooks That are The Keys to Success When Working As a #Freelancer to Rebuild Your Finances Post CV19 Pandemic.\nReview &amp; purchase here: https://t.co/f1cDgY7Agj\n#WorkFromHome #FreelanceTraining #AdditionalIncome #Freelancing #SkillsTraining #Budgeting @FrelanceWkGuide https://t.co/IaTTrvuizm","author_id":"2897593697","id":"1439908528488075266","possibly_sensitive":false,"source":"Sendible","lang":"en","created_at":"2021-09-20T11:05:20.000Z"},{"text":"Now men can have soft skin #amazingfragrances #fmperfumes  #fmworld #work #money #workfromhome https://t.co/BAae9s5J7r","author_id":"29687735","id":"1439908492375060484","possibly_sensitive":false,"source":"Instagram","lang":"en","created_at":"2021-09-20T11:05:11.000Z"},{"text":"RT @BlockditApp: ทำงานอยู่บ้านเพลินๆ กินวันละ 3 แก้วแบบลืมตัว มาเช็กกันหน่อย ในหนึ่งวันโดนกันไปคนละกี่แคลฯ\n\n[อยู่เย็นเป็นสุข]\n\nhttps://t.co…","referenced_tweets":[{"type":"retweeted","id":"1439880325144793090"}],"author_id":"1324873970454204421","id":"1439908424351838210","possibly_sensitive":false,"source":"Twitter for Android","lang":"th","created_at":"2021-09-20T11:04:55.000Z"},{"text":"RT @BlockditApp: ทำงานอยู่บ้านเพลินๆ กินวันละ 3 แก้วแบบลืมตัว มาเช็กกันหน่อย ในหนึ่งวันโดนกันไปคนละกี่แคลฯ\n\n[อยู่เย็นเป็นสุข]\n\nhttps://t.co…","referenced_tweets":[{"type":"retweeted","id":"1439880325144793090"}],"author_id":"1392781986142384130","id":"1439908423127089152","possibly_sensitive":false,"source":"Twitter for Android","lang":"th","created_at":"2021-09-20T11:04:54.000Z"},{"text":"RT @casengineapp: سواء اختار موظفوك العمل من المكتب، أو انتقلوا إلى ترتيبات العمل المرنة والهجينة، أو حتى العمل عن بُعد؛ فإن كيسنجن هو الحل…","referenced_tweets":[{"type":"retweeted","id":"1439901909452828678"}],"author_id":"1651594171","id":"1439908285176483843","possibly_sensitive":false,"source":"Twitter for iPhone","lang":"ar","created_at":"2021-09-20T11:04:22.000Z"},{"text":"#WorkFromHome is a challenge still because there is lack of a common language and shared understanding between employers and employees.  https://t.co/zWWzC4fQz4","author_id":"14761966","id":"1439908198530658309","possibly_sensitive":false,"source":"Twitter Web App","lang":"en","created_at":"2021-09-20T11:04:01.000Z"},{"text":"Love this guy -&gt; https://t.co/NJrId82J5l    &lt; --- #footballgames #reflection #CARDANO #BabyDoge #shot #skate #worldcup #workfromhome","author_id":"1410419170152534017","id":"1439907947644076032","possibly_sensitive":false,"source":"Buffer","lang":"en","created_at":"2021-09-20T11:03:01.000Z"},{"text":"RT https://t.co/MohzayKgp0 RT https://t.co/abW9MC3YxX #wifi #wifiextender #tplink #dlink #tenda #digisol #asus #hparuba #ubiquiti #ruckus #commscope #netgear #workfromhome #studyfromhome #c… https://t.co/L2XneUHGDv","referenced_tweets":[{"type":"quoted","id":"1439862557532049416"}],"author_id":"879634947132280834","id":"1439907749928873985","possibly_sensitive":false,"source":"IFTTT","lang":"in","created_at":"2021-09-20T11:02:14.000Z"},{"text":"Senior React Developer at Toptal https://t.co/FwBb76H9jG #remotejobs #jobs #nomad #workfromhome #digitalnomad #newjobs","author_id":"1195081084230414339","id":"1439907555740880903","possibly_sensitive":false,"source":"Hootsuite Inc.","lang":"en","created_at":"2021-09-20T11:01:28.000Z"},{"text":"Cloud Security Engineer at Twilio https://t.co/f5rJqsJNMB #remotejobs #jobs #nomad #workfromhome #digitalnomad #newjobs","author_id":"1195081084230414339","id":"1439907542587559936","possibly_sensitive":false,"source":"Hootsuite Inc.","lang":"en","created_at":"2021-09-20T11:01:24.000Z"},{"text":"Project Manager at RebelMouse https://t.co/hxdja9Rgik #remotejobs #jobs #nomad #workfromhome #digitalnomad #newjobs","author_id":"1195081084230414339","id":"1439907531866968065","possibly_sensitive":false,"source":"Hootsuite Inc.","lang":"en","created_at":"2021-09-20T11:01:22.000Z"},{"text":"Recruiting Coordinator at Peloton https://t.co/cuQRby24tt #remotejobs #jobs #nomad #workfromhome #digitalnomad #newjobs","author_id":"1195081084230414339","id":"1439907521989316611","possibly_sensitive":false,"source":"Hootsuite Inc.","lang":"en","created_at":"2021-09-20T11:01:20.000Z"},{"text":"Recruitment Operations Manager (EMEA) at Hotjar https://t.co/tML8gCF0jI #remotejobs #jobs #nomad #workfromhome #digitalnomad #newjobs","author_id":"1195081084230414339","id":"1439907506877345806","possibly_sensitive":false,"source":"Hootsuite Inc.","lang":"en","created_at":"2021-09-20T11:01:16.000Z"},{"text":"\"We find comfort among those who agree with us, and growth among those who don't.\" -- Frank A. Clark\n#MindsetMonday #virtualassistant #AdminAssistant #onlinejobs #remotework #freelance #workfromhome #worklifebalance\n\nhttps://t.co/zo7JNsD62y https://t.co/qGErGj4R3w","author_id":"1291021220293406722","id":"1439907497209470984","possibly_sensitive":false,"source":"Hootsuite Inc.","lang":"en","created_at":"2021-09-20T11:01:14.000Z"},{"text":"Sales Development Representative at Tinuiti https://t.co/WJkZqBcflp #remotejobs #jobs #nomad #workfromhome #digitalnomad #newjobs","author_id":"1195081084230414339","id":"1439907493413638146","possibly_sensitive":false,"source":"Hootsuite Inc.","lang":"en","created_at":"2021-09-20T11:01:13.000Z"},{"text":"Are you looking for a cash cow to earn a passive income, 3 days from today? \nClick to learn more: \n* The secret to generating a passive income\n* The simple 2 step tactic to increase your income\nhttps://t.co/iIX9GbIm7Z\n\n#workfromhome #passiveincome #networkmarketing #mlm https://t.co/HZnb6xr5f8","author_id":"1353244792260587522","id":"1439907482197970952","possibly_sensitive":false,"source":"Buffer","lang":"en","created_at":"2021-09-20T11:01:10.000Z"},{"text":"Senior UX Designer (Design Systems) at Wikimedia Foundation https://t.co/OIn3sFyohh #remotejobs #jobs #nomad #workfromhome #digitalnomad #newjobs","author_id":"1195081084230414339","id":"1439907477835980800","possibly_sensitive":false,"source":"Hootsuite Inc.","lang":"en","created_at":"2021-09-20T11:01:09.000Z"},{"text":"Support Manager (Trust &amp; Safety) at Plaid https://t.co/2DwXTANNkc #remotejobs #jobs #nomad #workfromhome #digitalnomad #newjobs","author_id":"1195081084230414339","id":"1439907463495622656","possibly_sensitive":false,"source":"Hootsuite Inc.","lang":"en","created_at":"2021-09-20T11:01:06.000Z"},{"text":"Work from home is good or work from office?\n.\n.\n.\n#WorkFromHome #workfromoffice","author_id":"1437442369058525186","id":"1439906639763566594","possibly_sensitive":false,"source":"Twitter for Android","lang":"en","created_at":"2021-09-20T10:57:49.000Z"},{"text":"https://t.co/sM2JxrBEMv Many Americans Work From Home? – The Atlantic https://t.co/bPllMJKZeV #workfromhome #gigeconomy #freelancing #jobs","author_id":"1329115441260847108","id":"1439906359131230211","possibly_sensitive":false,"source":"IFTTT","lang":"en","created_at":"2021-09-20T10:56:42.000Z"},{"text":"https://t.co/2e4BsQyvqS documents to prove income, even if you are freelance or work on your own – Entrepreneur https://t.co/TmnAGp7BOh #workfromhome #gigeconomy #freelancing #jobs","author_id":"1329115441260847108","id":"1439906354731356162","possibly_sensitive":false,"source":"IFTTT","lang":"en","created_at":"2021-09-20T10:56:41.000Z"},{"text":"https://t.co/s76MP4AoUK\n#Eblogary #newnormal #instagood #n #cuarentena #india #follow #health #art #viral #stayhealthy #viruscorona #workfromhome #s #news #mask #quarantinelife #malaysia #memes #tiktok #photooftheday #quarentena #fashion #ramadhan #travel #fitness #music #k","author_id":"1418465587672539140","id":"1439906234149244929","possibly_sensitive":false,"source":"Twitter Web App","lang":"und","created_at":"2021-09-20T10:56:13.000Z"},{"text":"RT @BlockditApp: ทำงานอยู่บ้านเพลินๆ กินวันละ 3 แก้วแบบลืมตัว มาเช็กกันหน่อย ในหนึ่งวันโดนกันไปคนละกี่แคลฯ\n\n[อยู่เย็นเป็นสุข]\n\nhttps://t.co…","referenced_tweets":[{"type":"retweeted","id":"1439880325144793090"}],"author_id":"125640519","id":"1439906049637511168","possibly_sensitive":false,"source":"Twitter for Android","lang":"th","created_at":"2021-09-20T10:55:29.000Z"},{"text":"Learn one beautiful new international word today! Follow for a daily inspirational word.\nhttps://t.co/LMCCIChFWK \n#words #indianwriters #workfromhome #quotes #wordsofwisdom #quotestagram #quotesaboutlife #talent #writerscommunity #instagood #daily #poetrycommunity #LifeLessons https://t.co/nKtshBr4kQ","author_id":"1405209435782324224","id":"1439905928820711426","possibly_sensitive":false,"source":"TweetDeck","lang":"en","created_at":"2021-09-20T10:55:00.000Z"},{"text":"'Work from Home' &amp; Ergonomic Product Availability: Products perfect for your customer's workspace!\n\nCheck out what office essentials we have in stock on our weekly update by following this link: https://t.co/bjyaavA43M\n\n#WorkFromHome #Ergonomic #homeoffice https://t.co/cfCTQPKQ6X","author_id":"95888024","id":"1439905861074407425","possibly_sensitive":false,"source":"Twitter Web App","lang":"en","created_at":"2021-09-20T10:54:44.000Z"},{"text":"RT @SupplyChainTmrw: While you're eating breakfast, catch up on the latest edition of the Just-In-Times!\n\n#monday #supplychainmanagement #s…","referenced_tweets":[{"type":"retweeted","id":"1439903424754196480"}],"author_id":"1437460018928832513","id":"1439905548909125633","possibly_sensitive":false,"source":"Twitter","lang":"en","created_at":"2021-09-20T10:53:29.000Z"},{"text":"Choose your remote worker Monday mood! Write an emoji in the comments ❤️ #remotework #freelance #freelancer #freelancermonday #workfromhome #workathome #Mondaymotivation https://t.co/fzp9KJpkyu","author_id":"1351143227919912966","id":"1439905344671657985","possibly_sensitive":false,"geo":{"place_id":"3f14ce28dc7c4566"},"source":"Twitter for iPhone","lang":"en","created_at":"2021-09-20T10:52:40.000Z"},{"text":"RT @BlockditApp: รู้จัก Burnout Boreout Brownout ภาวะเบื่องาน ที่คนยุคนี้กำลังเผชิญ\n\n[THE BRIEFCASE]\n\nhttps://t.co/SMrzCrObUg\n\n#WorkFromHom…","referenced_tweets":[{"type":"retweeted","id":"1439608024369303553"}],"author_id":"91779205","id":"1439905056401215488","possibly_sensitive":false,"source":"Twitter for iPhone","lang":"und","created_at":"2021-09-20T10:51:32.000Z"},{"text":"RT @BlockditApp: ทำงานอยู่บ้านเพลินๆ กินวันละ 3 แก้วแบบลืมตัว มาเช็กกันหน่อย ในหนึ่งวันโดนกันไปคนละกี่แคลฯ\n\n[อยู่เย็นเป็นสุข]\n\nhttps://t.co…","referenced_tweets":[{"type":"retweeted","id":"1439880325144793090"}],"author_id":"82543119","id":"1439904702074789899","possibly_sensitive":false,"source":"Twitter for Android","lang":"th","created_at":"2021-09-20T10:50:07.000Z"},{"text":"DIY your own rates and hours with us - work when, how and where you like. No judgement \uD83D\uDE0F \n#workfromhome #freelance https://t.co/6F1HPVDx8O","author_id":"903201624696512513","id":"1439904696689471491","possibly_sensitive":false,"source":"Buffer","lang":"en","created_at":"2021-09-20T10:50:06.000Z"},{"text":"Find the Surprising Tool That will Made \"Joyce\" More than $4, 200 In Just 30 Days Online...  Join https://t.co/RJXQkBETFo #workfromhome #earnonline #makemoneyonline #usa https://t.co/QpIswhUVH0","author_id":"883522079101902850","id":"1439904592855187461","possibly_sensitive":false,"source":"IFTTT","lang":"en","created_at":"2021-09-20T10:49:41.000Z"},{"text":"Make 500/month online https://t.co/PkSBYQ89FB #workfromhome https://t.co/pc8oaskcXm","author_id":"1003363349831315456","id":"1439904579005550601","possibly_sensitive":false,"source":"dlvr.it","lang":"en","created_at":"2021-09-20T10:49:38.000Z"},{"text":"Double Your Income https://t.co/njnsExv5TM #workfromhome https://t.co/uUnoWTQdyk","author_id":"1003363349831315456","id":"1439904567206895619","possibly_sensitive":false,"source":"dlvr.it","lang":"en","created_at":"2021-09-20T10:49:35.000Z"},{"text":"10 Cities Where Rent Is Skyrocketing - Money... - https://t.co/hhrjyPNF4T #affiliateprogram #onlinebusiness #Content #Internetmarketing #advertise #earnmoneyfast #affiliates #workfromhome #business #homebiz","author_id":"89955122","id":"1439904502107234306","possibly_sensitive":false,"source":"RSS Ground","lang":"en","created_at":"2021-09-20T10:49:20.000Z"},{"text":"RT @BlockditApp: ทำงานอยู่บ้านเพลินๆ กินวันละ 3 แก้วแบบลืมตัว มาเช็กกันหน่อย ในหนึ่งวันโดนกันไปคนละกี่แคลฯ\n\n[อยู่เย็นเป็นสุข]\n\nhttps://t.co…","referenced_tweets":[{"type":"retweeted","id":"1439880325144793090"}],"author_id":"1284780368688590848","id":"1439904146463727621","possibly_sensitive":false,"source":"Twitter for Android","lang":"th","created_at":"2021-09-20T10:47:55.000Z"},{"text":"Come and Join!!\nWebinar “Stay Connected With Microsoft Teams Phone”\nLink Register : https://t.co/5UNJnCdhBY\n\n#newnormal2021 #workfromhome #wfh #dirumahaja #directrouting #voiceapi #teleponaja #cloudpbx #ippbx #smartpbx #lebihbaikdenganofon #teleponrumah  #microsoftteams #ofonpbx https://t.co/U2ssILTiyP","author_id":"824434261704912896","id":"1439904026871562245","possibly_sensitive":false,"source":"Twitter Web App","lang":"en","created_at":"2021-09-20T10:47:26.000Z"},{"text":"RT @BlockditApp: ทำงานอยู่บ้านเพลินๆ กินวันละ 3 แก้วแบบลืมตัว มาเช็กกันหน่อย ในหนึ่งวันโดนกันไปคนละกี่แคลฯ\n\n[อยู่เย็นเป็นสุข]\n\nhttps://t.co…","referenced_tweets":[{"type":"retweeted","id":"1439880325144793090"}],"author_id":"1437060871704834052","id":"1439903876090531846","possibly_sensitive":false,"source":"Twitter for iPhone","lang":"th","created_at":"2021-09-20T10:46:50.000Z"},{"text":"RT @BlockditApp: ทำงานอยู่บ้านเพลินๆ กินวันละ 3 แก้วแบบลืมตัว มาเช็กกันหน่อย ในหนึ่งวันโดนกันไปคนละกี่แคลฯ\n\n[อยู่เย็นเป็นสุข]\n\nhttps://t.co…","referenced_tweets":[{"type":"retweeted","id":"1439880325144793090"}],"author_id":"1416005141069586432","id":"1439903865923457027","possibly_sensitive":false,"source":"Twitter for iPhone","lang":"th","created_at":"2021-09-20T10:46:48.000Z"},{"text":"RT @Abystoreindia: Offer : Buy Study table starting from Rs.499\nValid till : 25-09-2021\nBuy Now: https://t.co/vjvFITzY5k\n#studytable #inter…","referenced_tweets":[{"type":"retweeted","id":"1439896865575608325"}],"author_id":"1318429401562963968","id":"1439903800379289600","possibly_sensitive":false,"source":"Twitter","lang":"en","created_at":"2021-09-20T10:46:32.000Z"},{"text":"@thatwaywardboy Also the #internships, #workfromhome, #hiring hashtags on almost all social media apps? Also visit Rohan Joshi's instagram page, he did a post a few weeks back for recruiters and prospective candidates to interact in the comments section. :)","referenced_tweets":[{"type":"replied_to","id":"1439903263323615236"}],"author_id":"739143283998371840","id":"1439903800182001680","in_reply_to_user_id":"1313779112146694144","possibly_sensitive":false,"source":"Twitter Web App","lang":"en","created_at":"2021-09-20T10:46:32.000Z"},{"text":"RT @BlockditApp: ทำงานอยู่บ้านเพลินๆ กินวันละ 3 แก้วแบบลืมตัว มาเช็กกันหน่อย ในหนึ่งวันโดนกันไปคนละกี่แคลฯ\n\n[อยู่เย็นเป็นสุข]\n\nhttps://t.co…","referenced_tweets":[{"type":"retweeted","id":"1439880325144793090"}],"author_id":"1256137337706147841","id":"1439903702928687104","possibly_sensitive":false,"source":"Twitter for Android","lang":"th","created_at":"2021-09-20T10:46:09.000Z"},{"text":"Hello #Sidehustlers. What is the 1 thing you have on your Calendar that MUST be done Immediately? https://t.co/R2jgZhPG6i\n#WorkfromHome #SMM #LaptopLifestyle #Entrepreneur #InfluencerMarketing #affiliatemarketingtraining #MLM #DigitalMarketing #TikTok","author_id":"32440289","id":"1439903519205740546","possibly_sensitive":false,"source":"IFTTT","lang":"en","created_at":"2021-09-20T10:45:25.000Z"},{"text":"While you're eating breakfast, catch up on the latest edition of the Just-In-Times!\n\n#monday #supplychainmanagement #supplychain #logistics #HR #humanresources #jobs #hiring #applynow #SCM #sunrise #wakeup #news #pittsburgh #workfromhome https://t.co/EwlNkItEkW","author_id":"1248638133324984321","id":"1439903424754196480","possibly_sensitive":false,"source":"Hootsuite Inc.","lang":"en","created_at":"2021-09-20T10:45:03.000Z"},{"text":"RT @BlockditApp: ทำงานอยู่บ้านเพลินๆ กินวันละ 3 แก้วแบบลืมตัว มาเช็กกันหน่อย ในหนึ่งวันโดนกันไปคนละกี่แคลฯ\n\n[อยู่เย็นเป็นสุข]\n\nhttps://t.co…","referenced_tweets":[{"type":"retweeted","id":"1439880325144793090"}],"author_id":"1014126429628272640","id":"1439903397600120832","possibly_sensitive":false,"source":"Twitter for Android","lang":"th","created_at":"2021-09-20T10:44:56.000Z"}],"meta":{"newest_id":"1439922297029201928","oldest_id":"1439903397600120832","result_count":100,"next_token":"b26v89c19zqg8o3fpdpa1fhz7wfj9m21ij0kxlih38hod"}}