{"data":[{"created_at":"2021-09-20T09:42:00.000Z","author_id":"1314873062853169159","lang":"en","source":"Buffer","text":"\uD83D\uDCBC New Job: System administrator https://t.co/elZytyAXYc #remotejobs #opentowork #workfromhome","possibly_sensitive":false,"id":"1439887560927502339"},{"created_at":"2021-09-20T09:41:22.000Z","author_id":"830906977169637377","lang":"en","source":"JamesHicksMLM Publishing App","text":"Successes online will take one to be sharp and often just like this guide right here https://t.co/gycHWkookc #WorkFromHome, #Motivational https://t.co/3W7jjqrwLJ","possibly_sensitive":false,"id":"1439887399992152064"},{"created_at":"2021-09-20T09:41:21.000Z","author_id":"55186601","lang":"en","source":"Twitter Web App","text":"#NSTnation Work from home arrangements are gradually being abolished, resulting in families having urgent needs of domestic workers to take care of their young children.\n\n#DomesticWorkers #Employment #WorkFromHome \n\nhttps://t.co/nfhMZzZAQ4","possibly_sensitive":false,"id":"1439887395587956740"},{"created_at":"2021-09-20T09:40:08.000Z","author_id":"89955122","lang":"en","source":"SocialOomph","text":"\uD83D\uDCB8   #onlinebusiness  Turn Your Writing Into Cash. Get Paid To Write Short Articles, Blog Posts From The Comfort Of Your Home: \n\n---&gt;  recommended \uD83D\uDCBB\uD83D\uDCB0 system : https://t.co/fq0y0DsBYx\n\n#writingjobs #workfromhome  Via: https://t.co/zG1rXGLUEw https://t.co/cLCLwSWNFC","possibly_sensitive":false,"id":"1439887090674700293"},{"created_at":"2021-09-20T09:40:05.000Z","author_id":"313933091","lang":"en","source":"Twitter for iPhone","text":"Who has been recruiting lots of teachers since Sept? Magic Ears!What is going on with it? Magic Ears is growing!Who are you? Magic Hero! What are you doing?Believe it or not, $3 for this post.Join us now!#MagicEars#ESLonlineteaching#workfromhome https://t.co/LvVFy1zHmS https://t.co/1bbMcURRds","possibly_sensitive":true,"id":"1439887075428519936"},{"created_at":"2021-09-20T09:39:34.000Z","author_id":"2278918202","lang":"en","referenced_tweets":[{"type":"retweeted","id":"1439886916183379969"}],"source":"Twitter Web App","text":"RT @IDCMEA: #Reskilling, #upskilling or letting go off the employees #workfromhome #workfromanywhere #online | Dr. Jihad Mohaidat, @HCT_UAE…","possibly_sensitive":false,"id":"1439886946159955969"},{"created_at":"2021-09-20T09:39:27.000Z","author_id":"2662468872","lang":"en","source":"Twitter Web App","text":"#Reskilling, #upskilling or letting go off the employees #workfromhome #workfromanywhere #online | Dr. Jihad Mohaidat, @HCT_UAE with William Braun, @Chevron Corporation (USA) | Vipin Gupta, @ToyotaFinancial Services (USA) &amp; Louise van der Bank, @AfriSam #IDCQATARCIO https://t.co/V0GrBUnLpU","possibly_sensitive":false,"id":"1439886916183379969"},{"created_at":"2021-09-20T09:36:55.000Z","author_id":"1433017105784336386","lang":"en","source":"Twitter Web App","text":"\uD835\uDE3F\uD835\uDE64 \uD835\uDE54\uD835\uDE64\uD835\uDE6A \uD835\uDE47\uD835\uDE5E\uD835\uDE60\uD835\uDE5A \uD835\uDE69\uD835\uDE5D\uD835\uDE5E\uD835\uDE68 \uD835\uDE52\uD835\uDE64\uD835\uDE67\uD835\uDE60\uD835\uDE5E\uD835\uDE63\uD835\uDE5C \uD835\uDE4B\uD835\uDE61\uD835\uDE56\uD835\uDE58\uD835\uDE5A \uD835\uDE44\uD835\uDE63\uD835\uDE69\uD835\uDE5A\uD835\uDE67\uD835\uDE5E\uD835\uDE64\uD835\uDE67 \uD835\uDE56\uD835\uDE69 \uD835\uDE43\uD835\uDE64\uD835\uDE62\uD835\uDE5A?\nClick the link below to watch full home at YouTube \uD83D\uDC47\nhttps://t.co/0CrDb7eZ3f\n#designer #interior #WorkFromHome https://t.co/89u5STOVnn","possibly_sensitive":false,"id":"1439886278007222280"},{"created_at":"2021-09-20T09:35:33.000Z","author_id":"715120721668784128","lang":"en","source":"Twitter for Android","text":"This is the most exciting thing that has happened whilst working from home #WorkFromHome #workingfromhome https://t.co/K7C9N6rgYF","possibly_sensitive":false,"id":"1439885933848010752"},{"created_at":"2021-09-20T09:35:29.000Z","author_id":"770624729300529152","lang":"mr","referenced_tweets":[{"type":"retweeted","id":"1439879767143059458"}],"source":"Twitter for iPhone","text":"RT @mataonline: स्टडी किंवा वर्क फ्रॉम होमसाठी बेस्ट लॅपटॉप खरेदी करायचाय?, पाहा बेस्ट ऑप्शन्स\n\n#WorkFromHome #laptops #onlineclasses\n\nhttp…","possibly_sensitive":false,"id":"1439885919276916739"},{"created_at":"2021-09-20T09:33:28.000Z","author_id":"1318429401562963968","lang":"en","referenced_tweets":[{"type":"retweeted","id":"1439881694127984640"}],"source":"Twitter","text":"RT @addy_fu: Chair ELLY - new design full mesh chair\n \n#moderndesign #OfficeSpace #workspace #furnituredesign #officefurniture #manufacture…","possibly_sensitive":false,"id":"1439885411560660992"},{"created_at":"2021-09-20T09:31:50.000Z","author_id":"1339577052433944577","lang":"en","referenced_tweets":[{"type":"retweeted","id":"1439880778360442882"}],"source":"Twitter","text":"RT @WantRemoteJob: New #remote #job Community Facilitator, Movement Strategy and Governance - Japanese Language (Contractor, 20 hrs/week) a…","possibly_sensitive":false,"id":"1439884999424098311"},{"created_at":"2021-09-20T09:31:30.000Z","author_id":"1087975080729165824","lang":"en","referenced_tweets":[{"type":"retweeted","id":"1439881694127984640"}],"source":"MyCoWork Bot","text":"RT @addy_fu: Chair ELLY - new design full mesh chair\n \n#moderndesign #OfficeSpace #workspace #furnituredesign #officefurniture #manufacture…","possibly_sensitive":false,"id":"1439884915722625026"},{"created_at":"2021-09-20T09:30:44.000Z","author_id":"3259891202","lang":"th","referenced_tweets":[{"type":"retweeted","id":"1439880325144793090"}],"source":"Twitter for iPhone","text":"RT @BlockditApp: ทำงานอยู่บ้านเพลินๆ กินวันละ 3 แก้วแบบลืมตัว มาเช็กกันหน่อย ในหนึ่งวันโดนกันไปคนละกี่แคลฯ\n\n[อยู่เย็นเป็นสุข]\n\nhttps://t.co…","possibly_sensitive":false,"id":"1439884724223164424"},{"created_at":"2021-09-20T09:30:07.000Z","author_id":"764914379267665922","lang":"en","referenced_tweets":[{"type":"retweeted","id":"1244557508875821056"}],"source":"SocialBee.io v2","text":"RT @PhoneBounce: Run Marketing campaigns and get better ROI with https://t.co/bvhy9wIJ4H\n\n#PhoneBounce #WorkFromHome #Startup #VoIP #busine…","possibly_sensitive":false,"id":"1439884568694337539"},{"created_at":"2021-09-20T09:27:42.000Z","author_id":"1246361389553180674","lang":"en","source":"Twitter Web App","text":"Home or office, we are sure #MondayBlues will kick in irrespective! \uD83E\uDD26\uD83C\uDFFB‍♀️\nLet us know in the comments ⬇️\n\n#ParleProducts  #ParleFamily #Parle2020 #2020Cookies #Cookies #Cashew #Butter #CashewCookies #ButterCookies #Buttery #Snacks #Goodness #WorkFromHome #WorkFromOffice #Work https://t.co/GEZNkqH0zG","possibly_sensitive":false,"id":"1439883960520040449"},{"created_at":"2021-09-20T09:25:36.000Z","author_id":"1260038539972014083","lang":"en","source":"Twitter Web App","text":"Online Social Media Jobs That Pay $25 - $50 Per Hour. No Experience Required. Work At Home. check it out here\uD83D\uDC49 https://t.co/6s5jX8yaX3            #jobs #work #onlinejobs #socialmedia #workfromhome #money","possibly_sensitive":false,"id":"1439883432293658629"},{"created_at":"2021-09-20T09:22:49.000Z","author_id":"111882414","lang":"en","referenced_tweets":[{"type":"retweeted","id":"1439865980935675906"}],"source":"Twitter for iPhone","text":"RT @usewerk: Monday is always stress-free for people working remotely \uD83E\uDD73\uD83D\uDE0B\n\n#remotework #WorkFromHome #mondaythoughts https://t.co/GUBJJ480Fs","possibly_sensitive":false,"id":"1439882733216534529"},{"created_at":"2021-09-20T09:22:37.000Z","author_id":"1346335136137191427","lang":"en","source":"Twitter for Android","text":"1 day over...4 more days then its weekend again aja! Can do this!\uD83D\uDCAA\uD83D\uDCAA\uD83D\uDCAA #workfromhome diaries","possibly_sensitive":false,"id":"1439882679147585538"},{"created_at":"2021-09-20T09:19:20.000Z","author_id":"1160162992983400448","lang":"en","source":"Twitter","text":"92% companies gave an increment at an average of 8 percent: Deloitte Survey 2021\n#corporate #Deloitte #IndianEconomy #Workfromhome\nvia @businessupturn\nhttps://t.co/44kuWsOhWa","possibly_sensitive":false,"id":"1439881853461307395"},{"created_at":"2021-09-20T09:18:49.000Z","author_id":"1195081084230414339","lang":"en","source":"Hootsuite Inc.","text":"Senior Android Engineer at Livefront (Minneapolis, MN) (allows remote) https://t.co/bWlrcupDyA #remotejobs #jobs #nomad #workfromhome #digitalnomad #newjobs","possibly_sensitive":false,"id":"1439881722691194883"},{"created_at":"2021-09-20T09:18:42.000Z","author_id":"1321750627441991680","lang":"en","source":"Twitter Web App","text":"Chair ELLY - new design full mesh chair\n \n#moderndesign #OfficeSpace #workspace #furnituredesign #officefurniture #manufacturers #chair #officechairs #interiordesign #WorkFromHome #homeoffice #homefurniture #officedesign #Ergonomics https://t.co/SlvEpldtkq","possibly_sensitive":false,"id":"1439881694127984640"},{"created_at":"2021-09-20T09:15:32.000Z","author_id":"3198037787","lang":"en","referenced_tweets":[{"type":"retweeted","id":"1438578557454884871"}],"source":"Twitter Web App","text":"RT @LINKHealthGroup: We're hiring! #LINKHealthGroup is a rapidly expanding #MedComms network and we’re looking for a US-based Scientific Se…","possibly_sensitive":false,"id":"1439880897818419202"},{"created_at":"2021-09-20T09:15:24.000Z","author_id":"3198037787","lang":"en","referenced_tweets":[{"type":"retweeted","id":"1437491356784599048"}],"source":"Twitter Web App","text":"RT @LINKHealthGroup: Calling all US-based Senior #MedicalWriters! Our rapidly-growing #MedComms network is searching for talented people to…","possibly_sensitive":false,"id":"1439880863165132804"},{"created_at":"2021-09-20T09:15:14.000Z","author_id":"3198037787","lang":"en","referenced_tweets":[{"type":"retweeted","id":"1434954618342199300"}],"source":"Twitter Web App","text":"RT @LINKHealthGroup: We're hiring! #LINKHealthGroup is a rapidly expanding #MedComms network and we’re looking for a US-based Scientific Se…","possibly_sensitive":false,"id":"1439880822111277059"},{"created_at":"2021-09-20T09:15:09.000Z","author_id":"40591485","lang":"en","referenced_tweets":[{"type":"retweeted","id":"1439880778360442882"}],"source":"Twitter","text":"RT @WantRemoteJob: New #remote #job Community Facilitator, Movement Strategy and Governance - Japanese Language (Contractor, 20 hrs/week) a…","possibly_sensitive":false,"id":"1439880800250511360"},{"created_at":"2021-09-20T09:15:08.000Z","author_id":"3198037787","lang":"en","referenced_tweets":[{"type":"retweeted","id":"1433142673079218177"}],"source":"Twitter Web App","text":"RT @LINKHealthGroup: Calling all US-based Senior #MedicalWriters! Our rapidly-growing #MedComms network is searching for talented people to…","possibly_sensitive":false,"id":"1439880797822062598"},{"created_at":"2021-09-20T09:15:03.000Z","author_id":"890543333386354688","lang":"en","source":"WantRemote","text":"New #remote #job Community Facilitator, Movement Strategy and Governance - Japanese Language (Contractor, 20 hrs/week) at @wikipedia\nhttps://t.co/h5kcDDAfbi\n#remotework #vacancy #remotejob #hiring #workfromhome","possibly_sensitive":false,"id":"1439880778360442882"},{"created_at":"2021-09-20T09:14:59.000Z","author_id":"3198037787","lang":"en","referenced_tweets":[{"type":"retweeted","id":"1430605965376868352"}],"source":"Twitter Web App","text":"RT @LINKHealthGroup: We're hiring! #LINKHealthGroup is a rapidly expanding #MedComms network and we’re looking for a US-based Scientific Se…","possibly_sensitive":false,"id":"1439880760538931201"},{"created_at":"2021-09-20T09:14:20.000Z","author_id":"983406332278587393","lang":"th","referenced_tweets":[{"type":"retweeted","id":"1439880325144793090"}],"source":"Twitter Web App","text":"RT @BlockditApp: ทำงานอยู่บ้านเพลินๆ กินวันละ 3 แก้วแบบลืมตัว มาเช็กกันหน่อย ในหนึ่งวันโดนกันไปคนละกี่แคลฯ\n\n[อยู่เย็นเป็นสุข]\n\nhttps://t.co…","possibly_sensitive":false,"id":"1439880598189789186"},{"created_at":"2021-09-20T09:13:27.000Z","author_id":"903212286260760576","lang":"en","source":"SocialOomph","text":"Nearly two years on, working from my dining room table hasn't always been smooth sailing - The Reality of Being a Work From Home Parent https://t.co/6mZtSdt7Dt blogger #bloggingtips #workingparent #workfromhome #freelance #amwriting","possibly_sensitive":false,"id":"1439880375300407298"},{"created_at":"2021-09-20T09:13:15.000Z","author_id":"1220659726616104961","lang":"th","source":"TweetDeck","text":"ทำงานอยู่บ้านเพลินๆ กินวันละ 3 แก้วแบบลืมตัว มาเช็กกันหน่อย ในหนึ่งวันโดนกันไปคนละกี่แคลฯ\n\n[อยู่เย็นเป็นสุข]\n\nhttps://t.co/7YskHWvsgb\n\n#WorkFromHome https://t.co/hNJaPUQfBq","possibly_sensitive":false,"id":"1439880325144793090"},{"created_at":"2021-09-20T09:12:27.000Z","author_id":"96555065","lang":"en","source":"Twitter for iPhone","text":"If I had to pick one workout from @justinagustin to do over and over again, it would be seated upper body, (Day 6). Great for back, neck, shoulders and core - all the things affected from sitting at your desk all day. #WorkFromHome #exercise #workoutmotivation","possibly_sensitive":false,"id":"1439880120953606146"},{"created_at":"2021-09-20T09:11:49.000Z","author_id":"1202221488","lang":"en","source":"FRW bot","text":"HIRING: Senior Data Scientist / Remote job - https://t.co/AxMbuMnLhk #FRW #remote #remotework #remoteworking #remotejobs #workanywhere #wfh #workfromhome #hiringnow #jobsearch #jobhunt #goremote #AWS #Build #Data #MySQL #NLP #PostgreSQL #Product #Python #Scrum #SQL","possibly_sensitive":false,"id":"1439879964371869698"},{"created_at":"2021-09-20T09:11:02.000Z","author_id":"171880832","lang":"mr","source":"Twitter Web App","text":"स्टडी किंवा वर्क फ्रॉम होमसाठी बेस्ट लॅपटॉप खरेदी करायचाय?, पाहा बेस्ट ऑप्शन्स\n\n#WorkFromHome #laptops #onlineclasses\n\nhttps://t.co/gDzF2FhP5r","possibly_sensitive":false,"id":"1439879767143059458"},{"created_at":"2021-09-20T09:11:02.000Z","author_id":"1202221488","lang":"en","source":"FRW bot","text":"HIRING: Middle/Senior Golang Developer / Remote job - https://t.co/k6qQrmb6hM #FRW #remote #remotework #remoteworking #remotejobs #workanywhere #wfh #workfromhome #hiringnow #jobsearch #jobhunt #goremote #API #APIs #AWS #Docker #Excel #Postgres","possibly_sensitive":false,"id":"1439879765809303554"},{"created_at":"2021-09-20T09:10:23.000Z","author_id":"1401572432767488003","lang":"en","referenced_tweets":[{"type":"replied_to","id":"1439836785421471748"}],"source":"Twitter Web App","in_reply_to_user_id":"1373825712235352064","text":"@NFTupdate Always on! #WorkFromHome","possibly_sensitive":false,"id":"1439879600369242112"},{"created_at":"2021-09-20T09:10:22.000Z","author_id":"824800466462601216","lang":"en","referenced_tweets":[{"type":"retweeted","id":"1439778842521001987"}],"source":"Twitter Web App","text":"RT @BSNL_RJ: Bring Data's mega highway to your doorstep.\nOpt for  #BSNL #Bharat_Fiber #Plan #SuperStar1\n#WorkFromHome \n#OnlineClasses \n#Bus…","possibly_sensitive":false,"id":"1439879596208390146"},{"created_at":"2021-09-20T09:10:13.000Z","author_id":"1100703099222540288","lang":"en","source":"Twitter Web App","text":"\uD83D\uDC4DgoFLUENT Philippines Inc. are now hiring an Online English Teacher (Home-Based)\n\nFully remote! Based in \uD83C\uDDF5\uD83C\uDDED Philippines\n\nhttps://t.co/2hftKFeFro\n\n#remote #Mac #Writing #Windows #Workfromhome #job #remotework #remotejobs","possibly_sensitive":false,"id":"1439879558333751299"},{"created_at":"2021-09-20T09:09:31.000Z","author_id":"2604645022","lang":"en","referenced_tweets":[{"type":"retweeted","id":"1439635267040776194"}],"source":"Twitter Web App","text":"RT @CoolMustHaves: Best Online Business Ideas for 2020 - Affiliate Working Online - https://t.co/Pf0HJ2HBrL #onlinebusiness #workfromhome h…","possibly_sensitive":false,"id":"1439879382970077186"},{"created_at":"2021-09-20T09:04:10.000Z","author_id":"1051649960","lang":"en","referenced_tweets":[{"type":"retweeted","id":"1439877569852030976"}],"source":"twitter-bot-fab","text":"RT @TechjobApp: \uD83D\uDCE3 #JobAlert\n\n\uD83E\uDDD1‍\uD83D\uDCBB Intermediate in #python and #django\n\uD83C\uDFD9️ Integer Consulting\n\uD83E\uDE99 $1,487 / m\n\uD83C\uDFE0 #WorkFromHome – Remote\n\nApply now…","possibly_sensitive":false,"id":"1439878035994521600"},{"created_at":"2021-09-20T09:04:06.000Z","author_id":"3580621157","lang":"en","source":"makemoneyzp","text":"Check this out FREE EARN $700 IN 60 SECONDS https://t.co/iBY98vHHHf #workathome #workfromhome #homebusiness #internetmarketing #onlinejobs #makemoneyonline","possibly_sensitive":false,"id":"1439878021255729154"},{"created_at":"2021-09-20T09:03:39.000Z","author_id":"2229722131","lang":"en","source":"Twitter for Android","text":"Morning! Training course for the new protocol in video conference (why the hell they make more and more complicated programs) with the Director with the voice of a duck and a colleague with the video open but he has forgotten his t-shirt! #WorkFromHome https://t.co/0QbZl2Qqwr","possibly_sensitive":false,"id":"1439877906487029760"},{"created_at":"2021-09-20T09:02:57.000Z","author_id":"1425104376511750158","lang":"en","source":"Twitter Web App","text":"Come through with that Boss mentality and take over the week! But first? Drip-drip that Nox and take your daily vites! \uD83D\uDE09\n\nLet your hair represent!\n#Monday #mondayvibes #mondaymotivation #work #workfromhome #motivationalquotes #MotivationMonday  #bosslady #mondaymood #focused https://t.co/aI3M47eDuq","possibly_sensitive":false,"id":"1439877730737213444"},{"created_at":"2021-09-20T09:02:32.000Z","author_id":"879634947132280834","lang":"und","referenced_tweets":[{"type":"quoted","id":"1439862557532049416"}],"source":"IFTTT","text":"RT https://t.co/abW9MC3YxX #wifi #wifiextender #tplink #dlink #tenda #digisol #asus #hparuba #ubiquiti #ruckus #commscope #netgear #workfromhome #studyfromhome #covid19 #linksys #ipl #mumbaiin… https://t.co/L2XneUHGDv","possibly_sensitive":false,"id":"1439877627939012609"},{"created_at":"2021-09-20T09:02:24.000Z","author_id":"40591485","lang":"en","referenced_tweets":[{"type":"retweeted","id":"1439877569852030976"}],"source":"Twitter","text":"RT @TechjobApp: \uD83D\uDCE3 #JobAlert\n\n\uD83E\uDDD1‍\uD83D\uDCBB Intermediate in #python and #django\n\uD83C\uDFD9️ Integer Consulting\n\uD83E\uDE99 $1,487 / m\n\uD83C\uDFE0 #WorkFromHome – Remote\n\nApply now…","possibly_sensitive":false,"id":"1439877591796752384"},{"created_at":"2021-09-20T09:02:18.000Z","author_id":"1387132635613433857","lang":"en","source":"Twitter","text":"\uD83D\uDCE3 #JobAlert\n\n\uD83E\uDDD1‍\uD83D\uDCBB Intermediate in #python and #django\n\uD83C\uDFD9️ Integer Consulting\n\uD83E\uDE99 $1,487 / m\n\uD83C\uDFE0 #WorkFromHome – Remote\n\nApply now! https://t.co/VAzZJwcDoN\n\n#hiring #jobs #technology #software","possibly_sensitive":false,"id":"1439877569852030976"},{"created_at":"2021-09-20T09:01:39.000Z","author_id":"74073571","lang":"en","source":"IFTTT","text":"learn about how you can make money online on this interesting training i just watched https://t.co/3wMlHWyav0 … … … #workfromhome #makemoneyonline #makemoneyfromhome https://t.co/5iUZA7cHTW","possibly_sensitive":false,"id":"1439877403615113219"},{"created_at":"2021-09-20T09:01:26.000Z","author_id":"194523073","lang":"en","source":"LaterMedia","text":"A closeup look on the details of our chosen power shirt this lovely Monday morning \uD83E\uDDD0\n\nFeaturing the Cherie shirt\n\n#TheShirtCompany #TSC #whiteshirt #womensshirt #workshirts #fashion #style #workfromhome #deservetobefound #localbusiness #ukbusiness #smallbusiness https://t.co/bRZK3dSsEL","possibly_sensitive":false,"id":"1439877348862664707"},{"created_at":"2021-09-20T09:01:25.000Z","author_id":"2822593816","lang":"en","source":"IFTTT","text":"Learn How John Derick is Turning $5 into $318.6​ in 20 Hours with CPA marketing https://t.co/tkCedWKRmN\n\n#WorkFromHome  #CPA #cpamarketing #MARKETING #digitalmarketing #digitalmarketer #CPATRICKS #WORK #JobSeekersSA #Jobs #jobseekers #jobsearch #JobsUAE https://t.co/9VagLaDDD2","possibly_sensitive":false,"id":"1439877346807275525"},{"created_at":"2021-09-20T09:00:55.000Z","author_id":"1387132635613433857","lang":"en","source":"Twitter","text":"\uD83D\uDCE3 #JobAlert\n\n\uD83E\uDDD1‍\uD83D\uDCBB Senior in #java and #servlet\n\uD83C\uDFD9️ Hexis Technology Hub\n\uD83E\uDE99 $3,303 / m\n\uD83C\uDFE0 #WorkFromHome – Remote\n\nApply now! https://t.co/MUb2w68Z2X\n\n#hiring #jobs #technology #software","possibly_sensitive":false,"id":"1439877221506633732"},{"created_at":"2021-09-20T09:00:54.000Z","author_id":"2836285395","lang":"en","source":"Hootsuite Inc.","text":"Let's grow your skill with the @Surejobz App. SIGN UP NOW!\n\n#Freelancing #FreelanceLife #WorkFromHome #SurejobzApp https://t.co/4un8bclMpU","possibly_sensitive":false,"id":"1439877214196146176"},{"created_at":"2021-09-20T09:00:29.000Z","author_id":"538992792","lang":"en","source":"Hootsuite Inc.","text":"Inbound Customer Service Advisor- Banking @Concentrix\n\nApply here: https://t.co/FueR35Zcvx\n\n#WorkFromHome https://t.co/YO1tP6PaBh","possibly_sensitive":false,"id":"1439877109439139840"},{"created_at":"2021-09-20T09:00:08.000Z","author_id":"165383349","lang":"en","source":"Hootsuite Inc.","text":"We answered all of your FAQs on the tax considerations that come with building a garden office. Read more below! \n\nhttps://t.co/f0iGsFLShZ\n\n#gardenoffice #taxconsiderations #accountingadvice #FAQs #homeoffice #homeworking #workfromhome https://t.co/jlKqoxgekM","possibly_sensitive":false,"id":"1439877024127066112"},{"created_at":"2021-09-20T09:00:03.000Z","author_id":"74073571","lang":"en","source":"IFTTT","text":"get paid to be online https://t.co/EdDMmQmvo0 #workfromhome #makemoneyonline https://t.co/Goqok0VPXz","possibly_sensitive":false,"id":"1439877000064380928"},{"created_at":"2021-09-20T08:58:59.000Z","author_id":"1438728711788896258","lang":"en","source":"Twitter Web App","text":"Astrology Consultation by AstroGopi Whatsapp 7305860061 https://t.co/40cA8gFWRI\n\nLike our fb page \nhttps://t.co/heWbuk67Xv\n#astrology #motivation #MotivationMonday #WorkFromHome #Bangalore #Chennai #Mumbai #Hyderabad #Coimbatore #goodmorning #business","possibly_sensitive":false,"id":"1439876733465886720"},{"created_at":"2021-09-20T08:58:50.000Z","author_id":"1573381716","lang":"en","referenced_tweets":[{"type":"retweeted","id":"1439874736285175808"}],"source":"jw-twitter-bot","text":"RT @GermanTechJobs: Are you looking for a fully remote \uD83C\uDFD6️ role? Check this one:\n \nbannerstop GmbH is hiring for the Web/PHP Entwickler*in*…","possibly_sensitive":false,"id":"1439876694387658754"},{"created_at":"2021-09-20T08:58:14.000Z","author_id":"80243600","lang":"en","geo":{"place_id":"25360dd906b4b627"},"source":"Twitter for Android","text":"The feeling when I  accidentally open my work email app on weekends \uD83D\uDE02\uD83D\uDE02\uD83D\uDE02 #WorkFromHome #work https://t.co/ExljtJfnmP","possibly_sensitive":false,"id":"1439876545955332100"},{"created_at":"2021-09-20T08:57:31.000Z","author_id":"16171654","lang":"und","referenced_tweets":[{"type":"retweeted","id":"1439608024369303553"}],"source":"Twitter Web App","text":"RT @BlockditApp: รู้จัก Burnout Boreout Brownout ภาวะเบื่องาน ที่คนยุคนี้กำลังเผชิญ\n\n[THE BRIEFCASE]\n\nhttps://t.co/SMrzCrObUg\n\n#WorkFromHom…","possibly_sensitive":false,"id":"1439876364996255748"},{"created_at":"2021-09-20T08:57:06.000Z","author_id":"56621901","lang":"en","source":"homebusinesszz","text":"A video about FREE GET PAID $700 IN MINUTES https://t.co/Px8zqXUEqZ #workathome #workfromhome #homebusiness #internetmarketing #onlinejobs #makemoneyonline","possibly_sensitive":false,"id":"1439876258452672512"},{"created_at":"2021-09-20T08:53:00.000Z","author_id":"1405209435782324224","lang":"en","source":"TweetDeck","text":"Learn one beautiful new international word today! Follow for a daily inspirational word.\nhttps://t.co/LMCCIChFWK\n#words #indianwriters #workfromhome #quotes #wordsofwisdom #quotestagram #quotesaboutlife #talent #writerscommunity #instagood #daily #poetrycommunity #LifeLessons https://t.co/3rk1sYB1Tu","possibly_sensitive":false,"id":"1439875226410618881"},{"created_at":"2021-09-20T08:52:35.000Z","author_id":"762959832810795008","lang":"en","referenced_tweets":[{"type":"retweeted","id":"1439778842521001987"}],"source":"Twitter for Android","text":"RT @BSNL_RJ: Bring Data's mega highway to your doorstep.\nOpt for  #BSNL #Bharat_Fiber #Plan #SuperStar1\n#WorkFromHome \n#OnlineClasses \n#Bus…","possibly_sensitive":false,"id":"1439875123025117188"},{"created_at":"2021-09-20T08:52:05.000Z","author_id":"1181867531663020032","lang":"en","source":"Sendible","text":"Learn Matched Betting Online Easily | Profit Accumulator https://t.co/TEjA8n5dcf \n\nJust follow the simple steps.\n\n#FREE   #Money   #WorkFromHome https://t.co/UTpb3ktvLD","possibly_sensitive":false,"id":"1439874995602305026"},{"created_at":"2021-09-20T08:51:03.000Z","author_id":"1253050714454097920","lang":"en","source":"Ayrshare","text":"Are you looking for a fully remote \uD83C\uDFD6️ role? Check this one:\n \nbannerstop GmbH is hiring for the Web/PHP Entwickler*in* role\n \n⚙️ Technologies: #CSS #Composer #Docker #Git #GitHub #JIRA\n \nTake your chance: https://t.co/9iB5UXXagy\n \n#Remote #WorkFromHome #GermanTechJobs","possibly_sensitive":false,"id":"1439874736285175808"},{"created_at":"2021-09-20T08:49:57.000Z","author_id":"1118370022592851969","lang":"en","source":"SocialOomph","text":"Motivation is what gets you started.\nHabit is what keeps you going. \n- Jim Ryun\n#habit #yoga #success #health #women #workfromhome #entrepreneur #networkmarketing #affiliatemarketing https://t.co/EEUsQJOSWD","possibly_sensitive":false,"id":"1439874458039226369"},{"created_at":"2021-09-20T08:49:09.000Z","author_id":"883522079101902850","lang":"en","source":"IFTTT","text":"CONTROVERSIAL VIDEO REVEALS How To Make BIG Profits From Trading Penny Cryptocurrencies! Join https://t.co/7eH81LjCtM #workfromhome #earnonline #makemoneyonline #usa https://t.co/nwaW6oZwp0","possibly_sensitive":false,"id":"1439874260135256067"},{"created_at":"2021-09-20T08:48:20.000Z","author_id":"23340858","lang":"en","source":"SocialOomph","text":"How To Make Money with Passive Income Online 2020 \nhttps://t.co/7kDKVygces #makemoneyonline #WorkFromHome #passiveincomeideas #BestOnlineBusinesses #Shopify #AffiliateMarketing #MakeMoneyFromHome #OnlineBusiness #Dropshipping #SideHustles","possibly_sensitive":false,"id":"1439874053234434048"},{"created_at":"2021-09-20T08:47:55.000Z","author_id":"1195081084230414339","lang":"en","source":"Hootsuite Inc.","text":"Senior Front-End Developer at Jibble () (allows remote) https://t.co/JwOid71qZ0 #remotejobs #jobs #nomad #workfromhome #digitalnomad #newjobs","possibly_sensitive":false,"id":"1439873946761973760"},{"created_at":"2021-09-20T08:47:35.000Z","author_id":"1365709008","lang":"en","source":"Twitter for iPhone","in_reply_to_user_id":"570677817","text":"@NammaBESCOM frequent power cut like every 2 mins since 11am in Banjara Layout, Horamavu Agara! What is the reason behind the power cut! Why is it happening every 2 mins.   #bescom #powercut #workfromhome","possibly_sensitive":false,"id":"1439873864125743105"},{"created_at":"2021-09-20T08:46:51.000Z","author_id":"1418506364691705856","lang":"en","source":"Zoho Social","text":"Start earning online from the comforts of your home.\n\nAlways Online?\n\nHave this opportunity to earn a living at the comfort of your home.\n\nBecome a Business Associate with #SaralTechies and earn more money online.\n\nKnow More https://t.co/UcIH0gHUv4  \n\n#WorkFromHome  #earnmoney https://t.co/ELDClGRfhT","possibly_sensitive":false,"id":"1439873681698611203"},{"created_at":"2021-09-20T08:46:07.000Z","author_id":"2532241998","lang":"und","source":"Twitter for Android","text":"Coffee &amp; cake time...:)\uD83D\uDE0A\uD83D\uDE0E\n*dalje samo radno...#WorkFromHome #MondayMotivation https://t.co/WWyI7dqHva","possibly_sensitive":false,"id":"1439873495454949377"},{"created_at":"2021-09-20T08:45:57.000Z","author_id":"949231778010722304","lang":"en","source":"Twitter Web App","text":"Always remember your WHY ☝\uD83C\uDFFB\n\n#thevacoach #trainingforvirtualassistants #coach #mentor #vawebsitedesigner #websitedesign #fempreneur #entrepreneur #southafricanbusiness #femaleentrepreneur #smallbusiness #melissanicholson #onlinebusiness #workfromhome #workfromhomemom #remotework https://t.co/BNFNbyrEej","possibly_sensitive":false,"id":"1439873451389595650"},{"created_at":"2021-09-20T08:45:03.000Z","author_id":"168435164","lang":"en","referenced_tweets":[{"type":"retweeted","id":"1439146060769812486"}],"source":"Twitter Web App","text":"RT @RoundGlassIndia: Remote work culture has been a big question mark for company leaders over the past year. What is a virtual company cul…","possibly_sensitive":false,"id":"1439873225899511810"},{"created_at":"2021-09-20T08:45:03.000Z","author_id":"890543333386354688","lang":"en","source":"WantRemote","text":"New #remote #job Community Facilitator, Movement Strategy and Governance - Japanese Language (Contractor, 20 hrs/week) at @wikipedia\nhttps://t.co/6TAbzsWPte\n#remotework #vacancy #remotejob #hiring #workfromhome","possibly_sensitive":false,"id":"1439873225081643009"},{"created_at":"2021-09-20T08:43:47.000Z","author_id":"1422502552604528642","lang":"en","source":"Twitter Web App","text":"Start earning online from the comforts of your home.\nAlways Online?\nHave this opportunity to earn a living at the comfort of your home.\nBecome a Business Associate with #SaralTechies and earn more money online.\nKnow Morehttps://ftlink.us/q40zug\n#WorkFromHome #BusinessAssociate https://t.co/bfEOfsR7UQ","possibly_sensitive":false,"id":"1439872906524200961"},{"created_at":"2021-09-20T08:41:47.000Z","author_id":"83556329","lang":"und","source":"Twitter for iPhone","text":"#musicatwork #workfromhome https://t.co/KY7UUdMg6k https://t.co/6OXqeU31Wt","possibly_sensitive":false,"id":"1439872403308433409"},{"created_at":"2021-09-20T08:39:12.000Z","author_id":"783257375457308672","lang":"en","referenced_tweets":[{"type":"retweeted","id":"1352051715005005824"}],"source":"Twitter Web App","text":"RT @cricketrose6: Work from home vibes! #WorkFromHome #tattoos #burlesque https://t.co/yLfDkqqLrZ","possibly_sensitive":false,"id":"1439871753346502656"},{"created_at":"2021-09-20T08:38:52.000Z","author_id":"19730414","lang":"en","referenced_tweets":[{"type":"retweeted","id":"1439146060769812486"}],"source":"Twitter Web App","text":"RT @RoundGlassIndia: Remote work culture has been a big question mark for company leaders over the past year. What is a virtual company cul…","possibly_sensitive":false,"id":"1439871669980499971"},{"created_at":"2021-09-20T08:37:50.000Z","author_id":"1112587432338161664","lang":"en","source":"Twitter Web App","text":"10 Steps to Achieving Work-Life Balance\n\n#WorkLifeBalance #entrepreneurlife #stressmanagement #workfromhome #mondaythoughts #yoga #MeditationMusic #india #NaturePhotography \n\nhttps://t.co/VLitLPDiP4","possibly_sensitive":true,"id":"1439871411804274688"},{"created_at":"2021-09-20T08:37:05.000Z","author_id":"1318429401562963968","lang":"en","referenced_tweets":[{"type":"retweeted","id":"1439854717383987200"}],"source":"Twitter","text":"RT @Officechairs6: Chair ELLY - new design full mesh chair\n \n#moderndesign #OfficeSpace #workspace #furnituredesign #officefurniture #manuf…","possibly_sensitive":false,"id":"1439871223870234624"},{"created_at":"2021-09-20T08:36:57.000Z","author_id":"1306668993403662344","lang":"en","source":"Twitter Web App","text":"The long term play maybe your best bet with crypto https://t.co/zspvIU27r5\n#workfromhome #work #jobs #job #jobseeker #jobsearch #jobseekerSA #makemoneyfromhome #makemoney #makemoneyonline #Crypto #cryptocurrencies #dogecoin #doge #DogecoinToTheMoon #StocksToBuy https://t.co/PuzddS7oJf","possibly_sensitive":false,"id":"1439871189619560449"},{"created_at":"2021-09-20T08:35:03.000Z","author_id":"1343458986100576260","lang":"en","source":"Agorapulse app","text":"Best Height Adjustable Standing Desk for Home or Office in 2021\n\nFor more: \n\n#stand #desk #adjust #asjustable #adjustablestand #deskstand #high #standing #height #monitorstand #laptopstand #riser #monitorriser #laptopriser #laptop #bestlaptop #workfromhome https://t.co/i9C6R41QTR","possibly_sensitive":false,"id":"1439870709086498817"},{"created_at":"2021-09-20T08:34:48.000Z","author_id":"1387683051522695168","lang":"en","source":"Twitter Web App","text":"How to Become a Top Influencer With a Powerful, Influential Blog #blog #bloggingtips #bloggers #blogging  #makemoneyonline #WorkFromHome #makemoneyonline #BeYourOwnHero #Believe #Help #book  https://t.co/f8DwCt69bM","possibly_sensitive":false,"id":"1439870645706399745"},{"created_at":"2021-09-20T08:31:47.000Z","author_id":"1308485792872849408","lang":"en","referenced_tweets":[{"type":"retweeted","id":"1439869603539267592"}],"source":"Bot Libre!","text":"RT @Workingnomad1: Senior Cloud Operations Engineer at PhysIQ Corp () (allows remote) https://t.co/HqVyTSwDgk #remotejobs #jobs #nomad #wor…","possibly_sensitive":false,"id":"1439869887325814784"},{"created_at":"2021-09-20T08:31:46.000Z","author_id":"1308485792872849408","lang":"ca","referenced_tweets":[{"type":"retweeted","id":"1439869614461181952"}],"source":"Bot Libre!","text":"RT @Workingnomad1: Senior DevOps Engineer at Techcyte, Inc. () (allows remote) https://t.co/aG4yTU9K5W #remotejobs #jobs #nomad #workfromho…","possibly_sensitive":false,"id":"1439869884167507971"},{"created_at":"2021-09-20T08:31:45.000Z","author_id":"1308485792872849408","lang":"en","referenced_tweets":[{"type":"retweeted","id":"1439869628507885580"}],"source":"Bot Libre!","text":"RT @Workingnomad1: Full Stack Java Developer at Lemonade Software Development (Barcelona, Spain) (allows remote) https://t.co/O6ssqNlKHG #r…","possibly_sensitive":false,"id":"1439869879285334024"},{"created_at":"2021-09-20T08:31:40.000Z","author_id":"1308485792872849408","lang":"en","referenced_tweets":[{"type":"retweeted","id":"1439867153818263556"}],"source":"Bot Libre!","text":"RT @StartUrOwnBiz: Thinking of starting an online business by having an Amazon . com FBA store? Here is a better alternative! Join https://…","possibly_sensitive":false,"id":"1439869860448817152"},{"created_at":"2021-09-20T08:31:39.000Z","author_id":"1308485792872849408","lang":"en","referenced_tweets":[{"type":"retweeted","id":"1439867175897124864"}],"source":"Bot Libre!","text":"RT @kokoshungsan: Sales Executive France (m/f/d) Construction Materials \nJob title: Sales Executive France (m/f... \nhttps://t.co/Pqr2wgFyaW…","possibly_sensitive":false,"id":"1439869854719397892"},{"created_at":"2021-09-20T08:30:45.000Z","author_id":"1195081084230414339","lang":"en","source":"Hootsuite Inc.","text":"Full Stack Java Developer at Lemonade Software Development (Barcelona, Spain) (allows remote) https://t.co/O6ssqNlKHG #remotejobs #jobs #nomad #workfromhome #digitalnomad #newjobs","possibly_sensitive":false,"id":"1439869628507885580"},{"created_at":"2021-09-20T08:30:42.000Z","author_id":"1195081084230414339","lang":"ca","source":"Hootsuite Inc.","text":"Senior DevOps Engineer at Techcyte, Inc. () (allows remote) https://t.co/aG4yTU9K5W #remotejobs #jobs #nomad #workfromhome #digitalnomad #newjobs","possibly_sensitive":false,"id":"1439869614461181952"},{"created_at":"2021-09-20T08:30:39.000Z","author_id":"1195081084230414339","lang":"en","source":"Hootsuite Inc.","text":"Senior Cloud Operations Engineer at PhysIQ Corp () (allows remote) https://t.co/HqVyTSwDgk #remotejobs #jobs #nomad #workfromhome #digitalnomad #newjobs","possibly_sensitive":false,"id":"1439869603539267592"},{"created_at":"2021-09-20T08:30:36.000Z","author_id":"1195081084230414339","lang":"en","source":"Hootsuite Inc.","text":"iOS / Swift Developer (Remote) at X-Team () (allows remote) https://t.co/Vh6Yo6NhlD #remotejobs #jobs #nomad #workfromhome #digitalnomad #newjobs","possibly_sensitive":false,"id":"1439869591438643205"},{"created_at":"2021-09-20T08:30:32.000Z","author_id":"1195081084230414339","lang":"en","source":"Hootsuite Inc.","text":"Senior Product Designer (UX/UI) for Leading Kids Coding Platform at Tynker () (allows remote) https://t.co/7SKGVhS1M9 #remotejobs #jobs #nomad #workfromhome #digitalnomad #newjobs","possibly_sensitive":false,"id":"1439869573956788225"},{"created_at":"2021-09-20T08:30:29.000Z","author_id":"1195081084230414339","lang":"en","source":"Hootsuite Inc.","text":"Senior Frontend Engineer (ES8/React/Redux/Saga) at https://t.co/azTMNDhrQv () (allows remote) https://t.co/I6DbJ53lgM #remotejobs #jobs #nomad #workfromhome #digitalnomad #newjobs","possibly_sensitive":false,"id":"1439869559062859777"},{"created_at":"2021-09-20T08:30:03.000Z","author_id":"1200330399102197761","lang":"en","referenced_tweets":[{"type":"retweeted","id":"1439869438409551875"}],"source":"DataScienceInfo","text":"RT @QAValley: Future Focused: The 2021 Cybersecurity Landscape\nhttps://t.co/fEcw0aZUMc   #CyberSecurity #COVID19 #WorkFromHome #CyberAttack…","possibly_sensitive":false,"id":"1439869453299163139"},{"created_at":"2021-09-20T08:30:00.000Z","author_id":"1409948898593021954","lang":"en","source":"Twitter","text":"Does working from home mean more people will retire early? https://t.co/Mq8wcoxj4j #earlyretirement #money #covid #workfromhome #homeworking #retirement","possibly_sensitive":false,"id":"1439869439072215040"},{"created_at":"2021-09-20T08:30:00.000Z","author_id":"3038333431","lang":"en","source":"Twitter Web App","text":"Future Focused: The 2021 Cybersecurity Landscape\nhttps://t.co/fEcw0aZUMc   #CyberSecurity #COVID19 #WorkFromHome #CyberAttack #Phishing #Ransomware #Data #ArtificialIntelligence #MachineLearning #Analytics #Cybercriminal #Databreaches #Cloud #QAcycle https://t.co/zCPjLQRe22","possibly_sensitive":false,"id":"1439869438409551875"},{"created_at":"2021-09-20T08:29:52.000Z","author_id":"1085864385547923456","lang":"en","source":"TweetDeck","text":"Multiple times power being snapped today in #AmbedkarNagar #Whitefield #Bengaluru \n\n#WorkFromHome impacted! \n\n@NammaBESCOM \n@BescomTa \n@BescomHelpline","possibly_sensitive":false,"id":"1439869406931161090"},{"created_at":"2021-09-20T08:28:45.000Z","author_id":"1405502581086900226","lang":"en","referenced_tweets":[{"type":"retweeted","id":"1439861702405738503"}],"source":"Twitter","text":"RT @TechjobApp: \uD83D\uDCE3 #JobAlert\n\n\uD83E\uDDD1‍\uD83D\uDCBB Senior in #angular and #prototype\n\uD83C\uDFD9️ Madiff\n\uD83E\uDE99 $2,190 / m\n\uD83C\uDFE0 #WorkFromHome – Remote\n\nApply now! https://t.co…","possibly_sensitive":false,"id":"1439869124662996992"},{"created_at":"2021-09-20T08:28:45.000Z","author_id":"1729193269","lang":"cs","referenced_tweets":[{"type":"retweeted","id":"1439643497083064342"}],"source":"My1stNewApp","text":"RT @mymoneytips: $250 Daily Formula: https://t.co/ahsMSj9hXl\n#earnmoneyonline #affiliatemarketing Onlinebusiness #onlinebiz #internetmarket…","possibly_sensitive":false,"id":"1439869124499447810"}],"meta":{"newest_id":"1439887560927502339","oldest_id":"1439869124499447810","result_count":100,"next_token":"b26v89c19zqg8o3fpdpa1df2280t3bnmk9oqpwngi8ol9"}}